0,
586911,
590277,
592350,
597766,
598043,
598408,
598493,
598739,
599244,
599430,
600908,
601438,
604118,
605057,
607971,
613937,
614123,
622719,
627547,
627928,
628063,
631642,
631794,
631895,
634760,
635758,
638478,
638508,
639418,
642141,
642691,
642797,
649249,
657574,
659955,
661589,
661936,
662062,
662385,
662510,
662623,
663291,
663506,
664289,
666032,
667304,
668987,
670191,
670739,
670876,
672826,
674789,
675091,
675681,
676143,
676679,
677071,
679043,
679192,
680032,
680213,
680463,
681115,
682736,
683789,
685353,
686090,
686092,
686964,
688108,
689912,
690130,
690644,
691573,
694321,
696284,
700057,
700537,
701507,
701871,
702401,
704244,
707598,
709382,
710058,
716615,
722716,
723758,
724089,
724251,
725907,
726150,
729844,
730412,
731569,
733422,
734035,
736627,
737840,
739724,
741121,
741446,
744370,
744790,
745164,
745186,
745590,
747100,
747736,
747738,
747788,
747829,
748036,
748057,
748134,
748334,
748664,
749654,
750083,
750307,
751495,
751938,
752010,
752452,
753113,
753237,
753474,
753540,
753985,
754350,
755310,
755997,
767121,
771158,
772559,
774138,
777870,
779153,
780666,
780735,
784800,
785637,
789233,
796415,
800564,
813241,
817081,
833795,
856196,
856957,
862124,
866781,
873154,
876363,
878315,
879727,
889198,
892652,
893636,
911099,
912948,
915427,
941087,
943321,
945583,
946285,
955271,
955908,
960471,
963223,
963798,
963885,
964531,
964612,
965715,
965963,
965967,
966251,
966369,
966865,
967537,
967864,
968727,
968936,
969058,
969962,
970001,
970234,
970601,
970774,
970840,
971261,
971687,
971771,
972488,
973163,
975351,
975616,
976596,
979947,
980265,
982490,
983550,
991270,
992097,
992474,
995441,
999811,
1001460,
1007420,
1008451,
1009416,
1011646,
1012404,
1016308,
1023984,
1027005,
1031304,
1033459,
1044429,
1048173,
1053948,
1054351,
1065750,
1068017,
1071030,
1072158,
1073323,
1076944,
1077275,
1081829,
1090953,
1092379,
1093191,
1095509,
1096101,
1096254,
1097294,
1098056,
1101717,
1102409,
1103778,
1107465,
1127119,
1132743,
1138901,
1153334,
1153662,
1159747,
1163196,
1166584,
1169509,
1177674,
1193528,
1202378,
1220003,
1221391,
1227579,
1227743,
1234974,
1241345,
1245178,
1248693,
1262802,
1262843,
1262947,
1265229,
1272093,
1274899,
1275671,
1282240,
1296544,
1299336,
1301830,
1307425,
1327687,
1331661,
1331970,
1373509,
1376937,
1381146,
1381793,
1384392,
1396051,
1397925,
1399857,
1400861,
1401168,
1401280,
1401338,
1401366,
1401441,
1401473,
1401997,
1404745,
1404854,
1404859,
1405023,
1405721,
1405745,
1406220,
1407927,
1410161,
1414581,
1414977,
1415303,
1418192,
1418548,
1428582,
1430649,
1431145,
1431434,
1434423,
1440347,
1440484,
1441721,
1444392,
1444630,
1447683,
1454704,
1464099,
1469572,
1472166,
1474795,
1475955,
1477679,
1478797,
1480296,
1480902,
1481442,
1481591,
1483764,
1484035,
1484036,
1484204,
1484281,
1484524,
1484714,
1484829,
1485276,
1485711,
1486192,
1487132,
1487865,
1489056,
1489669,
1491064,
1491857,
1492394,
1492555,
1492729,
1493435,
1495323,
1495484,
1496304,
1496417,
1497543,
1497768,
1497787,
1498167,
1498223,
1498946,
1499727,
1499867,
1499914,
1500137,
1500963,
1501696,
1501797,
1506647,
1507540,
1509035,
1509198,
1509800,
1510730,
1513092,
1514330,
1515138,
1516770,
1517274,
1518042,
1518070,
1518933,
1519117,
1519454,
1520053,
1522744,
1523501,
1523908,
1524229,
1524325,
1524702,
1525001,
1525111,
1525283,
1525654,
1527071,
1527151,
1527171,
1527180,
1527187,
1527308,
1527319,
1527381,
1529004,
1529525,
1531760,
1532141,
1532294,
1533031,
1534120,
1534295,
1534946,
1535129,
1535209,
1535488,
1535560,
1535718,
1535871,
1537764,
1538006,
1538759,
1539095,
1540449,
1540930,
1541021,
1541333,
1541386,
1541458,
1541510,
1543452,
1546022,
1546282,
1546499,
1546617,
1547015,
1547194,
1550649,
1551107,
1551566,
1551816,
1551976,
1552488,
1552885,
1552898,
1553946,
1554052,
1554082,
1554602,
1554632,
1554846,
1556089,
1556403,
1557553,
1557609,
1557649,
1558963,
1561326,
1561786,
1562013,
1562857,
1563653,
1563824,
1564039,
1565072,
1565121,
1565585,
1565634,
1566369,
1566680,
1566872,
1566995,
1567351,
1567899,
1567952,
1568594,
1568631,
1569339,
1569589,
1570048,
1570231,
1570412,
1570617,
1570797,
1571994,
1572281,
1572631,
1572836,
1573010,
1573370,
1573478,
1573488,
1573584,
1573590,
1573675,
1575766,
1575767,
1577648,
1577943,
1578245,
1580229,
1580674,
1580973,
1585655,
1586462,
1588843,
1593303,
1594820,
1601123,
1601942,
1602124,
1604211,
1605702,
1605708,
1606745,
1607863,
1608907,
1611627,
1613111,
1614061,
1615266,
1616586,
1616954,
1618529,
1618672,
1619261,
1619421,
1619829,
1620468,
1620537,
1621275,
1621763,
1622274,
1622399,
1623038,
1623128,
1623143,
1624114,
1625393,
1625426,
1625819,
1625820,
1626119,
1626142,
1626513,
1626626,
1626835,
1626842,
1627147,
1627215,
1628142,
1628938,
1629855,
1630158,
1630245,
1630479,
1630639,
1631171,
1631872,
1632115,
1632449,
1632543,
1635800,
1637339,
1639483,
1639561,
1639667,
1640205,
1640294,
1640674,
1640880,
1643672,
1644058,
1644123,
1644189,
1644677,
1645257,
1646487,
1646793,
1647475,
1647498,
1647511,
1647748,
1648003,
1648576,
1650762,
1651311,
1652356,
1653540,
1653687,
1653801,
1653953,
1654450,
1655362,
1655708,
1656053,
1656276,
1656474,
1656612,
1656637,
1656649,
1656832,
1657019,
1657431,
1657477,
1659629,
1660763,
1664982,
1667576,
1667854,
1668105,
1668967,
1669125,
1669798,
1670378,
1671793,
1672225,
1673480,
1674016,
1674084,
1678006,
1678449,
1680922,
1690100,
1692894,
1707446,
1710374,
1715805,
1718982,
1722188,
1727812,
1741217,
1747786,
1747815,
1748527,
1752922,
1752991,
1757632,
1776142,
1777762,
1786205,
1787789,
1788246,
1790547,
1792267,
1792318,
1795030,
1796818,
1797211,
1797736,
1799265,
1799682,
1803506,
1805106,
1805154,
1806392,
1807603,
1807671,
1810376,
1813649,
1813873,
1815402,
1816635,
1819122,
1821745,
1821764,
1822211,
1822991,
1825135,
1825241,
1825414,
1825443,
1825753,
1825906,
1826674,
1826701,
1826796,
1827498,
1827821,
1827856,
1827957,
1828344,
1828384,
1828634,
1828977,
1829343,
1829881,
1830085,
1830466,
1830748,
1831347,
1832174,
1832289,
1833585,
1835875,
1837663,
1839810,
1843823,
1846454,
1847053,
1849526,
1853592,
1854192,
1855100,
1856146,
1858359,
1860095,
1860268,
1864181,
1865437,
1865453,
1868372,
1869465,
1874577,
1880247,
1886236,
1888085,
1889304,
1891115,
1892731,
1899381,
1899632,
1907155,
1908957,
1908993,
1910848,
1914319,
1915470,
1916037,
1916740,
1916991,
1917641,
1920091,
1920364,
1920452,
1920570,
1920878,
1921150,
1922226,
1922396,
1922946,
1923086,
1923871,
1925123,
1927868,
1928139,
1928929,
1929348,
1929474,
1930523,
1930574,
1931881,
1932252,
1932739,
1933586,
1933882,
1934451,
1934964,
1935323,
1935745,
1935918,
1936024,
1936473,
1941062,
1947196,
1947348,
1948425,
1949078,
1949650,
1951413,
1955408,
1955499,
1956203,
1956690,
1974761,
1977158,
1977878,
1979557,
1980063,
1982090,
1983378,
1983576,
1985981,
1988549,
1989268,
1992331,
1992641,
1996949,
2000084,
2002228,
2004181,
2004611,
2006594,
2007601,
2010201,
2013755,
2016587,
2017889,
2019155,
2019346,
2019417,
2019584,
2019815,
2020477,
2021271,
2021272,
2021594,
2024223,
2024800,
2025859,
2026320,
2028525,
2029626,
2033815,
2034028,
2034147,
2036340,
2039060,
2039871,
2043004,
2044067,
2044449,
2045154,
2047040,
2047737,
2048005,
2050426,
2050520,
2056169,
2056789,
2057312,
2059824,
2061266,
2061444,
2061736,
2062482,
2063124,
2063763,
2064546,
2064638,
2065220,
2065737,
2065877,
2066136,
2066246,
2066484,
2066879,
2067098,
2067480,
2068379,
2068604,
2069378,
2069446,
2069494,
2071323,
2073026,
2073060,
2074443,
2074462,
2074679,
2074951,
2075393,
2075680,
2079542,
2081279,
2081661,
2081988,
2082003,
2083333,
2084598,
2085947,
2089791,
2089804,
2090197,
2090468,
2093370,
2093650,
2096719,
2096860,
2097184,
2097347,
2097361,
2097804,
2099048,
2099223,
2107791,
2116878,
2118144,
2120888,
2122990,
2123856,
2124594,
2126461,
2127675,
2127683,
2160421,
2161592,
2161775,
2162408,
2163154,
2164088,
2164474,
2164884,
2165439,
2165752,
2165965,
2166420,
2166496,
2171775,
2172758,
2172887,
2174028,
2174225,
2175644,
2176564,
2176693,
2180793,
2181960,
2183523,
2185096,
2185989,
2188829,
2189557,
2189881,
2193437,
2194379,
2199630,
2203241,
2218777,
2220405,
2222937,
2223043,
2224471,
2227971,
2230086,
2231631,
2232218,
2235393,
2235477,
2235793,
2235953,
2237226,
2241234,
2241285,
2241453,
2245703,
2246639,
2250286,
2254549,
2259507,
2264963,
2269933,
2271065,
2271800,
2272696,
2274838,
2299027,
2299468,
2299509,
2302308,
2310729,
2311077,
2311210,
2311359,
2311440,
2312421,
2318970,
2325611,
2326539,
2327355,
2327670,
2329643,
2331297,
2332254,
2339766,
2343452,
2345476,
2346253,
2346521,
2346895,
2346948,
2347362,
2347670,
2348827,
2349404,
2350190,
2352056,
2353441,
2354571,
2354578,
2354766,
2354847,
2354870,
2355096,
2355363,
2355522,
2355766,
2356197,
2356310,
2356917,
2358515,
2360863,
2363285,
2372769,
2373163,
2378371,
2380147,
2381648,
2385549,
2385759,
2390001,
2390459,
2390682,
2391036,
2391264,
2393405,
2401995,
2405099,
2405691,
2405822,
2409185,
2409962,
2410297,
2411375,
2412412,
2412645,
2414089,
2414605,
2414982,
2415080,
2415167,
2416306,
2417510,
2417600,
2418195,
2418200,
2419237,
2419817,
2420361,
2421725,
2423000,
2424011,
2425093,
2425299,
2425927,
2425991,
2426822,
2429333,
2429382,
2429774,
2430771,
2430788,
2431028,
2431841,
2432659,
2433933,
2434807,
2435464,
2435557,
2435619,
2436185,
2436412,
2437352,
2437575,
2437599,
2438433,
2439107,
2440287,
2441651,
2442201,
2443481,
2444821,
2445111,
2445522,
2446600,
2447130,
2448029,
2449019,
2449308,
2450949,
2452784,
2453315,
2453374,
2454180,
2454248,
2460291,
2461368,
2461466,
2461636,
2463369,
2463876,
2464736,
2465123,
2467937,
2470448,
2471589,
2475293,
2475324,
2475677,
2476137,
2476405,
2476918,
2477478,
2478038,
2478151,
2480821,
2481602,
2482386,
2484212,
2485844,
2486468,
2487223,
2489114,
2492196,
2492512,
2492576,
2496219,
2496590,
2497116,
2499450,
2499917,
2500107,
2500395,
2500836,
2501248,
2501371,
2501474,
2504549,
2505967,
2510310,
2510576,
2512025,
2513087,
2513226,
2513312,
2513697,
2519644,
2521565,
2522404,
2526023,
2530089,
2531426,
2532441,
2533386,
2534438,
2540813,
2540982,
2541946,
2543283,
2549348,
2551586,
2552896,
2553874,
2557181,
2559403,
2560455,
2561381,
2564066,
2564887,
2565339,
2565395,
2565726,
2566635,
2567516,
2574165,
2574483,
2575246,
2575965,
2576757,
2577727,
2578597,
2580155,
2581096,
2582093,
2585471,
2586988,
2588214,
2590015,
2590325,
2591045,
2593423,
2598654,
2600713,
2611771,
2611970,
2613097,
2613220,
2613366,
2614099,
2614855,
2620465,
2620555,
2621077,
2621421,
2623552,
2623935,
2624115,
2626048,
2626067,
2627451,
2628128,
2630537,
2632103,
2632627,
2635156,
2635984,
2636264,
2639433,
2640645,
2641726,
2642655,
2643408,
2643520,
2645615,
2649974,
2651920,
2652471,
2652724,
2654348,
2661563,
2662639,
2663975,
2665501,
2666310,
2667776,
2669788,
2672903,
2674805,
2679643,
2679712,
2680054,
2681963,
2683494,
2689118,
2696465,
2696901,
2698999,
2701751,
2702248,
2709431,
2719167,
2719177,
2721984,
2722314,
2722590,
2722832,
2724142,
2724431,
2727518,
2729373,
2732425,
2732506,
2732880,
2733386,
2734710,
2735390,
2739154,
2739831,
2742914,
2743082,
2744692,
2746931,
2750007,
2750206,
2750493,
2751011,
2752071,
2752164,
2758628,
2759044,
2760240,
2761767,
2763662,
2765920,
2765954,
2766349,
2766788,
2767210,
2767469,
2767988,
2768754,
2770527,
2771119,
2771619,
2773083,
2773377,
2775141,
2776433,
2776613,
2776962,
2777051,
2777054,
2777132,
2777779,
2778709,
2778896,
2779300,
2780462,
2783763,
2783896,
2783951,
2785802,
2785909,
2790656,
2792445,
2799163,
2800929,
2810534,
2813777,
2819156,
2823010,
2824384,
2826332,
2827109,
2827590,
2827846,
2831696,
2832459,
2832560,
2836480,
2836803,
2837344,
2839688,
2841041,
2841337,
2843334,
2844760,
2844917,
2844975,
2845281,
2847529,
2850728,
2850868,
2853567,
2853582,
2854185,
2855517,
2856489,
2856931,
2857357,
2859002,
2859291,
2861834,
2862139,
2863401,
2864448,
2868787,
2869082,
2869087,
2871034,
2873738,
2875648,
2876583,
2876885,
2878407,
2878777,
2883907,
2889725,
2891236,
2891355,
2891842,
2895359,
2899396,
2908991,
2909858,
2913147,
2914554,
2922191,
2925323,
2925740,
2938299,
2940464,
2940531,
2950773,
2951821,
2952175,
2952547,
2954071,
2954202,
2955241,
2955496,
2958733,
2962543,
2963037,
2963622,
2963982,
2965417,
2965773,
2966006,
2967234,
2967498,
2968319,
2968511,
2969905,
2974263,
2974503,
2976526,
2979039,
2980187,
2984157,
2984441,
2986048,
2986769,
2986967,
2989757,
2990124,
2990353,
2990723,
2991766,
2992681,
2993279,
2999781,
3000564,
3000706,
3003211,
3003359,
3004413,
3004851,
3005596,
3005614,
3008794,
3009068,
3009864,
3014919,
3014985,
3015187,
3016481,
3019288,
3020153,
3021771,
3022039,
3022512,
3024862,
3025349,
3028047,
3031128,
3031812,
3032328,
3033779,
3034176,
3035545,
3035988,
3038036,
3039559,
3041007,
3041138,
3042782,
3043804,
3043990,
3044176,
3045240,
3046039,
3047555,
3048252,
3049163,
3049630,
3052565,
3054380,
3054558,
3058334,
3058473,
3058606,
3058733,
3059424,
3059657,
3060651,
3060860,
3061093,
3061513,
3061739,
3062087,
3063230,
3065507,
3065550,
3066711,
3066790,
3066914,
3067016,
3067781,
3068378,
3068988,
3069016,
3069089,
3070701,
3070802,
3071046,
3071257,
3072113,
3072216,
3072739,
3073835,
3074726,
3075973,
3076017,
3077757,
3078495,
3079249,
3079347,
3080761,
3081150,
3081469,
3082487,
3083472,
3083774,
3083860,
3086035,
3087902,
3088843,
3089335,
3089453,
3089485,
3090052,
3090881,
3091215,
3091309,
3091537,
3091797,
3097210,
3098591,
3101496,
3102974,
3108733,
3108992,
3109049,
3109200,
3109653,
3110333,
3110693,
3113547,
3114639,
3117763,
3118036,
3121949,
3122599,
3128841,
3131267,
3131329,
3132289,
3135413,
3136423,
3138845,
3138885,
3139242,
3139662,
3139890,
3140805,
3140985,
3141630,
3142024,
3142643,
3143579,
3144402,
3146160,
3146195,
3146429,
3150667,
3155339,
3155734,
3156695,
3156726,
3161837,
3162299,
3163440,
3165088,
3168115,
3168317,
3168384,
3170044,
3170341,
3171079,
3175016,
3176685,
3178112,
3178711,
3179142,
3180317,
3180778,
3181438,
3182979,
3183165,
3183301,
3184168,
3184676,
3185617,
3186920,
3188840,
3188864,
3189278,
3189532,
3189823,
3189968,
3191883,
3192341,
3192539,
3192689,
3193460,
3193542,
3193918,
3195924,
3201168,
3203919,
3204373,
3206266,
3208732,
3208848,
3209091,
3211956,
3212800,
3213407,
3213556,
3213930,
3214271,
3214674,
3215010,
3215098,
3215798,
3216237,
3216376,
3216498,
3216648,
3216676,
3217637,
3218000,
3218011,
3218099,
3218157,
3218284,
3218304,
3218381,
3218419,
3218638,
3218727,
3219319,
3220068,
3220845,
3222021,
3222507,
3223898,
3224411,
3224593,
3228664,
3230829,
3230999,
3235615,
3236812,
3238105,
3239270,
3240176,
3240629,
3241109,
3242765,
3243078,
3243207,
3243347,
3243376,
3243747,
3243754,
3244066,
3244173,
3244469,
3245844,
3246216,
3246331,
3246576,
3248825,
3249039,
3249094,
3250359,
3251779,
3255743,
3256700,
3258926,
3260564,
3261720,
3263520,
3263917,
3266465,
3266732,
3269726,
3270539,
3270806,
3271629,
3275587,
3275763,
3275819,
3276252,
3276480,
3277847,
3278114,
3278530,
3279355,
3280617,
3281865,
3282951,
3283184,
3283391,
3283486,
3284336,
3284931,
3286293,
3287250,
3289845,
3290262,
3291116,
3292137,
3292167,
3292665,
3292890,
3299764,
3299803,
3299982,
3300363,
3300579,
3301961,
3302271,
3305817,
3307232,
3307360,
3309427,
3311569,
3313062,
3313222,
3313631,
3314904,
3315109,
3315773,
3315834,
3316540,
3317327,
3317659,
3320109,
3320589,
3320986,
3321201,
3321392,
3322404,
3322472,
3324842,
3324862,
3325669,
3325735,
3326139,
3326363,
3327276,
3327503,
3327534,
3328589,
3329790,
3329884,
3330548,
3330792,
3333727,
3335807,
3336274,
3337984,
3339988,
3340381,
3340601,
3340838,
3342106,
3342108,
3343352,
3344400,
3344775,
3351712,
3352120,
3352726,
3353065,
3353642,
3354703,
3358366,
3362099,
3363678,
3364251,
3365179,
3365478,
3365601,
3365889,
3366633,
3366831,
3367482,
3377415,
3381379,
3381653,
3386794,
3387055,
3387308,
3388968,
3392094,
3392260,
3397360,
3401993,
3412301,
3412750,
3413870,
3414070,
3415068,
3419470,
3420806,
3420847,
3426574,
3429738,
3430052,
3433232,
3435334,
3436793,
3438396,
3439589,
3443643,
3444797,
3445548,
3445654,
3445735,
3446400,
3447183,
3447632,
3447864,
3448153,
3448283,
3448630,
3448768,
3448852,
3448983,
3449321,
3450262,
3452643,
3452772,
3453067,
3453128,
3453567,
3453735,
3453744,
3453873,
3454322,
3454563,
3454569,
3455034,
3457782,
3457943,
3458444,
3458725,
3459527,
3459927,
3460036,
3460235,
3460278,
3462465,
3463173,
3464980,
3465269,
3466212,
3467948,
3468230,
3470873,
3473168,
3473430,
3473484,
3475725,
3477214,
3480962,
3482422,
3482765,
3483300,
3483534,
3484307,
3484941,
3485842,
3487599,
3488693,
3490058,
3491268,
3492209,
3494726,
3495742,
3498522,
3498973,
3505388,
3508299,
3513057,
3514405,
3515930,
3517559,
3518284,
3519306,
3519638,
3521339,
3522201,
3531788,
3532477,
3534469,
3535480,
3538101,
3538599,
3538925,
3540159,
3540244,
3540391,
3541276,
3541528,
3543134,
3543591,
3544140,
3545607,
3545928,
3547260,
3549185,
3550158,
3552392,
3553077,
3553983,
3555537,
3556746,
3557383,
3560035,
3560408,
3560984,
3562339,
3562505,
3563257,
3563432,
3563552,
3563562,
3563693,
3564332,
3564762,
3565664,
3566101,
3567850,
3567870,
3569578,
3569775,
3570283,
3570387,
3570556,
3571013,
3571097,
3572153,
3572632,
3572657,
3572666,
3573316,
3574629,
3575562,
3575911,
3575933,
3576596,
3577315,
3577461,
3577683,
3579820,
3581082,
3582270,
3582392,
3585300,
3588672,
3592223,
3593052,
3594333,
3597364,
3597877,
3598442,
3599442,
3599529,
3599997,
3600639,
3601676,
3602195,
3602715,
3602817,
3602916,
3603343,
3604102,
3604903,
3605207,
3606084,
3606193,
3606294,
3607218,
3607685,
3609123,
3613637,
3613674,
3614228,
3614355,
3614506,
3616699,
3618358,
3619522,
3620716,
3625936,
3627773,
3629169,
3629492,
3629927,
3631460,
3631618,
3632261,
3632730,
3634308,
3635320,
3635648,
3637440,
3637442,
3637828,
3638117,
3638853,
3639244,
3639488,
3639563,
3639942,
3640145,
3640903,
3640961,
3641879,
3645807,
3646259,
3646697,
3648381,
3648756,
3651896,
3652755,
3653074,
3653075,
3653218,
3653229,
3659175,
3659538,
3661451,
3663810,
3664690,
3665780,
3668203,
3669507,
3671170,
3676906,
3677283,
3677529,
3677548,
3677742,
3678028,
3678247,
3678978,
3679055,
3680782,
3680980,
3681252,
3681976,
3686198,
3688626,
3693516,
3694399,
3696321,
3697938,
3699955,
3706985,
3718090,
3720694,
3721926,
3724317,
3725657,
3728035,
3729250,
3729400,
3729504,
3729520,
3730169,
3730173,
3730705,
3730719,
3730798,
3731254,
3731605,
3732176,
3732485,
3732528,
3733022,
3735429,
3735745,
3735985,
3737910,
3737959,
3741507,
3741882,
3742543,
3743409,
3744029,
3744162,
3745300,
3745360,
3746252,
3747397,
3747816,
3749083,
3749907,
3750282,
3750609,
3751055,
3752114,
3752140,
3752554,
3752810,
3753092,
3753508,
3753903,
3753912,
3754248,
3754937,
3755237,
3755906,
3757863,
3758009,
3758304,
3758345,
3758590,
3759001,
3759142,
3759246,
3759355,
3759496,
3759701,
3759782,
3759956,
3760333,
3760541,
3760655,
3761131,
3762973,
3764016,
3765254,
3766264,
3769492,
3770975,
3771768,
3771859,
3772580,
3774973,
3776180,
3778134,
3778312,
3778538,
3780191,
3780535,
3780928,
3781066,
3787090,
3790157,
3790254,
3793102,
3793298,
3794209,
3795223,
3796248,
3801025,
3803368,
3804260,
3815931,
3829307,
3830805,
3832099,
3834855,
3838884,
3839383,
3839551,
3849546,
3850796,
3859959,
3864039,
3868545,
3868791,
3873540,
3874068,
3876321,
3878306,
3878575,
3880500,
3884642,
3885432,
3887366,
3888564,
3888894,
3890198,
3891383,
3891852,
3892756,
3893258,
3893967,
3894091,
3894816,
3895297,
3895585,
3895856,
3898157,
3898731,
3899037,
3899159,
3899802,
3900292,
3900572,
3901553,
3904414,
3905433,
3905826,
3906117,
3906131,
3907692,
3908438,
3908728,
3911360,
3911443,
3912356,
3914284,
3914649,
3915423,
3916127,
3917076,
3919580,
3921937,
3923397,
3924993,
3926284,
3926942,
3926960,
3927294,
3929783,
3930684,
3932467,
3933134,
3933165,
3933196,
3933367,
3933580,
3934168,
3934218,
3935609,
3937728,
3937855,
3939077,
3939238,
3941005,
3941443,
3943388,
3945467,
3947762,
3950598,
3951721,
3951877,
3952441,
3952610,
3953647,
3954989,
3955814,
3956097,
3956502,
3956626,
3957051,
3957628,
3958510,
3959059,
3959139,
3959460,
3960062,
3960354,
3961165,
3961633,
3962071,
3962102,
3962180,
3962734,
3962995,
3964047,
3964377,
3964464,
3964705,
3965098,
3965227,
3965739,
3966551,
3966688,
3966965,
3967517,
3967584,
3967761,
3968064,
3968918,
3969095,
3969252,
3969297,
3969542,
3970261,
3970949,
3972128,
3972599,
3973389,
3973698,
3974477,
3974695,
3975190,
3977618,
3977726,
3977741,
3978630,
3979269,
3979375,
3979379,
3980092,
3980673,
3981244,
3981370,
3981601,
3982595,
3984639,
3985706,
3985906,
3986418,
3989341,
3990388,
3990394,
3990949,
3991494,
3991758,
3992080,
3992167,
3992234,
3992725,
3992950,
3993211,
3993682,
3994198,
3994289,
3994325,
3994688,
3994852,
3994896,
3995799,
3995972,
3996121,
3996238,
3997741,
3998954,
3998957,
3999346,
4000067,
4000394,
4000793,
4001586,
4002308,
4002417,
4002457,
4002934,
4004599,
4005405,
4005457,
4005689,
4005809,
4006388,
4006409,
4006807,
4007701,
4007712,
4008291,
4009150,
4009640,
4013213,
4013660,
4013836,
4013979,
4014289,
4014999,
4016524,
4016621,
4017705,
4017875,
4018668,
4018754,
4019568,
4020001,
4020068,
4020432,
4020987,
4021529,
4022092,
4022187,
4022718,
4023488,
4023697,
4025351,
4026873,
4031924,
4034457,
4036349,
4037516,
4040014,
4040382,
4040968,
4041972,
4050798,
4052530,
4052704,
4054794,
4055648,
4064363,
4064901,
4065508,
4070091,
4086157,
4095776,
4097374,
4097601,
4112240,
4118081,
4119143,
4123635,
4124862,
4125035,
4126701,
4130209,
4130250,
4132119,
4132151,
4132563,
4134055,
4134582,
4135835,
4144530,
4144573,
4148912,
4149271,
4151392,
4153356,
4153962,
4156107,
4158942,
4160548,
4160674,
4161146,
4163750,
4170910,
4170940,
4171007,
4176105,
4177109,
4177580,
4178834,
4178839,
4181082,
4181918,
4184921,
4188664,
4190146,
4190439,
4192881,
4193963,
4193986,
4195017,
4197639,
4198094,
4198951,
4199755,
4199834,
4201111,
4201513,
4201639,
4202295,
4202985,
4203756,
4204271,
4204980,
4205433,
4206053,
4206607,
4206878,
4207834,
4208640,
4209129,
4209556,
4209749,
4210773,
4211018,
4211133,
4211788,
4212431,
4212884,
4213451,
4213685,
4213703,
4214083,
4214745,
4215776,
4215809,
4216149,
4217075,
4217107,
4217719,
4217922,
4218080,
4218981,
4220168,
4220350,
4220810,
4221048,
4222037,
4222243,
4224404,
4224992,
4225128,
4227435,
4228578,
4228681,
4229348,
4230877,
4231991,
4232843,
4233543,
4233880,
4234440,
4239358,
4240447,
4240828,
4241018,
4241791,
4241824,
4242060,
4242309,
4242717,
4249655,
4249964,
4250305,
4251188,
4251422,
4253742,
4254183,
4256782,
4256921,
4257369,
4259273,
4264414,
4265206,
4266924,
4267327,
4268549,
4268880,
4269288,
4272814,
4273128,
4273157,
4273869,
4275529,
4276897,
4278917,
4279104,
4279991,
4281205,
4281507,
4283224,
4283363,
4284307,
4285710,
4286718,
4288599,
4289330,
4289887,
4289920,
4290329,
4290750,
4290803,
4290944,
4293521,
4293650,
4293841,
4294709,
4294991,
4295209,
4296222,
4296519,
4296637,
4297097,
4297114,
4297409,
4297415,
4297669,
4297766,
4299506,
4302472,
4302516,
4303595,
4303833,
4305853,
4306918,
4307137,
4307596,
4307960,
4308065,
4308630,
4308666,
4309370,
4309617,
4310195,
4310380,
4310487,
4310498,
4311358,
4311536,
4312195,
4313395,
4313868,
4314445,
4315508,
4320555,
4320851,
4321394,
4321977,
4322245,
4323024,
4326655,
4326739,
4327465,
4328212,
4330436,
4332739,
4334335,
4352318,
4352873,
4352979,
4352994,
4353338,
4353431,
4353869,
4354037,
4354440,
4355263,
4355291,
4357236,
4358316,
4362468,
4364162,
4366027,
4367050,
4367379,
4368913,
4370382,
4374635,
4375980,
4376084,
4380068,
4383148,
4384771,
4386242,
4387113,
4389240,
4391544,
4393709,
4395253,
4396659,
4397954,
4398552,
4398835,
4398851,
4398888,
4399277,
4399569,
4399672,
4399784,
4400602,
4401797,
4402868,
4403164,
4403313,
4404312,
4404709,
4405617,
4405691,
4406117,
4406207,
4409002,
4409956,
4410270,
4411573,
4412402,
4412746,
4412858,
4414058,
4414289,
4415988,
4418155,
4420002,
4420105,
4420974,
4421069,
4421349,
4421570,
4421712,
4422371,
4423696,
4424212,
4426929,
4426967,
4428264,
4428491,
4429161,
4430669,
4435434,
4437398,
4438385,
4440088,
4442947,
4444057,
4444165,
4444216,
4444502,
4445246,
4445463,
4446324,
4446476,
4446587,
4447469,
4448430,
4452708,
4454888,
4455446,
4462644,
4467122,
4467794,
4469442,
4470394,
4471321,
4472783,
4486124,
4487811,
4488314,
4488578,
4493151,
4493834,
4533017,
4533405,
4540898,
4553043,
4555654,
4561215,
4562262,
4562444,
4562759,
4562763,
4562929,
4563227,
4563690,
4565129,
4565959,
4566051,
4566291,
4567085,
4568044,
4568088,
4571301,
4573251,
4573459,
4573735,
4574266,
4579142,
4579467,
4579846,
4582515,
4586258,
4587123,
4587634,
4588049,
4588559,
4589460,
4589531,
4590065,
4591054,
4593655,
4601481,
4602070,
4603374,
4604542,
4604771,
4604841,
4604868,
4605144,
4605390,
4605915,
4606680,
4608958,
4609117,
4609326,
4613368,
4615828,
4617130,
4618177,
4625803,
4627402,
4628548,
4629428,
4631083,
4632394,
4633521,
4633662,
4636146,
4639243,
4639935,
4642631,
4648307,
4648660,
4648729,
4649021,
4649621,
4653011,
4654970,
4656316,
4657284,
4659270,
4659452,
4659633,
4660634,
4660709,
4661502,
4662264,
4662289,
4662515,
4663152,
4663382,
4664075,
4664138,
4664186,
4665240,
4667395,
4668182,
4669460,
4670146,
4670322,
4671069,
4672124,
4673520,
4675113,
4678654,
4686504,
4687700,
4699173,
4707723,
4710698,
4712712,
4713748,
4714792,
4714819,
4720833,
4726715,
4736556,
4737358,
4740515,
4742388,
4743848,
4744731,
4753464,
4757974,
4761727,
4763996,
4766005,
4766167,
4766448,
4775895,
4776937,
4780947,
4782545,
4788804,
4788936,
4789865,
4790091,
4790439,
4791780,
4792038,
4792538,
4792967,
4792977,
4793357,
4795603,
4795887,
4796047,
4796112,
4797301,
4799744,
4801645,
4801861,
4802965,
4803084,
4803431,
4803494,
4804834,
4806485,
4807132,
4809743,
4812061,
4813423,
4820933,
4821193,
4821715,
4822581,
4822692,
4823480,
4824560,
4826787,
4827417,
4827529,
4829150,
4829440,
4830548,
4830757,
4831343,
4834608,
4835044,
4835569,
4835587,
4836139,
4836205,
4836814,
4836848,
4837300,
4838218,
4838431,
4839578,
4841257,
4841840,
4842130,
4842743,
4843842,
4845384,
4845424,
4849468,
4850707,
4850950,
4851652,
4852074,
4855642,
4856250,
4856957,
4857047,
4857351,
4857457,
4858332,
4858366,
4859961,
4860852,
4860901,
4861741,
4862541,
4862945,
4863374,
4864076,
4865989,
4866064,
4868813,
4872102,
4875434,
4875699,
4877456,
4877698,
4877829,
4878095,
4880748,
4881029,
4881055,
4881524,
4881694,
4881705,
4881756,
4882093,
4882118,
4882608,
4882658,
4882754,
4883025,
4883445,
4885572,
4886053,
4886824,
4888089,
4891310,
4892156,
4893045,
4895165,
4895251,
4896132,
4896486,
4897212,
4897849,
4900150,
4904141,
4906057,
4906214,
4907185,
4907226,
4909651,
4909702,
4912181,
4912817,
4912874,
4913271,
4917304,
4918486,
4918890,
4921540,
4921955,
4922447,
4923542,
4926354,
4927570,
4927648,
4931158,
4935024,
4935259,
4938538,
4940402,
4943216,
4946046,
4946271,
4947183,
4947368,
4947757,
4947804,
4950183,
4950989,
4951103,
4951203,
4951403,
4952532,
4952539,
4952734,
4953983,
4954730,
4955461,
4956246,
4956426,
4957059,
4960062,
4960930,
4961554,
4962777,
4963841,
4964208,
4968507,
4971095,
4971753,
4972508,
4972878,
4976249,
4977611,
4982188,
4982578,
4984739,
4985422,
4986743,
4986997,
4987674,
4987887,
4988028,
4988860,
4989470,
4990113,
4990734,
4991080,
4992473,
4998811,
4999776,
5001321,
5004726,
5005898,
5006056,
5008628,
5008733,
5009510,
5009552,
5012737,
5012749,
5014999,
5015747,
5015792,
5015813,
5017071,
5017296,
5018941,
5019192,
5020025,
5020403,
5021187,
5021380,
5021390,
5021971,
5024250,
5026066,
5026307,
5029141,
5030206,
5031363,
5031758,
5031801,
5031815,
5031937,
5033086,
5033483,
5033698,
5033887,
5033969,
5034349,
5035992,
5036487,
5036610,
5036836,
5037657,
5037690,
5038724,
5039721,
5040334,
5040592,
5041195,
5041967,
5042831,
5043185,
5043980,
5046496,
5047108,
5047411,
5048548,
5050203,
5050519,
5050619,
5051109,
5051281,
5051645,
5052388,
5052853,
5053881,
5054585,
5054674,
5056408,
5056587,
5059682,
5060204,
5060538,
5061146,
5062030,
5062932,
5063774,
5065486,
5077789,
5080556,
5080834,
5081886,
5081964,
5083191,
5084600,
5087105,
5087537,
5088034,
5088073,
5088906,
5089603,
5089841,
5089982,
5090306,
5090900,
5091278,
5092563,
5095076,
5096418,
5097475,
5098048,
5098498,
5099826,
5099881,
5101195,
5101594,
5103760,
5106802,
5111244,
5111649,
5111738,
5112136,
5112152,
5112228,
5112404,
5112501,
5112550,
5115734,
5122848,
5124360,
5130602,
5132554,
5135616,
5136992,
5138824,
5139432,
5140942,
5140980,
5146022,
5150276,
5151322,
5153959,
5154637,
5161355,
5162957,
5164176,
5166024,
5166373,
5167738,
5168237,
5168864,
5169578,
5170000,
5170081,
5172629,
5173112,
5173500,
5184389,
5184729,
5185028,
5185180,
5187359,
5190864,
5192483,
5195037,
5199072,
5199639,
5200864,
5204972,
5205341,
5206813,
5207648,
5207740,
5208032,
5208336,
5208683,
5208691,
5209059,
5210329,
5210374,
5210533,
5211313,
5211639,
5211915,
5212305,
5212484,
5213182,
5213384,
5215055,
5215597,
5215707,
5217667,
5218439,
5224428,
5225578,
5226083,
5227788,
5233629,
5233902,
5234059,
5237078,
5245930,
5246206,
5247190,
5247321,
5247724,
5247762,
5248220,
5248419,
5249168,
5250323,
5260148,
5260316,
5260426,
5261134,
5263453,
5264096,
5264423,
5265064,
5265350,
5267286,
5267581,
5268042,
5268381,
5268436,
5268630,
5268793,
5269700,
5270308,
5271023,
5273163,
5274595,
5275354,
5276212,
5277852,
5278206,
5278869,
5279239,
5279484,
5280158,
5280639,
5281030,
5281458,
5281732,
5282226,
5283652,
5283886,
5284946,
5286840,
5288431,
5291453,
5291552,
5293482,
5299622,
5301869,
5302023,
5305413,
5307310,
5315059,
5315371,
5319647,
5320120,
5322560,
5323424,
5323638,
5324966,
5327402,
5330832,
5331358,
5332145,
5333708,
5335080,
5336055,
5336798,
5337237,
5341154,
5343606,
5344610,
5357261,
5361002,
5362273,
5364150,
5365012,
5365871,
5366877,
5367230,
5367651,
5367863,
5368946,
5368981,
5372513,
5373229,
5373588,
5379839,
5380316,
5381090,
5382169,
5382653,
5383293,
5383668,
5383950,
5388027,
5390523,
5390935,
5391888,
5393024,
5393514,
5396672,
5396890,
5398381,
5399009,
5400488,
5400995,
5403666,
5404256,
5408698,
5409027,
5411054,
5414960,
5415395,
5416093,
5418549,
5421757,
5422140,
5422845,
5424380,
5425149,
5425627,
5427192,
5428026,
5428372,
5429106,
5429441,
5429967,
5432457,
5432724,
5435827,
5438066,
5441571,
5441719,
5441898,
5442465,
5442475,
5442909,
5442959,
5444545,
5445511,
5445873,
5445953,
5448726,
5452033,
5452482,
5452937,
5452955,
5453177,
5453995,
5454342,
5455374,
5455742,
5456965,
5458452,
5458758,
5458936,
5459053,
5460104,
5462281,
5464446,
5464844,
5465860,
5466300,
5466472,
5466797,
5467058,
5467427,
5467776,
5468700,
5469488,
5472952,
5474407,
5477985,
5480124,
5480657,
5480726,
5482158,
5482652,
5485158,
5485236,
5488214,
5490479,
5490735,
5491299,
5494465,
5494768,
5495457,
5495913,
5501303,
5502632,
5504288,
5504369,
5505116,
5508141,
5509647,
5512243,
5513657,
5516624,
5519438,
5519751,
5519765,
5520623,
5521114,
5521214,
5521304,
5522991,
5523423,
5523797,
5523815,
5524082,
5524086,
5525049,
5525510,
5527410,
5527873,
5528927,
5529021,
5529201,
5529538,
5529627,
5530687,
5531946,
5532536,
5532945,
5533388,
5535098,
5536644,
5538391,
5538897,
5541627,
5544023,
5546825,
5546997,
5547315,
5547578,
5548109,
5549404,
5553552,
5555789,
5556163,
5561117,
5561283,
5561334,
5563067,
5564260,
5565587,
5566113,
5567416,
5567810,
5569568,
5569701,
5569972,
5570282,
5570441,
5571310,
5572999,
5573433,
5574547,
5575154,
5575525,
5576234,
5577275,
5579033,
5579216,
5579323,
5580315,
5581459,
5581718,
5582833,
5586834,
5587488,
5588390,
5588892,
5588956,
5589881,
5589996,
5590624,
5593654,
5594301,
5595001,
5596459,
5596960,
5598205,
5599995,
5604397,
5608546,
5612514,
5621055,
5623314,
5629151,
5629349,
5632382,
5634047,
5637895,
5638655,
5638796,
5638912,
5639157,
5639224,
5639489,
5639677,
5639748,
5639880,
5640001,
5640114,
5640196,
5640640,
5640674,
5640700,
5640742,
5640765,
5640942,
5641190,
5641624,
5641729,
5642175,
5643045,
5643327,
5643558,
5644753,
5646160,
5647156,
5647657,
5647813,
5650442,
5651731,
5654605,
5655040,
5655617,
5656104,
5656362,
5660433,
5662554,
5662599,
5665936,
5666643,
5667393,
5672484,
5673822,
5675707,
5676317,
5681092,
5681428,
5685052,
5686768,
5689172,
5692181,
5693245,
5695000,
5699745,
5702302,
5704367,
5708320,
5709115,
5709467,
5710787,
5714878,
5717056,
5723796,
5724363,
5724997,
5732566,
5736853,
5737635,
5737706,
5738644,
5740405,
5740980,
5741616,
5741737,
5743690,
5755353,
5757735,
5762700,
5763392,
5763654,
5763671,
5766896,
5768089,
5768339,
5768486,
5768701,
5769519,
5770632,
5770684,
5772236,
5772373,
5774603,
5775585,
5775729,
5778100,
5779086,
5779332,
5781005,
5786371,
5788121,
5790430,
5791465,
5791498,
5793634,
5794823,
5796972,
5798794,
5799036,
5799791,
5805016,
5806741,
5807183,
5807665,
5809383,
5813191,
5826240,
5826333,
5827098,
5827148,
5827364,
5827595,
5828187,
5829880,
5836196,
5836566,
5837014,
5839996,
5840095,
5840767,
5842463,
5847977,
5849283,
5850006,
5850284,
5851437,
5852134,
5853291,
5853293,
5853576,
5862009,
5864721,
5865937,
5867879,
5869052,
5870245,
5875829,
5876347,
5879104,
5879874,
5882364,
5882755,
5883096,
5883894,
5885689,
5886411,
5890537,
5890959,
5894285,
5894417,
5894811,
5899547,
5900428,
5901681,
5901921,
5902470,
5903746,
5905866,
5908251,
5913328,
5914055,
5914158,
5914912,
5915096,
5917187,
5918330,
5918404,
5919249,
5919765,
5921134,
5921238,
5921270,
5921402,
5921575,
5922962,
5924233,
5925233,
5926141,
5928234,
5933211,
5935930,
5937723,
5938323,
5941153,
5942151,
5943491,
5947283,
5947501,
5951793,
5952324,
5953686,
5953711,
5953975,
5954738,
5955247,
5957190,
5957985,
5958073,
5958566,
5962349,
5962776,
5962844,
5963982,
5963989,
5963996,
5964253,
5964353,
5965305,
5965483,
5967614,
5968472,
5968542,
5968663,
5968687,
5968740,
5968958,
5969449,
5969688,
5969771,
5969891,
5971123,
5972657,
5972946,
5973481,
5973632,
5974397,
5975024,
5975156,
5975546,
5976278,
5976346,
5977098,
5978364,
5981136,
5981833,
5982311,
5984759,
5985770,
5986107,
5988490,
5988661,
5988788,
5989690,
5990286,
5990679,
5991629,
5993735,
5993740,
5996220,
5996332,
5996851,
5997088,
6003787,
6007910,
6008616,
6009180,
6011264,
6014101,
6017760,
6018776,
6019276,
6019817,
6020887,
6023912,
6024852,
6027397,
6027467,
6028099,
6029428,
6030094,
6031005,
6031017,
6031784,
6032467,
6033235,
6034817,
6034971,
6036362,
6037943,
6038444,
6038724,
6039159,
6040117,
6040539,
6040571,
6040632,
6041440,
6042503,
6042706,
6044367,
6045302,
6047310,
6047390,
6047829,
6048227,
6052217,
6053008,
6053685,
6053878,
6054477,
6054971,
6055288,
6056210,
6056647,
6056832,
6058029,
6060031,
6060156,
6060276,
6060379,
6060566,
6061523,
6062525,
6063035,
6063181,
6063226,
6063614,
6065562,
6065575,
6066412,
6066858,
6074014,
6076899,
6076949,
6077640,
6078498,
6080757,
6083468,
6083720,
6083929,
6085016,
6085076,
6085602,
6086136,
6087016,
6089911,
6090008,
6091381,
6092779,
6092882,
6092891,
6093077,
6093295,
6093651,
6093692,
6096600,
6098560,
6098902,
6099884,
6100709,
6102970,
6104844,
6105280,
6106467,
6107667,
6108751,
6112231,
6115964,
6123259,
6124275,
6127649,
6129426,
6130883,
6139373,
6139816,
6142383,
6143994,
6145011,
6151569,
6152315,
6153907,
6154652,
6159121,
6159791,
6161936,
6164071,
6165981,
6166223,
6166661,
6167366,
6170723,
6171055,
6171191,
6171417,
6171872,
6171960,
6173262,
6175906,
6176700,
6179941,
6183294,
6183476,
6185043,
6188418,
6188696,
6189983,
6191134,
6191186,
6191805,
6192708,
6192842,
6193459,
6193990,
6196021,
6197759,
6198254,
6199356,
6200431,
6201683,
6204878,
6205076,
6211219,
6213650,
6214133,
6215861,
6216415,
6216521,
6216747,
6217841,
6219153,
6223143,
6228689,
6228807,
6229470,
6230689,
6230696,
6231221,
6232332,
6233754,
6235007,
6235433,
6236032,
6236617,
6236984,
6239433,
6240161,
6252612,
6252991,
6253195,
6254133,
6256930,
6259238,
6260711,
6260868,
6261910,
6262501,
6263214,
6263241,
6264406,
6265602,
6265731,
6266698,
6267928,
6268084,
6269130,
6271190,
6271811,
6272340,
6272872,
6273379,
6274358,
6276507,
6276702,
6277886,
6279128,
6281230,
6283194,
6284446,
6287119,
6292421,
6293106,
6293173,
6294007,
6294290,
6294823,
6295785,
6296411,
6300603,
6301641,
6302869,
6304233,
6305013,
6305744,
6305992,
6306827,
6307812,
6309953,
6310586,
6310979,
6311129,
6311346,
6311511,
6312007,
6312328,
6313105,
6313412,
6313821,
6314244,
6315410,
6315480,
6317885,
6318014,
6319936,
6321609,
6322972,
6324035,
6324122,
6326022,
6326586,
6330303,
6330842,
6333179,
6333476,
6337610,
6337823,
6338190,
6338270,
6338355,
6339948,
6341778,
6345865,
6345931,
6347895,
6348631,
6348796,
6348917,
6349107,
6350159,
6350213,
6352062,
6353875,
6354160,
6354216,
6354390,
6356796,
6356803,
6356888,
6356914,
6357204,
6358279,
6360504,
6360860,
6361093,
6361611,
6361904,
6363585,
6364382,
6364693,
6366924,
6366956,
6367424,
6367556,
6367869,
6368077,
6368211,
6368234,
6368297,
6368646,
6370125,
6370643,
6372809,
6373347,
6374296,
6375868,
6376269,
6376494,
6377432,
6377489,
6377994,
6379283,
6381214,
6381712,
6381758,
6381801,
6381911,
6381949,
6381958,
6382113,
6382462,
6382780,
6382841,
6383163,
6383482,
6383927,
6384184,
6384734,
6385436,
6386108,
6387158,
6389495,
6390366,
6390938,
6392964,
6393541,
6394333,
6394619,
6394931,
6400365,
6402829,
6405802,
6407914,
6408979,
6410215,
6410670,
6410970,
6411327,
6411786,
6412490,
6412641,
6413034,
6414082,
6414383,
6415512,
6416329,
6418902,
6419462,
6423115,
6428377,
6429092,
6429801,
6430324,
6430536,
6434502,
6435295,
6435450,
6436250,
6436364,
6436444,
6436671,
6436710,
6436827,
6436999,
6437093,
6439894,
6441906,
6443849,
6443888,
6444169,
6444437,
6444639,
6445461,
6447519,
6448025,
6448375,
6448575,
6448592,
6449040,
6449136,
6449408,
6450707,
6451406,
6452898,
6453118,
6453126,
6453371,
6453586,
6453643,
6453669,
6455043,
6458740,
6461654,
6461799,
6462532,
6463024,
6465134,
6465877,
6466024,
6469302,
6470645,
6470977,
6472315,
6476443,
6479805,
6482915,
6495988,
6500336,
6506953,
6510117,
6514222,
6521821,
6522002,
6526107,
6528678,
6529183,
6531100,
6532075,
6534263,
6534824,
6535614,
6536398,
6537027,
6540373,
6543060,
6543573,
6544883,
6547541,
6548371,
6553166,
6553920,
6560090,
6561178,
6565888,
6574120,
6579806,
6582285,
6586620,
6588186,
6590004,
6597815,
6599892,
6600778,
6602918,
6604200,
6606426,
6608091,
6610846,
6611628,
6615229,
6618582,
6624722,
6625146,
6627676,
6629994,
6630740,
6632053,
6632649,
6632820,
6633674,
6638128,
6639293,
6645024,
6647073,
6648537,
6654863,
6663708,
6664434,
6666800,
6676778,
6678455,
6682181,
6686245,
6689465,
6689923,
6700729,
6701082,
6702444,
6706921,
6707117,
6707390,
6707517,
6709209,
6709661,
6709826,
6713184,
6713680,
6714035,
6715539,
6716220,
6720305,
6720904,
6721079,
6721641,
6723937,
6724260,
6726884,
6727685,
6731042,
6731521,
6734680,
6735268,
6737935,
6742142,
6742737,
6743280,
6743407,
6743549,
6744307,
6745676,
6748959,
6750630,
6751876,
6753240,
6753492,
6757985,
6762724,
6762932,
6763345,
6763926,
6768691,
6769023,
6770035,
6770112,
6771307,
6771492,
6771829,
6772916,
6774503,
6774533,
6775077,
6775909,
6776062,
6776243,
6777230,
6777853,
6778279,
6780503,
6781355,
6781689,
6782028,
6784029,
6784312,
6784997,
6786058,
6786888,
6787151,
6789293,
6790415,
6791967,
6792656,
6792835,
6796014,
6796097,
6796250,
6797152,
6797602,
6797661,
6798122,
6799356,
6800221,
6800275,
6801376,
6801398,
6801615,
6801766,
6802121,
6802540,
6803015,
6803600,
6805284,
6806739,
6806796,
6808665,
6810033,
6810402,
6813327,
6813380,
6813535,
6813858,
6814664,
6815130,
6815319,
6815551,
6815982,
6818908,
6819851,
6820470,
6820943,
6821637,
6822655,
6823280,
6825133,
6825823,
6825970,
6826465,
6826621,
6826811,
6829707,
6830685,
6831089,
6831856,
6832489,
6832898,
6834078,
6834205,
6837195,
6837328,
6837339,
6837380,
6838515,
6838567,
6838635,
6838863,
6839303,
6839717,
6839734,
6839861,
6841238,
6843116,
6845459,
6845699,
6845710,
6847297,
6855048,
6856029,
6856575,
6859905,
6863923,
6867131,
6875910,
6879113,
6881383,
6882088,
6890099,
6897839,
6905442,
6913958,
6918404,
6924659,
6925297,
6925786,
6926098,
6929603,
6930590,
6937581,
6937979,
6940835,
6943921,
6944744,
6945186,
6946216,
6946696,
6947970,
6952302,
6954591,
6956471,
6958391,
6958923,
6959444,
6960456,
6961966,
6962549,
6964641,
6976008,
6981030,
6999976,
7004930,
7010767,
7013091,
7015771,
7017042,
7025497,
7026506,
7032945,
7038548,
7049175,
7052282,
7055293,
7055412,
7057809,
7059465,
7062356,
7064202,
7064315,
7067742,
7069313,
7071494,
7074426,
7074643,
7075527,
7078215,
7081257,
7085721,
7086500,
7088458,
7089607,
7089702,
7090353,
7090356,
7090573,
7090971,
7091186,
7092365,
7095959,
7096078,
7097001,
7097497,
7099284,
7099488,
7102072,
7103480,
7104042,
7105854,
7109557,
7109885,
7113369,
7113778,
7113983,
7117092,
7118207,
7119732,
7120278,
7120913,
7122247,
7123654,
7125941,
7126661,
7128720,
7130537,
7131484,
7131704,
7132885,
7133322,
7135289,
7135317,
7135835,
7138609,
7139073,
7141199,
7143852,
7145730,
7149385,
7154184,
7155830,
7156602,
7157016,
7159379,
7161163,
7162222,
7165560,
7166036,
7167488,
7177005,
7182145,
7183905,
7187056,
7188397,
7188746,
7188748,
7192205,
7195408,
7198479,
7199408,
7211845,
7212713,
7217519,
7217905,
7218105,
7218642,
7218728,
7219125,
7221049,
7221660,
7222675,
7223649,
7224057,
7229947,
7230590,
7235614,
7235680,
7238194,
7241503,
7246476,
7247856,
7250976,
7253072,
7259754,
7260191,
7265644,
7265660,
7292500,
7295669,
7297585,
7297657,
7299191,
7311274,
7313344,
7318650,
7324701,
7339777,
7340109,
7346493,
7353974,
7355129,
7357647,
7358907,
7361543,
7361545,
7362704,
7364108,
7364546,
7365786,
7365825,
7366536,
7366888,
7369011,
7370071,
7371025,
7371102,
7373198,
7375874,
7377087,
7383219,
7388815,
7396412,
7410812,
7424685,
7427057,
7430480,
7433374,
7433380,
7433998,
7434783,
7434937,
7439542,
7439597,
7439942,
7441757,
7443239,
7444258,
7445030,
7447972,
7448077,
7448382,
7450748,
7452265,
7455504,
7458352,
7462343,
7464486,
7471127,
7471476,
7473760,
7474714,
7477468,
7477981,
7478236,
7478593,
7479286,
7479317,
7479341,
7479546,
7479779,
7482441,
7485172,
7488938,
7490649,
7493180,
7494590,
7502540,
7504252,
7504305,
7505791,
7511600,
7512549,
7514529,
7514769,
7519001,
7520460,
7522090,
7532885,
7536254,
7536757,
7538537,
7540214,
7541420,
7542594,
7559855,
7567243,
7568484,
7569284,
7570220,
7570641,
7571841,
7573295,
7574947,
7576378,
7577589,
7582644,
7612073,
7621242,
7621431,
7622384,
7624600,
7626630,
7633948,
7635499,
7636174,
7637306,
7638161,
7639471,
7640253,
7640680,
7640797,
7641367,
7642139,
7644141,
7644627,
7646239,
7648935,
7651049,
7651568,
7652870,
7653442,
7653969,
7656898,
7657702,
7662770,
7663154,
7665175,
7669095,
7672037,
7672571,
7676626,
7677702,
7677953,
7679358,
7679551,
7679850,
7681523,
7682165,
7682274,
7682353,
7683368,
7684925,
7688745,
7690335,
7690776,
7692042,
7693242,
7694711,
7695343,
7695605,
7696030,
7696547,
7696868,
7697389,
7697834,
7700882,
7701577,
7702242,
7702609,
7702674,
7703196,
7704105,
7705505,
7707217,
7707963,
7710028,
7710487,
7710633,
7710801,
7713063,
7713538,
7713628,
7714603,
7715863,
7718515,
7719998,
7720231,
7720720,
7720814,
7721104,
7722068,
7723072,
7724145,
7724234,
7724738,
7725254,
7725364,
7725365,
7725700,
7726003,
7726039,
7727954,
7728146,
7728545,
7731754,
7737952,
7741070,
7743207,
7744679,
7745915,
7746191,
7746192,
7751122,
7753929,
7757630,
7760078,
7762595,
7763471,
7764421,
7765742,
7765887,
7767267,
7767536,
7769668,
7769849,
7771476,
7773452,
7774653,
7777294,
7777574,
7779905,
7780309,
7781038,
7781304,
7781452,
7781585,
7782881,
7783054,
7783745,
7783970,
7784084,
7785367,
7787433,
7789091,
7789875,
7790348,
7790440,
7790532,
7790779,
7791416,
7792228,
7792962,
7796633,
7800492,
7803263,
7803364,
7807019,
7807805,
7808127,
7808255,
7808578,
7810615,
7810846,
7811392,
7811613,
7813205,
7814943,
7818124,
7824329,
7827118,
7831850,
7832277,
7832344,
7832863,
7833154,
7833155,
7833966,
7837371,
7837414,
7839843,
7840719,
7840956,
7841329,
7841929,
7842950,
7847863,
7848177,
7850485,
7853027,
7853378,
7854873,
7855535,
7855582,
7857022,
7859717,
7862240,
7862503,
7863927,
7863928,
7864023,
7866373,
7867886,
7869300,
7869335,
7870933,
7872312,
7874687,
7874990,
7878693,
7878785,
7879403,
7879947,
7880027,
7880171,
7881139,
7882293,
7882410,
7883654,
7885335,
7885802,
7887004,
7889883,
7892400,
7893144,
7894382,
7894457,
7897595,
7901886,
7902408,
7903879,
7914205,
7916877,
7918043,
7919411,
7920332,
7927933,
7928289,
7928322,
7929007,
7929352,
7932173,
7934335,
7934491,
7934797,
7937227,
7937261,
7938236,
7938829,
7939181,
7939411,
7942257,
7944836,
7946083,
7946107,
7946399,
7946705,
7948207,
7950178,
7950262,
7952856,
7953653,
7955375,
7955479,
7961337,
7961633,
7961832,
7965664,
7966364,
7968901,
7971180,
7971672,
7972942,
7972957,
7973003,
7973148,
7973326,
7974258,
7974984,
7977170,
7977171,
7977864,
7978183,
7978361,
7980776,
7980923,
7981158,
7982085,
7984048,
7985000,
7985558,
7986207,
7986596,
7987759,
7988423,
7990201,
7990886,
7992923,
8002425,
8008906,
8012189,
8014815,
8020657,
8021805,
8027294,
8029545,
8032543,
8033256,
8033764,
8036000,
8036366,
8037609,
8037754,
8038093,
8039314,
8043207,
8043848,
8044827,
8050676,
8052260,
8052379,
8053570,
8055647,
8056346,
8058040,
8058372,
8058590,
8063560,
8063979,
8064544,
8067323,
8067816,
8068531,
8073609,
8077050,
8077564,
8077953,
8079104,
8079118,
8079524,
8079759,
8080797,
8081374,
8084990,
8085133,
8087420,
8092375,
8093484,
8093805,
8095770,
8096453,
8098814,
8100320,
8102933,
8104843,
8113695,
8114628,
8115996,
8116400,
8122484,
8125584,
8127187,
8128030,
8128131,
8128158,
8128311,
8128601,
8128615,
8128821,
8135535,
8135806,
8136546,
8136629,
8137597,
8137972,
8138525,
8138609,
8139418,
8141675,
8141697,
8144714,
8145249,
8145656,
8147467,
8148661,
8149480,
8151025,
8155298,
8155700,
8156225,
8156638,
8156803,
8157438,
8157942,
8158779,
8158826,
8160237,
8161166,
8161711,
8162658,
8164370,
8165135,
8166051,
8168448,
8169402,
8170482,
8174772,
8174919,
8176157,
8177531,
8180663,
8181769,
8182630,
8186930,
8187687,
8188345,
8188506,
8188629,
8189228,
8189712,
8194950,
8195870,
8196954,
8198542,
8200235,
8203290,
8205958,
8207254,
8208438,
8220128,
8220985,
8224372,
8237345,
8238547,
8238646,
8238845,
8239405,
8239589,
8243065,
8243550,
8243829,
8246060,
8247127,
8248000,
8250008,
8250873,
8251909,
8254599,
8254869,
8258062,
8259033,
8259108,
8259806,
8259946,
8263704,
8264868,
8264995,
8265049,
8265182,
8268713,
8271473,
8272080,
8272792,
8273075,
8273174,
8275104,
8278316,
8278404,
8278870,
8280516,
8282524,
8284547,
8285264,
8291714,
8291916,
8292246,
8292318,
8295021,
8295467,
8295991,
8296765,
8297217,
8297891,
8297909,
8298146,
8304763,
8306272,
8312985,
8319214,
8321095,
8323858,
8324337,
8325176,
8334450,
8335487,
8335565,
8336771,
8336985,
8337228,
8338397,
8339352,
8340820,
8342910,
8343693,
8344032,
8344064,
8344998,
8346383,
8355526,
8356906,
8362775,
8363197,
8363287,
8363332,
8363747,
8364391,
8367322,
8373253,
8377637,
8380913,
8381093,
8381526,
8382478,
8384797,
8386350,
8386802,
8399657,
8400203,
8400449,
8401188,
8403213,
8439479,
8443443,
8444427,
8445506,
8446412,
8446723,
8446787,
8448294,
8451269,
8452058,
8452619,
8452665,
8457198,
8462591,
8472293,
8483291,
8484806,
8490120,
8497475,
8506047,
8507323,
8508603,
8508762,
8509588,
8510212,
8511043,
8511754,
8512432,
8515300,
8517207,
8518677,
8522308,
8527170,
8528749,
8529419,
8531124,
8533836,
8535107,
8535215,
8540246,
8540736,
8541670,
8542387,
8542884,
8544064,
8544982,
8545323,
8545494,
8545642,
8545874,
8546087,
8546091,
8546357,
8546383,
8548568,
8549058,
8549897,
8550978,
8551924,
8552090,
8552567,
8553877,
8556616,
8559823,
8559936,
8563020,
8563255,
8564339,
8564358,
8564695,
8565301,
8565539,
8566334,
8566756,
8567899,
8568123,
8568411,
8568484,
8568871,
8569038,
8569445,
8569970,
8570283,
8570604,
8570609,
8572759,
8575221,
8577359,
8578829,
8580252,
8583293,
8583742,
8584893,
8585025,
8586041,
8586982,
8587489,
8587955,
8587978,
8588471,
8589239,
8589591,
8590772,
8591412,
8592984,
8594544,
8594695,
8595861,
8600508,
8600742,
8601244,
8603974,
8604194,
8604884,
8605431,
8605946,
8605997,
8606213,
8606623,
8606848,
8607339,
8608013,
8608424,
8609077,
8609203,
8609215,
8609869,
8610100,
8610282,
8611823,
8612252,
8613764,
8613788,
8614030,
8614229,
8614262,
8616921,
8617983,
8619961,
8621930,
8624469,
8629306,
8631695,
8632673,
8633069,
8634765,
8635931,
8642413,
8647802,
8647969,
8650776,
8652490,
8652591,
8655409,
8656155,
8656161,
8666046,
8666999,
8672304,
8672461,
8675786,
8679606,
8680279,
8692896,
8698219,
8708489,
8721351,
8729071,
8738930,
8748659,
8751535,
8758878,
8771681,
8786112,
8797875,
8805897,
8808101,
8810408,
8814726,
8815427,
8816213,
8818993,
8819145,
8819371,
8820671,
8820678,
8821087,
8822218,
8823008,
8824167,
8824183,
8824463,
8825265,
8825557,
8826333,
8828045,
8828394,
8828563,
8829259,
8831373,
8833465,
8833782,
8836067,
8836180,
8836912,
8839373,
8842121,
8842614,
8843097,
8843159,
8843369,
8847904,
8851915,
8852070,
8853763,
8854380,
8854564,
8855178,
8857010,
8857223,
8858074,
8859924,
8860732,
8861158,
8862120,
8863125,
8867892,
8868083,
8868315,
8868659,
8868833,
8869670,
8871095,
8872178,
8872273,
8874763,
8874832,
8876275,
8876625,
8876868,
8877089,
8877261,
8877684,
8877974,
8878081,
8878654,
8878731,
8879404,
8879946,
8881029,
8881275,
8881414,
8881415,
8881776,
8881902,
8881966,
8883252,
8887645,
8889746,
8890255,
8890759,
8891074,
8891400,
8891560,
8891817,
8891843,
8892985,
8893073,
8894794,
8895293,
8896636,
8898505,
8899240,
8901639,
8902074,
8903813,
8905621,
8908859,
8911299,
8912024,
8914016,
8915875,
8917769,
8922417,
8924733,
8929984,
8930160,
8932081,
8932502,
8934484,
8936423,
8938071,
8942629,
8944472,
8946936,
8949382,
8950328,
8953054,
8956387,
8959200,
8969259,
8972314,
8987494,
9000660,
9001335,
9004749,
9005720,
9009389,
9010462,
9011516,
9016000,
9016937,
9017004,
9019735,
9025597,
9027899,
9046851,
9048793,
9050156,
9050469,
9052433,
9053432,
9067303,
9071432,
9073627,
9074461,
9075190,
9087638,
9091670,
9098004,
9108472,
9111050,
9114962,
9115876,
9117811,
9118300,
9120981,
9127001,
9133377,
9134565,
9140001,
9150843,
9152876,
9154398,
9155928,
9157289,
9158362,
9159427,
9160707,
9160780,
9161610,
9162105,
9162908,
9163071,
9164176,
9164806,
9165288,
9168302,
9168670,
9168904,
9172584,
9178008,
9180223,
9181152,
9183821,
9185071,
9186058,
9187412,
9188107,
9188558,
9189332,
9192676,
9192811,
9193220,
9194195,
9196807,
9197358,
9197424,
9198472,
9199051,
9199862,
9200311,
9205626,
9206647,
9207883,
9209186,
9210334,
9212683,
9218735,
9224052,
9228262,
9229275,
9232361,
9235413,
9237701,
9239608,
9239765,
9240976,
9240996,
9241027,
9241156,
9241191,
9241902,
9243210,
9244341,
9244815,
9244833,
9245004,
9245609,
9245674,
9245768,
9256022,
9256127,
9256664,
9261270,
9266215,
9267183,
9268232,
9269794,
9269966,
9270368,
9271711,
9272016,
9274269,
9274923,
9278805,
9280460,
9282647,
9282977,
9286838,
9288673,
9302745,
9310188,
9310480,
9320560,
9324655,
9325141,
9325540,
9326980,
9326981,
9327935,
9331171,
9331450,
9331784,
9335706,
9337829,
9339310,
9340685,
9340895,
9341454,
9344384,
9344558,
9347902,
9349314,
9351899,
9362150,
9362457,
9364767,
9364953,
9365625,
9370335,
9374761,
9376743,
9377016,
9378458,
9379613,
9384085,
9388199,
9396475,
9396728,
9412803,
9421724,
9424430,
9424454,
9449079,
9460545,
9461156,
9461424,
9471944,
9474081,
9474559,
9476613,
9583032,
9584641,
9585261,
9585473,
9586601,
9587171,
9587288,
9587400,
9588781,
9588903,
9589595,
9590887,
9593009,
9594869,
9595975,
9596169,
9596899,
9598072,
9602981,
9603535,
9605082,
9605743,
9606868,
9632851,
9634110,
9639105,
9642657,
9655384,
9657854,
9658152,
9658317,
9659054,
9659351,
9660807,
9660817,
9661422,
9661669,
9661778,
9668985,
9669790,
9670355,
9670956,
9675830,
9679362,
9680801,
9680829,
9681031,
9698426,
9699332,
9701100,
9704341,
9709739,
9711371,
9716674,
9719275,
9723908,
9727844,
9728502,
9728528,
9729731,
9738774,
9740482,
9742066,
9742752,
9743736,
9744356,
9744968,
9747027,
9751755,
9752210,
9753093,
9753727,
9754040,
9757567,
9757682,
9757852,
9758123,
9759840,
9760537,
9762848,
9763949,
9764224,
9764509,
9768930,
9769193,
9770055,
9770254,
9771147,
9773800,
9774278,
9774973,
9775311,
9779473,
9782985,
9786563,
9786670,
9787216,
9787551,
9787864,
9791103,
9793256,
9793622,
9794603,
9795106,
9795318,
9795412,
9795704,
9797055,
9798988,
9800205,
9801890,
9808805,
9808918,
9813006,
9813720,
9815216,
9815491,
9817465,
9818223,
9819126,
9819385,
9828134,
9828565,
9831364,
9833318,
9835893,
9845189,
9845584,
9848386,
9850585,
9850756,
9850762,
9851241,
9851523,
9851938,
9852048,
9853178,
9853820,
9856080,
9857033,
9858235,
9859501,
9863948,
9865675,
9865788,
9867527,
9867667,
9867981,
9868798,
9868914,
9869548,
9871407,
9871913,
9872191,
9874344,
9875219,
9875528,
9879280,
9879580,
9882066,
9888764,
9890749,
9891714,
9893319,
9893452,
9895465,
9900303,
9900857,
9901433,
9902611,
9904841,
9905644,
9906879,
9910777,
9911281,
9911417,
9912756,
9913326,
9914444,
9916566,
9916702,
9921214,
9922475,
9922581,
9923170,
9924863,
9926927,
9931138,
9932012,
9933342,
9934774,
9935233,
9935484,
9935746,
9936811,
9937833,
9939082,
9939881,
9940918,
9942043,
9942241,
9944192,
9947629,
9948791,
9949841,
9955833,
9960483,
9968747,
9969327,
9969604,
9973498,
9973594,
9973827,
9975084,
9975294,
9975550,
9981745,
9982839,
9983697,
9984659,
9986108,
9989938,
9990226,
9995250,
9995603,
9996806,
9998361,
10000592,
10001649,
10001983,
10002557,
10003101,
10007566,
10007927,
10010115,
10010983,
10012993,
10013249,
10013295,
10014677,
10016111,
10016441,
10017561,
10018127,
10019739,
10021714,
10024100,
10024128,
10024224,
10024397,
10024428,
10024437,
10024535,
10025252,
10025358,
10025900,
10026377,
10026887,
10027241,
10027430,
10027646,
10028872,
10029072,
10029079,
10030120,
10030280,
10030566,
10033684,
10035341,
10036367,
10038353,
10040024,
10040194,
10041939,
10043451,
10043488,
10049046,
10050039,
10051771,
10053012,
10053839,
10055171,
10060589,
10061718,
10067285,
10069756,
10070186,
10071830,
10072428,
10074524,
10077860,
10079515,
10080477,
10087077,
10088661,
10089229,
10091771,
10093120,
10098420,
10098845,
10099139,
10106851,
10109675,
10111477,
10111670,
10112394,
10113324,
10113490,
10113854,
10115444,
10115528,
10118455,
10118487,
10119993,
10121429,
10123084,
10123962,
10124483,
10125889,
10125967,
10128655,
10129247,
10130136,
10131111,
10131352,
10131558,
10131638,
10133384,
10135889,
10137738,
10138578,
10139286,
10139719,
10140241,
10143022,
10144912,
10146692,
10146917,
10153676,
10154759,
10159362,
10160848,
10162414,
10163197,
10165897,
10167612,
10170282,
10173909,
10176098,
10177151,
10177498,
10177555,
10178202,
10178499,
10178633,
10179691,
10180374,
10180747,
10180993,
10182976,
10183244,
10184155,
10190411,
10190493,
10191787,
10194579,
10196068,
10197733,
10197987,
10198090,
10199301,
10199660,
10199962,
10200180,
10201298,
10202759,
10204174,
10204314,
10205925,
10206086,
10206095,
10206486,
10207037,
10207622,
10209410,
10209624,
10210275,
10211706,
10211762,
10212974,
10213070,
10219071,
10219571,
10219593,
10221281,
10222119,
10222702,
10223288,
10225071,
10226090,
10226580,
10228659,
10229490,
10232039,
10236474,
10240738,
10243928,
10249555,
10265805,
10266179,
10271736,
10272484,
10274387,
10277932,
10280931,
10284925,
10291346,
10301896,
10306969,
10309916,
10311417,
10312633,
10314369,
10314467,
10326892,
10326964,
10328272,
10328877,
10328913,
10328934,
10329586,
10329711,
10330033,
10331098,
10331414,
10331769,
10332268,
10332642,
10332935,
10333371,
10336082,
10337160,
10337479,
10338557,
10338912,
10338946,
10339069,
10339484,
10339614,
10339628,
10339793,
10340128,
10340382,
10341278,
10341629,
10343476,
10343632,
10349233,
10350396,
10351155,
10352678,
10354449,
10356783,
10359323,
10359392,
10359496,
10360406,
10360891,
10361928,
10362551,
10363591,
10364475,
10366106,
10367579,
10367994,
10368393,
10370636,
10371300,
10371520,
10372609,
10373044,
10373140,
10375968,
10379726,
10379834,
10384669,
10393540,
10404226,
10406631,
10407991,
10411729,
10447768,
10452345,
10456034,
10459299,
10464047,
10479972,
10480637,
10491973,
10492063,
10492138,
10492277,
10494566,
10495618,
10495740,
10495837,
10502545,
10513425,
10522695,
10542780,
10545655,
10546528,
10549444,
10549617,
10549815,
10550244,
10550556,
10550611,
10551393,
10551750,
10551976,
10554411,
10557175,
10557663,
10559022,
10559301,
10559596,
10564015,
10569985,
10573389,
10574808,
10575073,
10577221,
10591118,
10591264,
10593785,
10594401,
10594571,
10595016,
10595098,
10595616,
10595714,
10595803,
10597557,
10598248,
10598976,
10599974,
10602056,
10602845,
10604012,
10604925,
10605928,
10606889,
10608024,
10609469,
10610157,
10611445,
10612328,
10612900,
10613179,
10613644,
10614198,
10619179,
10619619,
10620383,
10620637,
10621015,
10622098,
10627605,
10630737,
10631129,
10631564,
10632412,
10634197,
10636569,
10637255,
10638228,
10638940,
10645579,
10646015,
10646614,
10647284,
10647377,
10647787,
10650013,
10650612,
10655248,
10655321,
10655419,
10656181,
10657737,
10663871,
10663979,
10664802,
10665260,
10665325,
10665582,
10665644,
10667718,
10668176,
10672255,
10672934,
10673473,
10673558,
10674053,
10674582,
10674676,
10675355,
10676150,
10677139,
10677690,
10679543,
10681068,
10681700,
10682265,
10682413,
10685403,
10687705,
10688193,
10689391,
10693347,
10694782,
10694927,
10695200,
10695556,
10695764,
10698362,
10699058,
10705011,
10706217,
10711604,
10712154,
10713797,
10714020,
10716697,
10717631,
10719616,
10721383,
10721473,
10722888,
10730822,
10733263,
10734970,
10735830,
10740339,
10741392,
10741970,
10742063,
10742487,
10749979,
10752653,
10752666,
10752862,
10753097,
10756812,
10770371,
10770841,
10772839,
10773195,
10776351,
10776462,
10777476,
10778757,
10781344,
10781574,
10781622,
10781701,
10783125,
10784755,
10787826,
10788198,
10788564,
10789819,
10790605,
10790615,
10790669,
10790732,
10790925,
10790981,
10791026,
10791064,
10791135,
10791522,
10792615,
10793375,
10795253,
10796179,
10799576,
10800457,
10801029,
10801658,
10805112,
10806058,
10806431,
10808574,
10809515,
10811042,
10813536,
10814447,
10818271,
10828557,
10829899,
10836934,
10842216,
10842768,
10845507,
10845858,
10847108,
10847180,
10850140,
10850854,
10876915,
10881384,
10883383,
10891748,
10892912,
10928670,
10933783,
10941103,
10955681,
10966420,
10976833,
10986083,
10992394,
10998999,
11003446,
11003523,
11012794,
11020705,
11026676,
11027740,
11031540,
11031994,
11134671,
11145669,
11160348,
11180132,
11183127,
11186376,
11188919,
11191388,
11193649,
11198348,
11198554,
11198854,
11198956,
11200409,
11201421,
11204203,
11206836,
11209848,
11211792,
11216890,
11228005,
11229269,
11233321,
11239246,
11240236,
11248282,
11258991,
11265933,
11282383,
11282977,
11290251,
11305457,
11305871,
11306619,
11307128,
11309340,
11309703,
11312411,
11314657,
11316856,
11322835,
11324579,
11324600,
11324952,
11325507,
11325746,
11326086,
11326636,
11327293,
11328122,
11329823,
11331050,
11331341,
11333110,
11336742,
11339160,
11398673,
11409601,
11414420,
11428673,
11429847,
11433647,
11433707,
11433848,
11434736,
11434847,
11436562,
11437507,
11437696,
11440401,
11445412,
11447429,
11447617,
11450923,
11455841,
11460325,
11461073,
11462446,
11463243,
11466188,
11472579,
11482786,
11495483,
11499087,
11501095,
11501835,
11502449,
11502616,
11503066,
11503686,
11505088,
11505333,
11505879,
11507516,
11510820,
11514216,
11518460,
11519551,
11520211,
11523419,
11531554,
11531686,
11531790,
11532584,
11535062,
11535129,
11537103,
11544637,
11548553,
11549151,
11549629,
11552131,
11555209,
11555454,
11556018,
11556148,
11561719,
11561919,
11563716,
11569239,
11574720,
11585500,
11587228,
11589030,
11589325,
11591907,
11592058,
11592804,
11593018,
11593839,
11594181,
11595185,
11595371,
11595597,
11597202,
11597808,
11599175,
11600066,
11600253,
11601911,
11602050,
11603457,
11604229,
11604808,
11604932,
11605348,
11605903,
11605961,
11606286,
11607125,
11608357,
11608453,
11608582,
11608783,
11609409,
11611120,
11612651,
11615527,
11615623,
11616034,
11616445,
11617335,
11617760,
11623297,
11630576,
11631461,
11631706,
11632715,
11634275,
11635054,
11638750,
11638942,
11639238,
11639790,
11641701,
11642428,
11643974,
11644590,
11645355,
11647982,
11648190,
11648488,
11654249,
11655599,
11656405,
11657911,
11659395,
11663576,
11663808,
11668782,
11670338,
11674694,
11677780,
11678273,
11683667,
11684108,
11687433,
11687542,
11688182,
11688214,
11689969,
11690178,
11691756,
11693431,
11694340,
11695558,
11697697,
11699560,
11699990,
11700690,
11700804,
11700863,
11702158,
11702370,
11702689,
11706904,
11711346,
11713128,
11718117,
11718378,
11718561,
11720353,
11721760,
11722126,
11723654,
11724485,
11725023,
11727646,
11728594,
11734862,
11735488,
11736033,
11737573,
11739030,
11740222,
11742373,
11744962,
11747038,
11749571,
11752048,
11753099,
11754193,
11754294,
11754821,
11755594,
11755778,
11756045,
11757081,
11758014,
11758279,
11759432,
11759449,
11759611,
11759961,
11760425,
11762421,
11763390,
11763973,
11764462,
11766807,
11766887,
11768370,
11769402,
11769852,
11770555,
11770769,
11773614,
11774525,
11774596,
11775162,
11776546,
11777775,
11778220,
11778324,
11778651,
11781655,
11781917,
11784216,
11786537,
11786593,
11787250,
11788644,
11789475,
11789487,
11789498,
11789601,
11789785,
11789842,
11790154,
11790398,
11790559,
11790709,
11791020,
11791393,
11791409,
11791541,
11791771,
11791917,
11792144,
11794600,
11795014,
11795356,
11798180,
11799489,
11800027,
11800968,
11801236,
11802403,
11803063,
11804133,
11804296,
11805464,
11806005,
11807907,
11807937,
11809442,
11809638,
11812005,
11812461,
11812542,
11814242,
11814775,
11815650,
11816635,
11818067,
11818516,
11818961,
11819266,
11823501,
11825014,
11826243,
11827893,
11828363,
11829194,
11829228,
11829414,
11829616,
11831242,
11833411,
11837397,
11837675,
11838732,
11839709,
11841698,
11841807,
11843572,
11844442,
11844685,
11845053,
11848317,
11850129,
11850221,
11850278,
11850995,
11851219,
11851474,
11851796,
11852785,
11853127,
11853865,
11854985,
11855929,
11855965,
11856806,
11857801,
11858585,
11859746,
11860254,
11860637,
11861050,
11862771,
11863073,
11863154,
11863248,
11865414,
11867004,
11867179,
11870838,
11871006,
11872428,
11874810,
11875222,
11877188,
11877371,
11878530,
11878854,
11878959,
11882044,
11882714,
11882729,
11883828,
11884034,
11884146,
11884243,
11884383,
11886616,
11886818,
11886859,
11887639,
11888010,
11888095,
11888520,
11889167,
11889524,
11889762,
11890742,
11891068,
11893494,
11893723,
11894494,
11894539,
11896727,
11899027,
11899587,
11901567,
11902108,
11902155,
11902500,
11903767,
11905121,
11906517,
11908020,
11908610,
11909337,
11910580,
11914870,
11914971,
11915560,
11917258,
11919817,
11919957,
11920995,
11922756,
11923662,
11923684,
11925041,
11927483,
11927603,
11928507,
11929290,
11929685,
11929764,
11930771,
11930855,
11930868,
11931138,
11931222,
11932842,
11935086,
11935123,
11940582,
11941119,
11941230,
11941540,
11941705,
11941783,
11944186,
11944314,
11944327,
11944894,
11945113,
11945328,
11945615,
11945979,
11947425,
11947951,
11948239,
11949177,
11950370,
11950387,
11950511,
11950641,
11950979,
11951590,
11952508,
11952849,
11953946,
11955049,
11956570,
11956728,
11956840,
11957297,
11957305,
11958328,
11960052,
11961155,
11961845,
11963505,
11963685,
11963991,
11965068,
11965412,
11965617,
11966108,
11968276,
11970214,
11971310,
11973659,
11974850,
11976279,
11977026,
11982561,
11983073,
11984194,
11986296,
11992145,
11992886,
11993006,
11993069,
11993424,
11995105,
11996661,
12000531,
12001735,
12001955,
12002819,
12003387,
12004072,
12005412,
12005876,
12006064,
12006597,
12006756,
12006823,
12007348,
12007540,
12009464,
12012435,
12013883,
12018571,
12018914,
12019335,
12019750,
12020776,
12026806,
12027111,
12028664,
12029566,
12029866,
12031229,
12033033,
12033518,
12034939,
12037100,
12037814,
12038056,
12038617,
12040078,
12040400,
12042104,
12042357,
12042575,
12043396,
12044280,
12047659,
12048843,
12049238,
12051205,
12051270,
12051810,
12052194,
12052339,
12052547,
12055643,
12055716,
12055834,
12056909,
12058121,
12058342,
12058775,
12058872,
12059000,
12059148,
12059321,
12059627,
12060102,
12060136,
12061099,
12061546,
12062099,
12063330,
12066092,
12066432,
12067703,
12068117,
12069099,
12070907,
12070933,
12071608,
12071783,
12072806,
12073110,
12073369,
12074160,
12074185,
12074215,
12074717,
12074730,
12075732,
12075952,
12076851,
12076914,
12076915,
12077017,
12077283,
12077301,
12078003,
12078851,
12078988,
12079923,
12080309,
12082042,
12082283,
12082858,
12083003,
12083418,
12083448,
12083818,
12083880,
12084204,
12084794,
12085038,
12085112,
12085476,
12085834,
12086178,
12087264,
12087730,
12087850,
12089022,
12089875,
12090162,
12091287,
12091366,
12092319,
12094659,
12094681,
12095164,
12095345,
12096289,
12096705,
12096764,
12097914,
12098133,
12098662,
12099143,
12101821,
12101915,
12106421,
12106985,
12107331,
12107369,
12109599,
12110091,
12110286,
12113106,
12113502,
12113924,
12114030,
12114513,
12114585,
12115527,
12115591,
12117025,
12117355,
12122000,
12122362,
12126426,
12131980,
12144021,
12147234,
12148963,
12151713,
12152374,
12161667,
12161873,
12162945,
12163458,
12174720,
12176665,
12177244,
12178392,
12184031,
12184878,
12184939,
12188011,
12192958,
12195415,
12197178,
12201142,
12208984,
12212390,
12212594,
12219852,
12259860,
12262762,
12262884,
12265009,
12267297,
12267365,
12268124,
12270158,
12276716,
12277018,
12277101,
12281209,
12281260,
12282123,
12283073,
12284547,
12286496,
12287103,
12287212,
12287443,
12287561,
12289317,
12289338,
12289585,
12290238,
12290432,
12291079,
12291421,
12292989,
12293740,
12294317,
12295126,
12295560,
12295619,
12295870,
12295980,
12295994,
12296013,
12296089,
12297597,
12301150,
12301713,
12302179,
12302293,
12303494,
12303913,
12304119,
12304568,
12305599,
12306863,
12307136,
12307868,
12308135,
12308300,
12309142,
12309342,
12309662,
12310472,
12310508,
12311031,
12312162,
12312270,
12312652,
12312737,
12313185,
12313677,
12314620,
12315019,
12315176,
12319379,
12319539,
12319593,
12319913,
12319983,
12320721,
12321708,
12322483,
12327153,
12327370,
12328546,
12328679,
12329513,
12330098,
12330340,
12330778,
12330829,
12331669,
12331714,
12332663,
12334161,
12334512,
12335132,
12335357,
12337421,
12337979,
12341149,
12342836,
12343024,
12343076,
12343151,
12343700,
12347065,
12347266,
12347421,
12349066,
12351093,
12351658,
12352056,
12355749,
12356930,
12359056,
12360935,
12362249,
12362394,
12363061,
12364809,
12364881,
12365309,
12365722,
12366165,
12368216,
12368397,
12369092,
12370836,
12372675,
12373232,
12374199,
12375222,
12376541,
12376930,
12378141,
12389735,
12389878,
12390298,
12391059,
12391331,
12393570,
12395031,
12396568,
12397028,
12397604,
12397675,
12400667,
12401009,
12401926,
12402022,
12405130,
12406299,
12407597,
12410977,
12423202,
12425584,
12425851,
12434001,
12436770,
12439751,
12447014,
12452443,
12453592,
12454921,
12457003,
12457053,
12457239,
12459904,
12463468,
12464020,
12464292,
12464863,
12465269,
12465962,
12466191,
12468219,
12473115,
12474474,
12475284,
12475630,
12478614,
12483465,
12486874,
12493338,
12495908,
12499486,
12499799,
12499873,
12506959,
12512311,
12520616,
12522030,
12524678,
12526189,
12534482,
12535246,
12538793,
12539153,
12542798,
12545549,
12556078,
12559858,
12561167,
12562002,
12562383,
12563048,
12564044,
12564694,
12564922,
12565931,
12568208,
12568363,
12569306,
12570913,
12571461,
12572575,
12573619,
12574265,
12575113,
12575704,
12575868,
12576094,
12576381,
12576735,
12577602,
12577624,
12579425,
12580170,
12580430,
12580440,
12581326,
12581688,
12581985,
12582474,
12583184,
12583395,
12583446,
12583977,
12585508,
12585551,
12585797,
12586190,
12586262,
12588134,
12591248,
12592399,
12593447,
12593650,
12593968,
12594030,
12594063,
12594107,
12594158,
12596690,
12597837,
12600743,
12607236,
12612668,
12613358,
12618425,
12619798,
12628722,
12634070,
12650981,
12655140,
12656552,
12657719,
12659033,
12659573,
12660711,
12660712,
12660796,
12661803,
12661883,
12662800,
12662817,
12663162,
12663423,
12663818,
12664561,
12665030,
12666701,
12666926,
12667199,
12670147,
12671683,
12672302,
12674829,
12674965,
12675115,
12675593,
12676979,
12683153,
12683744,
12684884,
12686183,
12688800,
12689310,
12695055,
12696891,
12697433,
12698634,
12698852,
12699173,
12704633,
12706034,
12707222,
12707481,
12711454,
12714546,
12715151,
12715517,
12718164,
12720019,
12720298,
12720366,
12721982,
12724586,
12724991,
12726635,
12728120,
12729393,
12729573,
12730572,
12730635,
12737691,
12738292,
12740117,
12740873,
12741299,
12743523,
12744555,
12745180,
12745477,
12745764,
12746443,
12747122,
12747203,
12747367,
12747577,
12748033,
12748952,
12749076,
12750512,
12750604,
12750647,
12750914,
12751630,
12751650,
12751899,
12752571,
12753027,
12753856,
12755805,
12757369,
12757650,
12758170,
12759869,
12763267,
12766343,
12766390,
12768198,
12768762,
12769114,
12769388,
12769404,
12769573,
12769589,
12769755,
12769860,
12769922,
12770159,
12770227,
12770256,
12770364,
12770524,
12771187,
12771943,
12772025,
12773301,
12774465,
12775360,
12776728,
12777630,
12779346,
12780838,
12784993,
12786616,
12786889,
12787895,
12788078,
12788949,
12789329,
12789598,
12789955,
12791203,
12791894,
12793652,
12794555,
12794724,
12795305,
12795639,
12795655,
12795762,
12796306,
12796730,
12796924,
12796947,
12797667,
12799625,
12802557,
12803775,
12807845,
12808475,
12809148,
12810599,
12810809,
12811010,
12813216,
12813824,
12814032,
12816805,
12818769,
12820485,
12820880,
12824465,
12832054,
12832608,
12832972,
12833882,
12836492,
12837406,
12837474,
12837934,
12837985,
12838591,
12840231,
12842224,
12847581,
12850580,
12853645,
12854181,
12854475,
12855925,
12856039,
12857950,
12858477,
12862102,
12863972,
12865482,
12867423,
12868759,
12869216,
12869776,
12870226,
12870245,
12871333,
12873119,
12874920,
12875718,
12876896,
12878826,
12878954,
12879884,
12880515,
12880618,
12880758,
12881050,
12881543,
12881794,
12882446,
12882785,
12884365,
12884457,
12885360,
12886165,
12886193,
12887201,
12887204,
12888837,
12890184,
12892261,
12893083,
12893190,
12893597,
12897484,
12897822,
12897833,
12898438,
12899742,
12900066,
12900555,
12901078,
12901299,
12901382,
12904222,
12906544,
12907354,
12908359,
12910068,
12910196,
12912599,
12913285,
12915356,
12916589,
12917817,
12922462,
12923692,
12926998,
12927506,
12929397,
12930202,
12931168,
12931234,
12934126,
12936966,
12937586,
12937896,
12938351,
12939648,
12940034,
12940407,
12940450,
12940688,
12941400,
12941919,
12942472,
12942534,
12942637,
12943093,
12943470,
12943826,
12943911,
12944209,
12944392,
12944410,
12944516,
12945329,
12947397,
12947743,
12948519,
12949670,
12950331,
12951544,
12952065,
12954550,
12956287,
12958829,
12960556,
12960842,
12962489,
12963859,
12964754,
12966113,
12966808,
12967316,
12967916,
12968037,
12968127,
12969791,
12970834,
12973437,
12975255,
12983794,
12985541,
12991706,
12992678,
12993824,
12995556,
12997670,
12997752,
12997970,
13001188,
13002404,
13004987,
13009025,
13010283,
13023375,
13030476,
13031115,
13032466,
13032630,
13033426,
13034643,
13035522,
13036365,
13036792,
13037011,
13041884,
13042525,
13047655,
13048752,
13049873,
13051462,
13054148,
13059291,
13065983,
13071092,
13074687,
13075296,
13076371,
13087662,
13089436,
13089735,
13089883,
13091442,
13093206,
13093275,
13093612,
13095222,
13095510,
13103418,
13104125,
13105758,
13117011,
13117989,
13125831,
13126213,
13126784,
13127751,
13129789,
13130004,
13138091,
13139514,
13146030,
13154007,
13154719,
13164009,
13164773,
13166445,
13166750,
13167098,
13169932,
13171360,
13173521,
13175273,
13177312,
13181839,
13182184,
13182205,
13182735,
13183432,
13184023,
13185178,
13186178,
13193511,
13194810,
13195311,
13196101,
13196888,
13197310,
13197562,
13197705,
13198018,
13198763,
13202735,
13205037,
13205271,
13206540,
13208381,
13209087,
13209413,
13209511,
13209883,
13210063,
13211224,
13211262,
13212119,
13212631,
13216261,
13217301,
13218576,
13218644,
13218771,
13219886,
13224004,
13225233,
13226481,
13226705,
13227551,
13227906,
13228034,
13228096,
13231933,
13232307,
13232477,
13232772,
13232875,
13233005,
13233952,
13234050,
13241071,
13241647,
13245204,
13246725,
13246957,
13250318,
13250432,
13251497,
13252780,
13252846,
13253753,
13255227,
13255283,
13256364,
13257206,
13257332,
13258716,
13259315,
13264018,
13265627,
13265762,
13266013,
13268171,
13268840,
13268902,
13271994,
13273796,
13277281,
13280298,
13282084,
13283470,
13285093,
13285653,
13286150,
13287338,
13289379,
13290535,
13291782,
13293620,
13293945,
13295022,
13296915,
13301240,
13301304,
13302255,
13302780,
13303578,
13303628,
13304505,
13306094,
13311739,
13312430,
13313354,
13313418,
13313431,
13313971,
13314045,
13314585,
13314741,
13314792,
13315073,
13315940,
13316856,
13318634,
13319428,
13319579,
13321812,
13324355,
13325131,
13326550,
13328344,
13329777,
13333670,
13333728,
13334399,
13334604,
13335613,
13338302,
13339181,
13339602,
13339769,
13340372,
13340446,
13342708,
13346346,
13347610,
13347990,
13352124,
13352561,
13352705,
13353401,
13354008,
13357569,
13357647,
13358735,
13359384,
13359437,
13359805,
13359826,
13360567,
13361054,
13364639,
13368408,
13368665,
13373393,
13374947,
13375290,
13376133,
13376170,
13376292,
13376659,
13376701,
13377210,
13377292,
13380314,
13380641,
13384903,
13386261,
13387287,
13388378,
13391128,
13391306,
13400357,
13401075,
13401198,
13401422,
13401697,
13401880,
13401897,
13402313,
13402378,
13402609,
13402684,
13402692,
13402704,
13402973,
13403012,
13403774,
13403857,
13404303,
13404798,
13406255,
13406536,
13406604,
13407494,
13407944,
13408468,
13409587,
13410219,
13413884,
13414949,
13415617,
13416072,
13417579,
13417749,
13418722,
13419246,
13420562,
13420564,
13420586,
13420612,
13420636,
13420699,
13420701,
13420967,
13421030,
13421093,
13421638,
13422043,
13422152,
13422208,
13422357,
13424654,
13424937,
13425027,
13425195,
13425415,
13426745,
13427619,
13428669,
13429591,
13430389,
13434501,
13435404,
13442607,
13446916,
13451185,
13452305,
13454852,
13464164,
13468772,
13470904,
13471414,
13473749,
13474179,
13474688,
13475166,
13476004,
13476446,
13477756,
13479115,
13483241,
13490773,
13491301,
13494740,
13496740,
13497728,
13498146,
13498915,
13499995,
13500152,
13500345,
13500857,
13503211,
13504064,
13504902,
13505270,
13506629,
13508912,
13509203,
13510871,
13523825,
13524279,
13527651,
13527687,
13528386,
13528543,
13528884,
13529573,
13529956,
13530340,
13532541,
13533540,
13534071,
13534682,
13535302,
13538405,
13541605,
13547641,
13561428,
13562215,
13562373,
13563703,
13564573,
13567108,
13567487,
13569378,
13570192,
13571042,
13576772,
13576823,
13578309,
13578319,
13579886,
13580299,
13580794,
13581326,
13581345,
13582111,
13582209,
13583097,
13583973,
13586053,
13587743,
13588136,
13589215,
13590232,
13591104,
13592109,
13599897,
13611839,
13616729,
13635563,
13658824,
13660395,
13662275,
13665556,
13667092,
13667479,
13669304,
13671966,
13672481,
13673702,
13677146,
13678338,
13679581,
13680618,
13682485,
13685716,
13687719,
13691488,
13693738,
13695859,
13696901,
13697991,
13699115,
13700166,
13700568,
13700644,
13701339,
13702480,
13702521,
13702843,
13703339,
13703926,
13704072,
13705887,
13706129,
13706649,
13708055,
13708749,
13713237,
13714285,
13715061,
13716377,
13717421,
13718427,
13718547,
13719109,
13719699,
13720756,
13721332,
13721510,
13721854,
13722031,
13722645,
13722741,
13722994,
13724495,
13724953,
13730079,
13743620,
13743960,
13744526,
13745221,
13746427,
13748880,
13750673,
13750828,
13755024,
13756121,
13757437,
13760491,
13760574,
13761881,
13765406,
13772951,
13773067,
13774127,
13776705,
13777922,
13778133,
13781033,
13781474,
13782558,
13783805,
13784155,
13784179,
13784385,
13785841,
13786598,
13786762,
13786906,
13788844,
13789030,
13790693,
13791191,
13791624,
13792312,
13793814,
13794845,
13795855,
13796933,
13797642,
13799959,
13801897,
13803644,
13803799,
13804351,
13807464,
13807808,
13810909,
13812032,
13812373,
13830499,
13836084,
13837499,
13838979,
13840142,
13840728,
13846444,
13847532,
13855571,
13856979,
13857489,
13859598,
13867802,
13873664,
13874202,
13877995,
13878165,
13880059,
13881410,
13882076,
13883820,
13883934,
13892331,
13893717,
13894207,
13894484,
13902893,
13905638,
13909702,
13912896,
13914048,
13917221,
13918071,
13918348,
13919288,
13919485,
13920146,
13920215,
13920622,
13922495,
13925699,
13926220,
13928688,
13930696,
13936154,
13949019,
13951507,
13953087,
13953855,
13954392,
13956736,
13958813,
13961722,
13961867,
13962151,
13962547,
13963179,
13963471,
13964108,
13964196,
13964201,
13965820,
13966746,
13967554,
13968725,
13969959,
13970150,
13972629,
13972775,
13972799,
13973630,
13975387,
13975901,
13978623,
13980397,
13983206,
13985100,
13986758,
13987513,
13994413,
14001704,
14008730,
14011642,
14014281,
14024178,
14029991,
14031415,
14031816,
14045286,
14047917,
14050762,
14052731,
14061701,
14076294,
14077618,
14077740,
14079098,
14096505,
14096522,
14100983,
14106696,
14108757,
14108938,
14109853,
14109954,
14111019,
14111179,
14111354,
14111664,
14111672,
14111760,
14111791,
14111936,
14112236,
14112935,
14113209,
14113410,
14113503,
14113652,
14114540,
14115138,
14115200,
14115227,
14117051,
14117146,
14119445,
14122786,
14124116,
14124942,
14127425,
14128680,
14128759,
14129440,
14131973,
14135080,
14136632,
14138155,
14138365,
14145987,
14146637,
14149817,
14153668,
14156731,
14156814,
14161147,
14161660,
14162439,
14164604,
14168353,
14178346,
14178834,
14184989,
14189683,
14195700,
14201848,
14204124,
14212289,
14215544,
14217269,
14230577,
14237697,
14237765,
14238171,
14238873,
14239188,
14239277,
14239564,
14240167,
14242049,
14243957,
14244767,
14245973,
14245977,
14247799,
14248431,
14249423,
14251058,
14251346,
14251756,
14252579,
14252665,
14255806,
14256593,
14257550,
14259871,
14260188,
14260996,
14263195,
14263983,
14268177,
14269540,
14270359,
14272791,
14275183,
14279567,
14279959,
14280049,
14280310,
14280830,
14281276,
14282570,
14283313,
14283676,
14284251,
14286399,
14289031,
14294299,
14307001,
14307100,
14309171,
14311499,
14312654,
14313085,
14314725,
14321323,
14322157,
14322434,
14324252,
14327408,
14327693,
14328442,
14330072,
14331236,
14370739,
14380555,
14396925,
14422524,
14428514,
14434366,
14434512,
14439271,
14440085,
14443413,
14452044,
14454207,
14454786,
14469067,
14469140,
14483263,
14494750,
14496261,
14500932,
14503137,
14503833,
14505406,
14506506,
14507249,
14507559,
14508078,
14509030,
14509255,
14510348,
14510822,
14510870,
14511315,
14511660,
14520242,
14525572,
14530881,
14534653,
14536170,
14536840,
14541942,
14546230,
14549269,
14550813,
14552420,
14553631,
14585558,
14617794,
14622279,
14630863,
14641570,
14658579,
14663845,
14665608,
14665883,
14672068,
14673021,
14683796,
14685534,
14688191,
14690350,
14691351,
14693252,
14702164,
14723679,
14725209,
14730396,
14733680,
14738870,
14738962,
14748384,
14749158,
14756018,
14757042,
14758004,
14766927,
14768699,
14768805,
14773061,
14773569,
14776786,
14777120,
14779949,
14780174,
14783050,
14783385,
14784330,
14785796,
14789527,
14789981,
14795827,
14798406,
14802399,
14802478,
14802767,
14802964,
14802966,
14803396,
14803541,
14813230,
14813669,
14817942,
14822786,
14823128,
14825244,
14826983,
14828732,
14829948,
14829974,
14831896,
14832269,
14832270,
14839291,
14839300,
14840919,
14846784,
14849682,
14851654,
14885853,
14885984,
14890962,
14901480,
14911060,
14911804,
14911948,
14912388,
14912816,
14912888,
14913943,
14917379,
14917721,
14920710,
14921378,
14924021,
14928283,
14930484,
14931176,
14936481,
14940518,
14941774,
14942227,
14942623,
14942869,
14944314,
14945739,
14947254,
14947749,
14948543,
14951212,
14951670,
14952768,
14953087,
14954501,
14957272,
14958569,
14959512,
14961036,
14961816,
14962166,
14962889,
14966169,
14973167,
14974206,
14976733,
14977429,
14980785,
14987445,
14993540,
14994722,
14998735,
14999591,
15000502,
15002640,
15003213,
15004337,
15008643,
15010666,
15012906,
15015856,
15016509,
15017194,
15021654,
15022763,
15028129,
15033029,
15033662,
15034914,
15035830,
15036692,
15037166,
15042036,
15042069,
15042658,
15043804,
15046704,
15050454,
15050525,
15052532,
15052886,
15055215,
15056276,
15058279,
15058790,
15063031,
15066879,
15067471,
15069657,
15070096,
15072717,
15073854,
15075036,
15075771,
15078131,
15078240,
15078613,
15080130,
15080560,
15081704,
15082238,
15082942,
15084717,
15085618,
15086046,
15086154,
15086600,
15086963,
15087312,
15087392,
15087495,
15087881,
15088549,
15090712,
15092229,
15092330,
15092972,
15093146,
15093356,
15094394,
15095581,
15095710,
15095845,
15095989,
15096424,
15096457,
15097271,
15097908,
15098704,
15098901,
15099155,
15100437,
15106085,
15106788,
15107701,
15109244,
15109533,
15110124,
15110451,
15110818,
15112255,
15116930,
15124178,
15127554,
15130906,
15139793,
15141998,
15144122,
15149787,
15150773,
15152092,
15154050,
15154233,
15157404,
15159828,
15160309,
15160666,
15162809,
15163316,
15163671,
15164478,
15166299,
15166602,
15166653,
15167057,
15167224,
15167450,
15167670,
15167914,
15168366,
15168867,
15179845,
15179932,
15180925,
15184303,
15188093,
15189935,
15198565,
15198865,
15199143,
15205536,
15206112,
15208982,
15212575,
15215709,
15217075,
15217943,
15222596,
15229880,
15236702,
15240848,
15242858,
15266003,
15267511,
15268713,
15276004,
15284970,
15285097,
15321888,
15335214,
15346701,
15355096,
15355893,
15361892,
15362820,
15375043,
15390996,
15392208,
15407261,
15408841,
15411414,
15413090,
15414728,
15415532,
15415574,
15416357,
15416618,
15417144,
15418410,
15423010,
15424700,
15425000,
15428426,
15430074,
15431689,
15451870,
15467740,
15468095,
15468481,
15471189,
15474830,
15477827,
15484005,
15484465,
15504295,
15506089,
15506171,
15506565,
15507758,
15508035,
15508228,
15508247,
15508307,
15508871,
15509424,
15511977,
15513582,
15514169,
15515128,
15515217,
15516102,
15516377,
15516802,
15517245,
15517821,
15518341,
15519047,
15520168,
15520820,
15523661,
15524417,
15527179,
15532141,
15533055,
15533905,
15535239,
15536483,
15536628,
15537016,
15537269,
15537798,
15538705,
15542269,
15545614,
15546178,
15549601,
15550196,
15550198,
15554116,
15555315,
15561812,
15562133,
15564384,
15567314,
15569620,
15571219,
15571728,
15575071,
15578809,
15578863,
15580181,
15580734,
15582507,
15584056,
15587359,
15595480,
15601070,
15601109,
15602819,
15604758,
15606653,
15607908,
15610289,
15611276,
15614709,
15615081,
15620486,
15622851,
15636622,
15638432,
15638590,
15646800,
15647055,
15648619,
15652275,
15657144,
15658307,
15659242,
15659640,
15660514,
15663117,
15665945,
15666865,
15667211,
15667276,
15667362,
15668678,
15676548,
15679826,
15682273,
15684035,
15684366,
15686275,
15690276,
15690581,
15694575,
15696690,
15703578,
15706277,
15706811,
15719237,
15720614,
15727668,
15727858,
15745151,
15746600,
15749047,
15754396,
15762029,
15763169,
15790909,
15804580,
15819665,
15851039,
15852037,
15861760,
15863173,
15881648,
15885621,
15897023,
15905652,
15909515,
15913491,
15918519,
15919685,
15922216,
15922875,
15926565,
15927413,
15927714,
15933938,
15941226,
15943058,
15953295,
15956738,
15963684,
15971858,
15975034,
15976264,
15978007,
15983538,
15983847,
15984961,
15985852,
15985871,
15988133,
15988272,
15990634,
15991703,
15996400,
15998753,
15998779,
15999789,
16001303,
16002099,
16002686,
16003669,
16005704,
16007701,
16010448,
16016352,
16022479,
16025826,
16026294,
16026385,
16026447,
16026854,
16026982,
16028488,
16034293,
16034697,
16035458,
16043573,
16052722,
16054864,
16058666,
16059855,
16066248,
16069108,
16069542,
16071273,
16074878,
16077361,
16081766,
16086556,
16097778,
16097978,
16105512,
16106003,
16106543,
16110054,
16115639,
16120615,
16121525,
16121975,
16122309,
16123506,
16123624,
16123684,
16123958,
16124056,
16124095,
16124239,
16124487,
16124500,
16125877,
16126469,
16127060,
16127978,
16128310,
16128776,
16132603,
16132783,
16133543,
16134463,
16134988,
16139189,
16139323,
16142126,
16146666,
16146907,
16148637,
16149356,
16151278,
16154479,
16155060,
16155857,
16156126,
16156355,
16156445,
16157366,
16157525,
16157881,
16159451,
16163403,
16163753,
16164894,
16164979,
16167078,
16167612,
16168801,
16169308,
16169491,
16169732,
16169972,
16170039,
16170604,
16171098,
16171103,
16172467,
16172916,
16174310,
16174735,
16174811,
16175760,
16176118,
16177268,
16178116,
16182435,
16182612,
16184141,
16184779,
16185237,
16185287,
16185497,
16185578,
16185661,
16185993,
16186205,
16187124,
16187365,
16187622,
16188893,
16191412,
16192166,
16194373,
16195456,
16197999,
16198840,
16199920,
16203005,
16211949,
16213464,
16215650,
16228137,
16228272,
16230709,
16231800,
16236690,
16238490,
16239083,
16241964,
16244799,
16246538,
16247621,
16247696,
16251582,
16252158,
16254042,
16255287,
16256005,
16256061,
16265447,
16265716,
16266063,
16266470,
16268534,
16268604,
16268947,
16269250,
16270352,
16271063,
16272225,
16272349,
16273103,
16273466,
16273696,
16273966,
16274371,
16274379,
16276598,
16276601,
16276733,
16280797,
16281509,
16281602,
16282788,
16283449,
16284204,
16284456,
16284580,
16285031,
16286138,
16286301,
16289565,
16292498,
16293333,
16296019,
16296544,
16297255,
16297331,
16300811,
16307130,
16309828,
16310310,
16311492,
16317983,
16319337,
16319824,
16320559,
16320775,
16321171,
16323934,
16324364,
16324379,
16329605,
16331092,
16333353,
16338445,
16339580,
16340967,
16345765,
16345894,
16346916,
16347136,
16347330,
16347513,
16347745,
16348616,
16349060,
16349325,
16350811,
16352361,
16352664,
16356756,
16357144,
16357460,
16358637,
16358858,
16359193,
16360226,
16360429,
16360435,
16361255,
16361432,
16361674,
16361986,
16362076,
16363325,
16363344,
16364556,
16364755,
16366085,
16366450,
16367557,
16367691,
16369701,
16370987,
16371235,
16372693,
16373570,
16375214,
16380566,
16384734,
16385833,
16387556,
16387889,
16390961,
16399344,
16409465,
16409493,
16411184,
16413617,
16415811,
16415869,
16420052,
16420412,
16421042,
16421663,
16422111,
16426595,
16426929,
16428254,
16433661,
16433902,
16437376,
16456103,
16463228,
16475752,
16475839,
16478365,
16479925,
16482374,
16483936,
16497226,
16497733,
16498244,
16499226,
16501378,
16502414,
16504429,
16505651,
16512311,
16513722,
16516153,
16517664,
16521127,
16521285,
16521696,
16521776,
16526311,
16528022,
16528558,
16529599,
16539668,
16541865,
16541893,
16542346,
16542827,
16542948,
16543946,
16544206,
16545593,
16546204,
16547627,
16559648,
16560610,
16565091,
16566972,
16568668,
16577340,
16577860,
16578286,
16582704,
16585185,
16586652,
16586887,
16588565,
16590282,
16590499,
16594099,
16597996,
16599164,
16600417,
16602437,
16602899,
16604822,
16604928,
16613550,
16614232,
16614687,
16615074,
16618515,
16619456,
16619866,
16620437,
16625882,
16627951,
16628553,
16632021,
16635432,
16639686,
16642253,
16642979,
16644825,
16645582,
16646062,
16660943,
16666224,
16670880,
16679700,
16684903,
16689070,
16690775,
16693854,
16695227,
16696618,
16702306,
16703719,
16703945,
16704554,
16707041,
16710838,
16713083,
16713166,
16713743,
16713941,
16714881,
16715051,
16716153,
16716652,
16717339,
16717785,
16719752,
16720853,
16721130,
16721894,
16722115,
16723030,
16723935,
16725099,
16728410,
16729486,
16733482,
16735506,
16737390,
16738763,
16743277,
16744533,
16745929,
16749686,
16750699,
16753762,
16759238,
16762715,
16781357,
16787785,
16810346,
16811310,
16815103,
16818991,
16857313,
16859383,
16859995,
16861272,
16866853,
16870727,
16875949,
16876499,
16899383,
16904488,
16924734,
16930371,
16933536,
16942120,
16944601,
16946950,
16950653,
16966559,
16981001,
16986845,
16986965,
16988404,
16988647,
17000204,
17021233,
17028324,
17031818,
17038535,
17040118,
17046604,
17052045,
17053275,
17059946,
17073197,
17078168,
17084016,
17084180,
17086896,
17091030,
17091278,
17093813,
17093913,
17094540,
17095880,
17096072,
17096458,
17096534,
17097539,
17097987,
17098032,
17098229,
17102350,
17104131,
17105511,
17106570,
17107922,
17109579,
17109777,
17111402,
17113357,
17131602,
17135946,
17158141,
17162156,
17163333,
17168774,
17180755,
17184282,
17186143,
17187845,
17194510,
17198489,
17199972,
17201579,
17202109,
17202121,
17202239,
17202919,
17202952,
17204050,
17205141,
17205754,
17207319,
17207793,
17211555,
17213521,
17214019,
17215307,
17215316,
17215605,
17215786,
17216079,
17216834,
17216889,
17218526,
17220632,
17220804,
17221549,
17221993,
17222373,
17222579,
17223371,
17223807,
17223964,
17224018,
17224252,
17225429,
17229567,
17229646,
17232074,
17232182,
17233074,
17233109,
17233192,
17233423,
17234628,
17235326,
17235734,
17235887,
17237525,
17238227,
17239338,
17240469,
17241182,
17241970,
17243255,
17243720,
17244427,
17245579,
17248861,
17253328,
17258885,
17261537,
17267823,
17268575,
17270284,
17272484,
17272568,
17275273,
17276208,
17277891,
17287249,
17301249,
17309290,
17314066,
17315300,
17331954,
17332308,
17332996,
17333110,
17333894,
17335690,
17344955,
17347418,
17347766,
17350050,
17351545,
17355342,
17356024,
17356102,
17357838,
17360796,
17361674,
17361845,
17362699,
17364430,
17366038,
17369917,
17371323,
17377515,
17381163,
17390620,
17391361,
17393390,
17403759,
17404893,
17411137,
17413773,
17426006,
17428259,
17430342,
17433003,
17435615,
17437736,
17438364,
17438368,
17441565,
17443178,
17448139,
17449937,
17453354,
17454129,
17462734,
17463393,
17468144,
17468669,
17471606,
17472670,
17480990,
17481422,
17485727,
17486278,
17486886,
17494554,
17496417,
17500899,
17507106,
17510564,
17511663,
17514671,
17519895,
17521752,
17522229,
17523862,
17525722,
17526695,
17529381,
17531740,
17532123,
17532960,
17533722,
17536369,
17539787,
17541811,
17544509,
17548120,
17551777,
17552302,
17575518,
17576056,
17583402,
17589132,
17591886,
17595898,
17597577,
17602268,
17607985,
17608244,
17608287,
17608637,
17609172,
17609314,
17609390,
17609757,
17610204,
17612292,
17621983,
17622085,
17630640,
17631032,
17633939,
17639153,
17642463,
17643248,
17646416,
17647672,
17650169,
17662866,
17663622,
17666212,
17668166,
17669855,
17672254,
17678793,
17681219,
17682591,
17684739,
17685000,
17685285,
17690637,
17693532,
17695396,
17696831,
17699193,
17707780,
17709608,
17710130,
17711152,
17711277,
17711478,
17711731,
17712555,
17717762,
17722739,
17728451,
17728778,
17729134,
17735249,
17736313,
17739625,
17775878,
17780196,
17793902,
17794713,
17809925,
17831899,
17865409,
17880166,
17881838,
17887142,
17888029,
17892094,
17896291,
17897624,
17899209,
17913957,
17917806,
17918643,
17918794,
17920602,
17921600,
17921768,
17924089,
17925988,
17944567,
17944960,
17961482,
17966249,
17967856,
17975404,
17986503,
17988694,
17993112,
17993525,
17994188,
17997120,
18009576,
18017557,
18027458,
18029357,
18033327,
18036556,
18041643,
18043175,
18052900,
18057568,
18065674,
18072809,
18074061,
18081086,
18081321,
18081795,
18087538,
18102571,
18107124,
18110647,
18111210,
18114678,
18117664,
18122168,
18123306,
18123380,
18123814,
18124112,
18134109,
18134363,
18141920,
18142161,
18144091,
18145619,
18145850,
18146156,
18146746,
18147569,
18147703,
18147737,
18147811,
18147991,
18148933,
18149538,
18149657,
18150502,
18151151,
18151193,
18152059,
18152867,
18153545,
18153910,
18155154,
18157059,
18162584,
18171022,
18178000,
18184559,
18185727,
18186545,
18186945,
18191867,
18201585,
18203891,
18204704,
18209087,
18210409,
18210718,
18218451,
18219189,
18220104,
18220238,
18220301,
18220464,
18220484,
18220816,
18221049,
18221053,
18222137,
18222515,
18222795,
18223817,
18223841,
18226548,
18227658,
18229452,
18233856,
18235783,
18242529,
18248716,
18248944,
18249550,
18261318,
18261464,
18277922,
18282517,
18290874,
18299756,
18302555,
18302843,
18302966,
18303778,
18306452,
18310516,
18310556,
18310674,
18311601,
18312302,
18312320,
18313507,
18313598,
18314683,
18315566,
18315971,
18320794,
18321246,
18333485,
18335129,
18335927,
18337529,
18340509,
18344394,
18347887,
18348326,
18350959,
18353863,
18354383,
18362397,
18363337,
18372852,
18375064,
18380394,
18386033,
18387444,
18387639,
18401403,
18402645,
18405269,
18418590,
18419325,
18427486,
18436980,
18454528,
18454709,
18460846,
18461011,
18466697,
18467094,
18467404,
18470106,
18470513,
18472100,
18474131,
18476070,
18476782,
18479272,
18480659,
18484227,
18485864,
18488203,
18490180,
18496122,
18496374,
18498602,
18498767,
18503017,
18507160,
18509344,
18511993,
18515901,
18517432,
18519098,
18519492,
18520687,
18521564,
18524303,
18527810,
18528832,
18531169,
18532586,
18533798,
18538042,
18539215,
18539740,
18551073,
18551153,
18553334,
18559308,
18573770,
18580315,
18587824,
18603781,
18609018,
18611205,
18611623,
18612078,
18617642,
18626324,
18629767,
18631317,
18632886,
18634468,
18635113,
18636072,
18636590,
18637882,
18639784,
18641439,
18642278,
18643297,
18646229,
18649330,
18651653,
18654066,
18655077,
18656902,
18658562,
18659030,
18660126,
18668530,
18669307,
18674109,
18676533,
18678099,
18679875,
18683775,
18685901,
18686012,
18686300,
18687976,
18691601,
18695196,
18697354,
18698599,
18702507,
18703889,
18710155,
18710717,
18714331,
18714674,
18719188,
18720848,
18721512,
18723000,
18723066,
18723196,
18724519,
18724572,
18726664,
18726838,
18727855,
18728719,
18729034,
18731379,
18735521,
18738144,
18738382,
18749560,
18752870,
18756987,
18760880,
18771541,
18775989,
18777403,
18796368,
18797435,
18808406,
18820542,
18825256,
18825852,
18828890,
18847031,
18849202,
18851480,
18853931,
18862006,
18862592,
18863929,
18864752,
18872648,
18872649,
18873147,
18880559,
18881413,
18882891,
18889292,
18899245,
18900108,
18903231,
18906019,
18908742,
18909582,
18911527,
18916924,
18917758,
18919084,
18920045,
18926264,
18927679,
18928926,
18930005,
18933133,
18933517,
18934029,
18934215,
18934420,
18934469,
18934500,
18935093,
18935696,
18938242,
18938451,
18938463,
18939618,
18940370,
18941400,
18942243,
18943273,
18944270,
18946903,
18947167,
18950147,
18951156,
18951421,
18951868,
18953071,
18953079,
18956669,
18956907,
18957414,
18961805,
18966200,
18969855,
18969981,
18971169,
18971366,
18973686,
18978580,
18982007,
18982147,
18990711,
18990800,
18999406,
19000248,
19006095,
19011182,
19011227,
19011329,
19014390,
19015366,
19018242,
19018472,
19019728,
19020146,
19020523,
19021792,
19022306,
19023247,
19024776,
19028381,
19034370,
19035006,
19036563,
19038281,
19038357,
19040738,
19041511,
19049068,
19051636,
19055013,
19057540,
19064755,
19065841,
19066035,
19067298,
19071250,
19077937,
19079296,
19083552,
19084643,
19084876,
19085355,
19085968,
19088093,
19088458,
19103898,
19104930,
19104965,
19105333,
19110045,
19110093,
19113015,
19114780,
19135573,
19146455,
19146879,
19150837,
19151351,
19158301,
19172692,
19177591,
19182096,
19183675,
19189054,
19189218,
19191283,
19191541,
19211013,
19217833,
19228449,
19228697,
19231278,
19240643,
19250794,
19284735,
19286145,
19294676,
19296774,
19301472,
19301636,
19316385,
19337650,
19340168,
19348026,
19348247,
19356008,
19361382,
19364006,
19366198,
19366402,
19367972,
19369949,
19376861,
19382518,
19383409,
19385879,
19387140,
19387159,
19390721,
19392235,
19393116,
19393629,
19394290,
19394642,
19394809,
19397901,
19399489,
19402462,
19404009,
19404346,
19404419,
19407333,
19410266,
19420715,
19422453,
19422773,
19425172,
19431198,
19437873,
19447246,
19455459,
19461337,
19474029,
19486387,
19491591,
19493594,
19498417,
19504078,
19511174,
19530785,
19539468,
19543514,
19544357,
19544696,
19544772,
19545233,
19547269,
19547988,
19548104,
19548517,
19549581,
19552765,
19553729,
19554674,
19554907,
19558187,
19560816,
19563449,
19565481,
19567645,
19568661,
19569174,
19570424,
19573711,
19573808,
19574047,
19574106,
19574712,
19575027,
19575042,
19575376,
19576186,
19579353,
19580358,
19587225,
19587290,
19589120,
19589963,
19590161,
19590674,
19591129,
19593652,
19595865,
19596851,
19597130,
19602942,
19603431,
19605937,
19608222,
19608926,
19609882,
19615665,
19617690,
19617993,
19618170,
19618619,
19620311,
19620840,
19623605,
19624062,
19624556,
19624750,
19625341,
19625582,
19625626,
19625997,
19626483,
19626615,
19626814,
19626858,
19628294,
19629974,
19630232,
19630786,
19631041,
19634546,
19637463,
19640927,
19641044,
19641492,
19641879,
19642365,
19643644,
19643790,
19644585,
19644940,
19644987,
19647684,
19648660,
19648818,
19652376,
19653763,
19654287,
19659533,
19660802,
19661130,
19661245,
19661272,
19661320,
19661924,
19666821,
19667042,
19669302,
19670364,
19674540,
19675037,
19675272,
19676547,
19677532,
19681216,
19682706,
19683199,
19687050,
19691614,
19692829,
19699761,
19708878,
19715997,
19719742,
19719887,
19724514,
19725522,
19734830,
19737447,
19739705,
19740311,
19740739,
19741529,
19744244,
19747230,
19755254,
19756837,
19758399,
19758418,
19763160,
19768140,
19768618,
19768671,
19769028,
19770090,
19770132,
19770637,
19770875,
19771106,
19771297,
19771353,
19771725,
19772046,
19772606,
19772945,
19774084,
19774261,
19774707,
19774865,
19775349,
19775743,
19777387,
19779449,
19779550,
19779587,
19780261,
19780334,
19780830,
19782267,
19782625,
19783396,
19783997,
19784054,
19784090,
19784334,
19784565,
19786972,
19791410,
19791920,
19792747,
19794395,
19794878,
19795475,
19795916,
19796448,
19796720,
19799545,
19799766,
19801553,
19802217,
19802714,
19802781,
19802958,
19804226,
19804431,
19807831,
19811179,
19818032,
19818493,
19822927,
19825930,
19828159,
19829184,
19830315,
19831261,
19831844,
19834199,
19835328,
19837912,
19838934,
19842691,
19844567,
19844767,
19846560,
19847380,
19847607,
19849984,
19850757,
19852555,
19853723,
19858379,
19859551,
19859704,
19859823,
19859973,
19860278,
19860331,
19860458,
19862307,
19865287,
19866570,
19867960,
19868190,
19870701,
19872855,
19873361,
19875443,
19876356,
19877546,
19877803,
19877938,
19878152,
19878688,
19879573,
19881161,
19881997,
19883202,
19883332,
19883354,
19883913,
19885276,
19886033,
19890625,
19891659,
19898117,
19898677,
19899973,
19903660,
19904013,
19905024,
19907001,
19908045,
19909150,
19909521,
19909793,
19911033,
19911333,
19912503,
19917078,
19917388,
19917441,
19918949,
19920159,
19920374,
19920443,
19920491,
19920602,
19921306,
19922178,
19922614,
19923115,
19923159,
19923363,
19923423,
19923685,
19923993,
19924200,
19924409,
19924760,
19925518,
19925790,
19926123,
19926512,
19926555,
19926602,
19927525,
19927597,
19927857,
19928435,
19931540,
19931744,
19932725,
19932964,
19934222,
19935864,
19936677,
19938058,
19938166,
19939050,
19941432,
19945943,
19946187,
19948058,
19949213,
19951824,
19952959,
19955280,
19957658,
19957716,
19961789,
19962100,
19962485,
19965593,
19969599,
19972695,
19973388,
19974302,
19985956,
19986225,
19989277,
19990163,
19990198,
19990548,
19991819,
19993592,
19994957,
19997132,
19998804,
20000271,
20001834,
20003827,
20005225,
20012338,
20029092,
20037333,
20039855,
20055680,
20062247,
20073946,
20077704,
20079309,
20080996,
20084643,
20085931,
20094253,
20094474,
20097409,
20100180,
20104973,
20106272,
20108924,
20110950,
20111344,
20112045,
20112077,
20113942,
20115500,
20118549,
20120258,
20122283,
20123578,
20125331,
20125495,
20126582,
20127737,
20128048,
20129076,
20130980,
20131574,
20131811,
20132912,
20134074,
20134210,
20134213,
20134627,
20134917,
20135351,
20136274,
20137140,
20139279,
20140862,
20140958,
20141224,
20142807,
20147114,
20148299,
20149161,
20151891,
20156357,
20157138,
20160502,
20162619,
20162907,
20162997,
20165253,
20166388,
20168300,
20168531,
20168544,
20168793,
20169039,
20169311,
20169514,
20170420,
20174473,
20174718,
20175709,
20177716,
20178298,
20182046,
20182266,
20182918,
20183217,
20183317,
20184250,
20184496,
20184529,
20184659,
20185738,
20188787,
20189483,
20189966,
20191590,
20193026,
20193129,
20194494,
20194828,
20195505,
20205278,
20206735,
20211627,
20215881,
20218659,
20219564,
20224243,
20224778,
20225221,
20226775,
20227315,
20227357,
20228136,
20228165,
20228462,
20228714,
20228821,
20230158,
20235232,
20235433,
20235864,
20241753,
20243318,
20245971,
20246867,
20256041,
20258584,
20260488,
20270792,
20273653,
20273884,
20275382,
20281492,
20292027,
20297519,
20305289,
20305751,
20306131,
20307685,
20308758,
20311631,
20316066,
20318293,
20318407,
20320533,
20320823,
20321771,
20322183,
20322728,
20323176,
20324920,
20327502,
20331144,
20332930,
20333919,
20339789,
20340443,
20341436,
20343118,
20345329,
20346991,
20349145,
20353524,
20355102,
20355652,
20355878,
20358258,
20362090,
20362280,
20362532,
20362551,
20363423,
20364385,
20365981,
20366461,
20367360,
20368719,
20369317,
20370044,
20370791,
20370984,
20371267,
20372862,
20372973,
20373246,
20373566,
20373691,
20373719,
20374089,
20374977,
20374985,
20375757,
20376703,
20377162,
20377568,
20378084,
20378706,
20380659,
20380925,
20381495,
20385000,
20388164,
20389099,
20394272,
20395130,
20396738,
20397523,
20402058,
20409824,
20409972,
20410199,
20418749,
20421125,
20422128,
20422175,
20422266,
20423177,
20423661,
20423939,
20424351,
20424658,
20424870,
20425273,
20429705,
20429716,
20430086,
20432368,
20432481,
20433343,
20433460,
20433705,
20433886,
20433966,
20434257,
20434282,
20435447,
20435640,
20436761,
20436763,
20436785,
20437438,
20437552,
20437760,
20438397,
20439266,
20439689,
20441288,
20442600,
20444551,
20444859,
20446177,
20446737,
20447377,
20449542,
20452181,
20452638,
20455788,
20459393,
20464478,
20466155,
20470594,
20471342,
20471989,
20480981,
20482691,
20484666,
20487229,
20490639,
20491386,
20492968,
20493126,
20493534,
20498016,
20507198,
20508177,
20512939,
20514226,
20515609,
20516256,
20523701,
20525583,
20530862,
20532484,
20535728,
20539693,
20542672,
20545613,
20546836,
20550460,
20550597,
20552618,
20553694,
20555371,
20555583,
20557210,
20557663,
20558090,
20559250,
20559466,
20560764,
20560827,
20561104,
20561688,
20562459,
20562653,
20565294,
20566694,
20567772,
20570052,
20570470,
20571417,
20574516,
20582713,
20587998,
20588953,
20589367,
20590208,
20590846,
20592601,
20593072,
20598591,
20599862,
20601670,
20602691,
20603028,
20604878,
20605678,
20607050,
20617073,
20620489,
20621707,
20622955,
20622993,
20624436,
20625501,
20626143,
20628023,
20628773,
20630684,
20630826,
20631266,
20632289,
20633222,
20633283,
20633906,
20634274,
20634549,
20636131,
20636148,
20637423,
20637501,
20637956,
20638037,
20639166,
20639369,
20641215,
20641256,
20641623,
20641628,
20641649,
20642257,
20642638,
20642878,
20643214,
20643741,
20644494,
20644709,
20644733,
20644791,
20645291,
20645791,
20648224,
20648863,
20649416,
20649776,
20649964,
20650331,
20650614,
20651225,
20651230,
20654713,
20657576,
20665264,
20665541,
20668176,
20669944,
20671322,
20678842,
20680981,
20681227,
20681307,
20681700,
20685263,
20686916,
20695061,
20696132,
20697063,
20699386,
20700186,
20702826,
20707158,
20707705,
20708516,
20708590,
20710077,
20710371,
20710385,
20710534,
20710549,
20710614,
20710620,
20710638,
20710672,
20710683,
20710915,
20711198,
20711407,
20711421,
20711926,
20712054,
20712167,
20712177,
20712366,
20713801,
20714870,
20715534,
20716499,
20717330,
20722451,
20724058,
20724153,
20726329,
20727980,
20729270,
20731929,
20732211,
20732232,
20732334,
20732503,
20732706,
20732996,
20733250,
20733951,
20734056,
20736251,
20736516,
20737007,
20738004,
20742616,
20744189,
20746781,
20749353,
20749860,
20750300,
20750585,
20752071,
20755230,
20755648,
20756543,
20757838,
20758652,
20762065,
20762364,
20768094,
20789530,
20791491,
20793827,
20795061,
20796567,
20796840,
20799097,
20799230,
20801148,
20801622,
20801655,
20801814,
20801944,
20803004,
20803123,
20803806,
20805866,
20808088,
20808387,
20809344,
20811386,
20811622,
20816710,
20817312,
20820669,
20822556,
20827553,
20830092,
20831897,
20832352,
20833126,
20835434,
20836047,
20836054,
20836229,
20836333,
20836640,
20838746,
20841256,
20843351,
20843672,
20845174,
20846410,
20852017,
20852429,
20857113,
20858545,
20858646,
20863440,
20864353,
20891854,
20898554,
20898834,
20901111,
20901434,
20901983,
20903275,
20903780,
20909320,
20909559,
20911413,
20924595,
20929341,
20933448,
20951144,
21009308,
21013388,
21014876,
21016772,
21018961,
21020399,
21020683,
21020982,
21029357,
21029786,
21037660,
21043598,
21063540,
21116169,
21119367,
21128832,
21128954,
21129635,
21138566,
21139271,
21151434,
21152363,
21157699,
21158090,
21159989,
21161343,
21161637,
21163124,
21163278,
21163985,
21164856,
21164987,
21168494,
21168547,
21168796,
21171813,
21172879,
21175630,
21178053,
21178614,
21180716,
21181279,
21182035,
21185262,
21188161,
21190898,
21191608,
21194204,
21197752,
21197926,
21199606,
21201559,
21205013,
21211937,
21215787,
21217050,
21218209,
21221903,
21229407,
21229795,
21233083,
21233161,
21233908,
21235686,
21235970,
21236102,
21236773,
21238673,
21242084,
21246286,
21250522,
21251386,
21256360,
21258919,
21259508,
21260697,
21262561,
21263478,
21263597,
21265116,
21265463,
21267777,
21274032,
21274933,
21295062,
21296133,
21297982,
21298087,
21304499,
21308171,
21313332,
21317307,
21317362,
21317671,
21321379,
21322028,
21324902,
21325176,
21327776,
21332592,
21333588,
21334609,
21335069,
21336691,
21336770,
21337446,
21337549,
21337655,
21337815,
21338234,
21338631,
21338907,
21339002,
21339891,
21340121,
21340594,
21340805,
21344069,
21344957,
21349021,
21349478,
21350126,
21351133,
21351979,
21352381,
21354139,
21354210,
21354751,
21354767,
21355063,
21356816,
21357606,
21364035,
21364311,
21367417,
21368407,
21369619,
21372671,
21378502,
21379203,
21380233,
21382258,
21383295,
21389012,
21390280,
21392421,
21393692,
21395437,
21397505,
21402756,
21408751,
21410209,
21414467,
21414556,
21414858,
21416795,
21417727,
21417787,
21418070,
21418500,
21418631,
21418721,
21419043,
21419309,
21425517,
21425624,
21426145,
21426706,
21427888,
21429021,
21430307,
21433264,
21433442,
21437853,
21438950,
21439265,
21439422,
21439745,
21446071,
21449302,
21458280,
21462729,
21473217,
21473352,
21474009,
21476378,
21478999,
21481459,
21481562,
21481956,
21482297,
21485635,
21491887,
21496225,
21500184,
21500781,
21501472,
21501896,
21504139,
21504683,
21504919,
21505203,
21505669,
21506433,
21510684,
21516715,
21517475,
21520428,
21521324,
21522463,
21523104,
21524519,
21527428,
21527674,
21528884,
21529862,
21533591,
21535725,
21535965,
21536801,
21538854,
21538956,
21542649,
21549070,
21556669,
21560467,
21564322,
21568443,
21571195,
21572045,
21572690,
21573077,
21573584,
21574680,
21575325,
21581317,
21582503,
21583641,
21587722,
21590183,
21591002,
21594120,
21594311,
21594698,
21594714,
21595151,
21595391,
21596619,
21597043,
21605234,
21606071,
21607351,
21608380,
21614432,
21615006,
21615040,
21615111,
21616588,
21619857,
21625932,
21627916,
21628206,
21629858,
21638127,
21649387,
21650835,
21654880,
21657711,
21661244,
21662021,
21663096,
21672266,
21685880,
21694846,
21696413,
21705245,
21706114,
21717234,
21727196,
21736034,
21736790,
21741607,
21783448,
21783660,
21785609,
21804903,
21813766,
21816501,
21820080,
21821293,
21823493,
21824000,
21824834,
21827683,
21828290,
21829223,
21829239,
21829346,
21829483,
21829985,
21831776,
21832035,
21832071,
21839189,
21839391,
21840337,
21840685,
21846173,
21846928,
21848948,
21850609,
21850726,
21851346,
21855009,
21858738,
21860278,
21861538,
21862087,
21862179,
21862833,
21867267,
21871158,
21874247,
21875229,
21877230,
21878952,
21879056,
21881685,
21882312,
21882948,
21885544,
21889577,
21889805,
21892918,
21894239,
21896653,
21898361,
21900794,
21908796,
21911036,
21914282,
21925371,
21925621,
21925636,
21926632,
21933227,
21937435,
21937527,
21938551,
21939986,
21941866,
21941880,
21944896,
21945147,
21946726,
21947897,
21948889,
21949921,
21952633,
21954655,
21955660,
21958030,
21960258,
21962666,
21966937,
21971537,
21973379,
21974077,
21975672,
21988989,
21996010,
21997004,
21998339,
21998638,
21999939,
22006401,
22008019,
22009034,
22009605,
22013332,
22014866,
22016577,
22016587,
22016919,
22018440,
22022017,
22028546,
22034591,
22034856,
22035275,
22035949,
22036093,
22036600,
22036695,
22036712,
22037756,
22038369,
22038513,
22040182,
22042870,
22042905,
22045368,
22045487,
22045930,
22046936,
22047981,
22049411,
22053141,
22054729,
22056156,
22058072,
22059626,
22060184,
22069328,
22069570,
22077692,
22078441,
22081198,
22081536,
22086126,
22086363,
22087677,
22088211,
22089121,
22091806,
22092171,
22092945,
22093527,
22093767,
22094393,
22094403,
22094405,
22094409,
22094443,
22094547,
22094649,
22095061,
22105711,
22106210,
22115785,
22116576,
22117915,
22119445,
22121779,
22121853,
22125928,
22128334,
22131984,
22136369,
22136375,
22142416,
22145976,
22156476,
22157518,
22160513,
22162586,
22165520,
22165614,
22167488,
22168459,
22170864,
22171302,
22172310,
22172707,
22172820,
22173369,
22173853,
22174699,
22175053,
22175254,
22176447,
22178657,
22179157,
22180681,
22180789,
22183555,
22184417,
22190212,
22194562,
22196063,
22198508,
22200248,
22201986,
22203896,
22205923,
22209682,
22210351,
22213720,
22214138,
22221472,
22221887,
22228136,
22228246,
22230786,
22232217,
22235593,
22236539,
22243322,
22245637,
22245923,
22248976,
22249434,
22249499,
22250179,
22251426,
22258683,
22260498,
22262545,
22262826,
22265159,
22265821,
22268284,
22274888,
22280992,
22285489,
22286980,
22287346,
22287380,
22289579,
22296195,
22296482,
22296849,
22303372,
22303481,
22304026,
22304646,
22305472,
22307484,
22309676,
22310851,
22312697,
22319760,
22321541,
22322025,
22322789,
22323109,
22324703,
22325490,
22329112,
22329503,
22331612,
22334373,
22336215,
22340070,
22344199,
22346686,
22347484,
22348472,
22350820,
22359466,
22361586,
22362029,
22368824,
22376214,
22377071,
22379639,
22379981,
22382778,
22395428,
22413150,
22417226,
22432293,
22454884,
22465670,
22467245,
22473136,
22494245,
22494921,
22546066,
22547453,
22551496,
22567957,
22576681,
22586081,
22595438,
22596466,
22598340,
22600443,
22602601,
22624909,
22625766,
22628983,
22629927,
22631334,
22635238,
22635348,
22639933,
22643869,
22661035,
22661101,
22678250,
22683117,
22684347,
22690272,
22694382,
22699350,
22699823,
22700168,
22700370,
22700648,
22700798,
22702332,
22702401,
22702627,
22702948,
22703640,
22704436,
22705679,
22706303,
22707584,
22708581,
22709068,
22711036,
22712490,
22712974,
22713958,
22714009,
22714684,
22715370,
22716474,
22717207,
22718030,
22718725,
22718733,
22719148,
22719153,
22719706,
22719913,
22720001,
22720146,
22720911,
22722770,
22724647,
22725358,
22725750,
22727964,
22728398,
22730015,
22730995,
22731541,
22731786,
22736509,
22737795,
22737870,
22738109,
22738317,
22739032,
22739124,
22739230,
22739375,
22739589,
22739951,
22741916,
22742481,
22745436,
22748136,
22749378,
22751115,
22754292,
22756035,
22757249,
22759097,
22759203,
22759411,
22759456,
22760487,
22761068,
22763661,
22764874,
22766239,
22767089,
22767778,
22768250,
22769393,
22770738,
22772213,
22773053,
22777633,
22777677,
22777795,
22778873,
22779644,
22779693,
22780328,
22780350,
22780761,
22783170,
22784401,
22784560,
22784928,
22785467,
22788043,
22789195,
22789434,
22790271,
22791122,
22791836,
22792515,
22792873,
22792971,
22793330,
22793541,
22793568,
22794178,
22795611,
22795845,
22796110,
22797038,
22797567,
22798669,
22798964,
22799796,
22799810,
22801280,
22801997,
22803202,
22803929,
22804526,
22804584,
22804812,
22804823,
22804943,
22805642,
22805869,
22807192,
22807892,
22808101,
22808235,
22808445,
22808781,
22809984,
22810168,
22810278,
22815443,
22816899,
22817125,
22818844,
22819258,
22820559,
22820804,
22823878,
22825110,
22826410,
22828326,
22828779,
22829039,
22829340,
22831307,
22832216,
22832509,
22832694,
22833892,
22834406,
22834528,
22834982,
22835046,
22835171,
22835450,
22835699,
22835914,
22836447,
22836841,
22838710,
22839606,
22840330,
22842795,
22843835,
22848031,
22848189,
22851462,
22852937,
22853277,
22857154,
22859009,
22859890,
22860204,
22860366,
22860386,
22861175,
22862063,
22863257,
22863536,
22864807,
22865617,
22866978,
22871091,
22871121,
22874787,
22880183,
22881855,
22883832,
22890709,
22898688,
22906078,
22914680,
22915202,
22917230,
22918709,
22922239,
22922419,
22923582,
22926893,
22929739,
22930477,
22931177,
22932880,
22932971,
22935353,
22935563,
22936617,
22936633,
22939056,
22944025,
22945305,
22945613,
22946646,
22947392,
22948330,
22955052,
22956532,
22959394,
22969494,
22969779,
22970561,
22973659,
22974062,
22975154,
22975525,
22975667,
22975853,
22976123,
22977863,
22978920,
22979125,
22979423,
22981344,
22984274,
22986955,
22987743,
22999753,
23002770,
23003103,
23003659,
23004170,
23004314,
23007031,
23007122,
23007738,
23008342,
23009291,
23009355,
23010518,
23011837,
23014533,
23015682,
23016999,
23019338,
23019435,
23020356,
23021926,
23023518,
23027160,
23028115,
23028328,
23030030,
23030457,
23030808,
23030840,
23030917,
23031157,
23031263,
23031588,
23032152,
23032362,
23032457,
23032640,
23032879,
23034652,
23035223,
23035543,
23035851,
23035873,
23035935,
23036061,
23036298,
23036875,
23037339,
23037648,
23038855,
23039572,
23040167,
23040440,
23040987,
23045591,
23045622,
23046074,
23046280,
23047834,
23048417,
23049940,
23050116,
23050622,
23053085,
23053185,
23053471,
23054274,
23054974,
23061573,
23061805,
23062581,
23066634,
23070177,
23077221,
23079252,
23085574,
23085905,
23090332,
23099482,
23102169,
23103241,
23105175,
23107033,
23107948,
23108409,
23108677,
23112928,
23120179,
23121001,
23125014,
23127104,
23127880,
23128081,
23128768,
23133104,
23135834,
23135983,
23138089,
23159593,
23169685,
23169936,
23175385,
23178538,
23187945,
23190801,
23196003,
23212759,
23221725,
23228553,
23231735,
23235750,
23248175,
23256135,
23256324,
23256364,
23282416,
23289342,
23292820,
23296129,
23304637,
23305281,
23312034,
23322442,
23323166,
23327393,
23332039,
23336129,
23345015,
23354841,
23357689,
23362433,
23362936,
23366828,
23395862,
23415554,
23422397,
23430386,
23431426,
23432708,
23440405,
23447435,
23452360,
23456171,
23472277,
23474883,
23479740,
23483644,
23484416,
23485650,
23485706,
23486015,
23486982,
23487031,
23487209,
23487544,
23489760,
23490876,
23492542,
23493482,
23493829,
23495201,
23503880,
23504506,
23507771,
23508068,
23508107,
23510503,
23511722,
23512410,
23512568,
23512634,
23512781,
23513049,
23513904,
23514653,
23523247,
23523505,
23524422,
23524757,
23524987,
23525617,
23525810,
23525977,
23527902,
23528305,
23531246,
23534940,
23535820,
23536366,
23538726,
23541781,
23544790,
23545417,
23545774,
23546687,
23547840,
23549284,
23551205,
23551816,
23552822,
23553340,
23554615,
23554995,
23556344,
23557892,
23559900,
23561087,
23561501,
23562449,
23569638,
23572770,
23577359,
23579230,
23580158,
23580507,
23581034,
23581180,
23581238,
23581808,
23582458,
23585477,
23588689,
23589719,
23591231,
23591715,
23593495,
23601274,
23604161,
23604310,
23606471,
23609053,
23609857,
23612036,
23612573,
23612736,
23613723,
23613861,
23613991,
23614363,
23614583,
23614967,
23615119,
23615412,
23615948,
23616009,
23616479,
23616514,
23616699,
23617395,
23617418,
23622468,
23623655,
23624531,
23627749,
23627937,
23628615,
23629792,
23637787,
23638112,
23640490,
23641181,
23641662,
23643792,
23643889,
23644911,
23645183,
23646560,
23649041,
23651724,
23652942,
23658355,
23663203,
23664104,
23664720,
23664887,
23664907,
23665278,
23666066,
23666144,
23666429,
23666889,
23667059,
23668633,
23668798,
23669027,
23669327,
23671429,
23672362,
23672472,
23673073,
23675204,
23676910,
23676948,
23678537,
23679402,
23681321,
23683277,
23683612,
23686908,
23687561,
23687578,
23688270,
23688480,
23688491,
23688679,
23688876,
23689282,
23689699,
23692297,
23693402,
23695105,
23696413,
23698887,
23699445,
23700134,
23701224,
23704016,
23708900,
23709058,
23716676,
23718179,
23722437,
23725189,
23726619,
23731578,
23732114,
23732346,
23734867,
23736539,
23738407,
23741282,
23743677,
23745405,
23751094,
23753297,
23754080,
23759111,
23759795,
23759898,
23761938,
23762044,
23764012,
23766645,
23766901,
23767119,
23768115,
23769597,
23769674,
23770685,
23770784,
23770803,
23771087,
23772633,
23773419,
23773445,
23779620,
23783964,
23786065,
23788763,
23789849,
23792096,
23793211,
23794098,
23796461,
23799410,
23800519,
23803255,
23807242,
23809076,
23809488,
23814733,
23817266,
23818251,
23822238,
23823058,
23824962,
23825049,
23825321,
23826856,
23827728,
23828853,
23829624,
23831097,
23831458,
23831461,
23831507,
23832226,
23832444,
23833073,
23833094,
23833651,
23833725,
23834990,
23841016,
23842313,
23844578,
23845953,
23847781,
23851899,
23852166,
23853733,
23854966,
23856207,
23861134,
23865888,
23869225,
23870779,
23872766,
23878071,
23880290,
23889340,
23889755,
23892787,
23898355,
23901624,
23901637,
23904263,
23911551,
23916185,
23916473,
23917969,
23918059,
23918816,
23920061,
23920325,
23922573,
23924574,
23924931,
23926086,
23926413,
23929431,
23932181,
23937069,
23937982,
23938047,
23940306,
23940829,
23946727,
23947370,
23950415,
23950544,
23950645,
23951563,
23952106,
23952939,
23953284,
23953867,
23956310,
23956706,
23957268,
23957459,
23957704,
23961208,
23961728,
23962723,
23962966,
23963030,
23963636,
23965844,
23966021,
23970407,
23972499,
23973063,
23974649,
23982048,
23982115,
23986427,
23986823,
23987104,
23987165,
23987609,
23991655,
23995244,
23996482,
23997998,
23998723,
23999791,
24001447,
24006092,
24007841,
24008115,
24009618,
24010707,
24013131,
24013491,
24013518,
24015776,
24017084,
24018924,
24021343,
24021763,
24023877,
24023994,
24024615,
24027372,
24029913,
24032585,
24035663,
24037707,
24038053,
24038451,
24039772,
24041860,
24042652,
24045891,
24045938,
24050843,
24055374,
24057664,
24057784,
24060175,
24060351,
24061267,
24063787,
24066393,
24070398,
24078459,
24082284,
24085255,
24087324,
24091789,
24098243,
24099476,
24108141,
24109251,
24110044,
24110256,
24113024,
24114956,
24116872,
24118615,
24119135,
24120488,
24120819,
24121136,
24122328,
24126238,
24126650,
24126829,
24127935,
24128688,
24131794,
24131899,
24132262,
24133980,
24134167,
24134798,
24135180,
24135218,
24135506,
24136229,
24136431,
24136772,
24137029,
24137991,
24138062,
24138606,
24138769,
24139917,
24140099,
24140115,
24140284,
24140367,
24140444,
24141323,
24141821,
24142547,
24142925,
24142941,
24144347,
24144687,
24147967,
24150873,
24151952,
24160399,
24160515,
24160634,
24163323,
24170273,
24174740,
24182015,
24183255,
24187306,
24188653,
24191755,
24193108,
24196339,
24200095,
24201142,
24205788,
24207810,
24210725,
24211102,
24213123,
24214298,
24216006,
24217014,
24217337,
24220893,
24221904,
24222163,
24222666,
24222970,
24223024,
24224469,
24225188,
24225961,
24227194,
24228967,
24229020,
24229868,
24231219,
24231515,
24232258,
24232681,
24233644,
24234112,
24234678,
24234887,
24234987,
24235154,
24235666,
24235923,
24236048,
24236725,
24237369,
24237515,
24237554,
24238908,
24239400,
24239881,
24240430,
24241437,
24241644,
24245713,
24248022,
24249052,
24251062,
24255767,
24262201,
24263968,
24264518,
24264618,
24268113,
24269288,
24271609,
24271856,
24272058,
24273940,
24275883,
24278365,
24279397,
24279798,
24284171,
24285379,
24285656,
24289764,
24290335,
24290501,
24290767,
24291751,
24292107,
24292371,
24293580,
24294099,
24294513,
24295019,
24295089,
24295495,
24298088,
24299036,
24299072,
24299776,
24300518,
24300772,
24301336,
24301593,
24303074,
24303117,
24303411,
24303430,
24304776,
24304902,
24305895,
24306073,
24309296,
24309472,
24309694,
24313210,
24314214,
24315803,
24318880,
24322460,
24327081,
24328526,
24328818,
24329021,
24329099,
24331587,
24332090,
24332588,
24335579,
24339809,
24341279,
24342961,
24344318,
24344370,
24345129,
24346176,
24347436,
24347742,
24349581,
24351350,
24354529,
24356620,
24357037,
24357347,
24358858,
24358971,
24359102,
24359240,
24359417,
24359616,
24359966,
24360512,
24360766,
24361245,
24366200,
24366574,
24366918,
24368140,
24372444,
24372850,
24374333,
24377248,
24377367,
24377906,
24381335,
24385497,
24387913,
24387939,
24388221,
24388456,
24389934,
24390533,
24391207,
24391556,
24391875,
24392029,
24392316,
24392317,
24392899,
24393402,
24393468,
24393489,
24393605,
24393610,
24393626,
24393633,
24393634,
24393945,
24394096,
24394576,
24394971,
24395790,
24397905,
24398190,
24398770,
24399254,
24400452,
24400490,
24401162,
24402506,
24402687,
24404145,
24405385,
24406435,
24407309,
24407794,
24407959,
24408020,
24408154,
24408448,
24408926,
24409003,
24410934,
24411409,
24413790,
24415118,
24415287,
24415434,
24415467,
24418322,
24418626,
24419402,
24420962,
24422337,
24425737,
24429833,
24432766,
24440887,
24443456,
24445553,
24446070,
24446643,
24449160,
24450060,
24451845,
24452313,
24460812,
24464724,
24465379,
24468034,
24469225,
24469722,
24473933,
24475498,
24476349,
24485867,
24494703,
24498681,
24499121,
24501565,
24504612,
24505479,
24509150,
24509181,
24519091,
24519792,
24522544,
24529432,
24530311,
24532647,
24533316,
24538911,
24539448,
24543473,
24544257,
24545678,
24548857,
24549253,
24552192,
24553376,
24556081,
24567825,
24569319,
24570131,
24572702,
24577310,
24583444,
24584135,
24596939,
24600217,
24602596,
24602746,
24604694,
24605545,
24607312,
24612863,
24615294,
24617943,
24619032,
24626922,
24631204,
24644039,
24644711,
24645240,
24648919,
24649389,
24660346,
24663787,
24665407,
24666827,
24667138,
24671954,
24674009,
24677982,
24680981,
24681084,
24681574,
24682479,
24683048,
24683247,
24683435,
24683498,
24683695,
24685778,
24687423,
24690643,
24691532,
24691581,
24694575,
24694625,
24695166,
24696459,
24696680,
24697624,
24700439,
24703563,
24703592,
24708098,
24708862,
24709696,
24713076,
24717245,
24723582,
24725656,
24734713,
24738240,
24741277,
24755438,
24755471,
24757036,
24759098,
24766525,
24767646,
24769451,
24769940,
24770234,
24771320,
24772304,
24772767,
24773993,
24774456,
24774669,
24775139,
24775224,
24775396,
24776507,
24776858,
24777604,
24777886,
24778884,
24779248,
24780627,
24782427,
24783666,
24785176,
24785604,
24791434,
24792534,
24792952,
24793955,
24794063,
24794580,
24795107,
24796859,
24798553,
24802118,
24802478,
24802924,
24803352,
24803411,
24806018,
24806336,
24806629,
24806659,
24811288,
24811448,
24811588,
24811632,
24812701,
24812705,
24812773,
24813910,
24814505,
24814911,
24815813,
24816993,
24817575,
24817773,
24820910,
24825528,
24828332,
24830096,
24831374,
24832718,
24836080,
24836210,
24837519,
24841097,
24842966,
24843470,
24847275,
24851726,
24851796,
24856921,
24860004,
24867444,
24871216,
24878514,
24883397,
24885853,
24888605,
24888969,
24889523,
24890019,
24891373,
24891950,
24892764,
24894785,
24896947,
24898981,
24900102,
24901274,
24901956,
24902577,
24903730,
24904327,
24905611,
24905762,
24906631,
24906734,
24907907,
24908403,
24909149,
24911048,
24911483,
24911664,
24912582,
24912676,
24912794,
24912925,
24913672,
24916913,
24919439,
24921228,
24924270,
24926476,
24930999,
24931592,
24935377,
24936264,
24937151,
24938394,
24939539,
24941193,
24941286,
24942284,
24942315,
24943102,
24943155,
24943549,
24943629,
24943766,
24943786,
24943840,
24944187,
24944671,
24945139,
24945368,
24945959,
24948599,
24949257,
24951136,
24952766,
24960784,
24969257,
24969605,
24973636,
24974304,
24976080,
24976847,
24977858,
24978394,
24979836,
24985081,
24985424,
24990351,
24993536,
24994257,
24997396,
24997531,
24997577,
24998192,
25000050,
25000255,
25000596,
25004194,
25004518,
25005384,
25006328,
25006705,
25007167,
25008929,
25009945,
25010479,
25010752,
25011396,
25011431,
25011915,
25012237,
25012314,
25012687,
25012901,
25015962,
25018667,
25019208,
25019949,
25019975,
25023934,
25024491,
25025521,
25027303,
25031538,
25031903,
25032215,
25033442,
25034235,
25034936,
25035606,
25037856,
25038180,
25039746,
25039849,
25040223,
25043531,
25046338,
25049802,
25049971,
25051002,
25051171,
25051418,
25051538,
25051995,
25052306,
25052786,
25052866,
25053299,
25054718,
25056829,
25057527,
25059106,
25059538,
25060647,
25062256,
25063470,
25063776,
25064350,
25064414,
25064617,
25064718,
25066921,
25068369,
25068639,
25069089,
25069893,
25070783,
25071151,
25071331,
25072400,
25073058,
25073453,
25074103,
25074693,
25076670,
25079185,
25080683,
25081052,
25081085,
25083608,
25084641,
25086487,
25086939,
25087035,
25087376,
25087545,
25087605,
25087929,
25088362,
25089841,
25090180,
25090958,
25093113,
25094153,
25098446,
25099475,
25101641,
25102040,
25105523,
25107740,
25110375,
25119092,
25120832,
25121658,
25129569,
25130469,
25143918,
25146986,
25158554,
25162119,
25185339,
25188242,
25196382,
25196553,
25198278,
25209282,
25209842,
25222864,
25223394,
25231248,
25231723,
25231903,
25232013,
25233221,
25233688,
25236122,
25238521,
25239262,
25239347,
25243100,
25243641,
25244128,
25246539,
25248766,
25249452,
25250421,
25250634,
25250716,
25251403,
25251669,
25251908,
25254200,
25254255,
25254261,
25254790,
25254791,
25255112,
25255152,
25255529,
25256292,
25257348,
25259194,
25260246,
25262345,
25264260,
25264483,
25265098,
25265142,
25266225,
25268151,
25269782,
25271406,
25271533,
25271563,
25272447,
25272592,
25272596,
25273137,
25273187,
25273521,
25273845,
25273851,
25274232,
25274243,
25275027,
25276805,
25276833,
25277906,
25279691,
25284306,
25286429,
25287790,
25291453,
25292501,
25296475,
25296622,
25297556,
25299300,
25300973,
25301643,
25307616,
25311096,
25316483,
25316914,
25317143,
25317421,
25317622,
25317907,
25319679,
25321422,
25323284,
25325300,
25328476,
25330328,
25331322,
25331723,
25333973,
25337272,
25341649,
25343110,
25343717,
25344845,
25345243,
25345694,
25348855,
25351603,
25354389,
25359697,
25360398,
25360442,
25360463,
25360532,
25360645,
25361009,
25361099,
25361662,
25362140,
25362153,
25363737,
25363921,
25364013,
25364336,
25365592,
25368814,
25373762,
25376710,
25380749,
25381106,
25383559,
25385075,
25385827,
25385904,
25388558,
25388984,
25391546,
25392617,
25393339,
25393781,
25393840,
25393904,
25394091,
25394284,
25394405,
25394528,
25394720,
25394916,
25395344,
25395396,
25396311,
25396637,
25397146,
25398090,
25398467,
25403279,
25404291,
25413441,
25413577,
25413782,
25415899,
25416315,
25420151,
25421262,
25426124,
25428195,
25428324,
25430813,
25436273,
25436553,
25437045,
25437190,
25439043,
25442320,
25444843,
25445507,
25446604,
25446923,
25446981,
25447434,
25447859,
25448468,
25448731,
25449638,
25451423,
25451535,
25451874,
25460229,
25460867,
25467817,
25467818,
25469417,
25469911,
25471037,
25473830,
25474236,
25474383,
25474981,
25475082,
25475358,
25476724,
25477020,
25477067,
25477242,
25477996,
25479906,
25482238,
25483085,
25490208,
25490585,
25492135,
25492882,
25493648,
25495741,
25496422,
25498283,
25500620,
25502587,
25502725,
25503985,
25504585,
25506737,
25514421,
25518131,
25524827,
25529096,
25530561,
25534280,
25543283,
25548697,
25549543,
25553199,
25554056,
25556017,
25556230,
25556597,
25557300,
25558347,
25561751,
25564667,
25568971,
25572402,
25572427,
25573136,
25573833,
25575228,
25579270,
25580834,
25584055,
25584424,
25587958,
25588215,
25589273,
25590404,
25592752,
25596537,
25597734,
25603767,
25603848,
25604121,
25607545,
25608671,
25610253,
25611770,
25616984,
25617424,
25617976,
25618138,
25618709,
25618960,
25619207,
25622230,
25622396,
25623975,
25624853,
25627316,
25627817,
25636398,
25636662,
25640122,
25653101,
25654373,
25654673,
25659344,
25663653,
25668314,
25677304,
25677412,
25681936,
25682310,
25683184,
25684754,
25689915,
25691930,
25694789,
25702851,
25711789,
25714414,
25714810,
25718919,
25732088,
25737117,
25740171,
25740265,
25748089,
25752940,
25762866,
25764473,
25768908,
25773450,
25777479,
25783282,
25785062,
25793134,
25801518,
25804931,
25808108,
25810097,
25819182,
25819399,
25819911,
25823616,
25824283,
25828923,
25830330,
25830387,
25831241,
25831908,
25832145,
25832174,
25832727,
25832838,
25833462,
25835988,
25837144,
25837530,
25838042,
25838520,
25838774,
25838791,
25838890,
25839608,
25839731,
25840207,
25840564,
25840869,
25841200,
25841575,
25842453,
25842566,
25844857,
25845058,
25846480,
25851000,
25852811,
25853132,
25853748,
25856393,
25857381,
25860025,
25860079,
25863823,
25865749,
25869555,
25871492,
25875473,
25875913,
25878809,
25881619,
25881719,
25882795,
25882908,
25883046,
25883406,
25883973,
25884493,
25886539,
25886564,
25886572,
25887089,
25887123,
25887193,
25887619,
25888078,
25888116,
25888393,
25888490,
25888950,
25889357,
25889533,
25890485,
25890503,
25891273,
25891383,
25892006,
25892561,
25895428,
25899536,
25899938,
25900311,
25902148,
25903790,
25908749,
25912938,
25917943,
25918752,
25921524,
25932119,
25936405,
25937198,
25942637,
25943987,
25946267,
25953122,
25953189,
25955757,
25956968,
25957212,
25957550,
25957676,
25959670,
25959911,
25961085,
25961592,
25962573,
25969265,
25973685,
25977846,
25978611,
25982028,
25995918,
25996769,
26009036,
26009892,
26010095,
26011973,
26015301,
26015538,
26018642,
26019715,
26020671,
26028115,
26028751,
26034490,
26040360,
26041093,
26044328,
26044753,
26048229,
26048731,
26049551,
26052445,
26052624,
26053296,
26060288,
26060786,
26061654,
26062173,
26063537,
26063678,
26064133,
26067357,
26069811,
26069834,
26070504,
26074306,
26078964,
26086136,
26086805,
26088926,
26089960,
26090183,
26090892,
26091505,
26091710,
26093216,
26093305,
26093470,
26093513,
26093774,
26094391,
26096265,
26096349,
26097944,
26099425,
26099614,
26100122,
26100234,
26100623,
26100772,
26102710,
26107805,
26108487,
26108939,
26109203,
26109951,
26111343,
26111984,
26113697,
26116113,
26119890,
26120154,
26122398,
26123298,
26125510,
26126492,
26131757,
26132072,
26132611,
26134296,
26138215,
26144375,
26144898,
26152367,
26152514,
26154349,
26157300,
26158842,
26159831,
26160723,
26165246,
26167653,
26168912,
26178212,
26179365,
26183477,
26184426,
26185126,
26187124,
26187367,
26190054,
26190367,
26190594,
26191722,
26191792,
26191932,
26192696,
26194068,
26196277,
26196377,
26196770,
26205236,
26205922,
26205957,
26206194,
26208064,
26210969,
26212796,
26213338,
26214373,
26222777,
26223232,
26226598,
26231025,
26231621,
26232705,
26234509,
26236104,
26236308,
26236835,
26237385,
26237827,
26239146,
26240681,
26244263,
26245773,
26253147,
26263660,
26268240,
26271395,
26272818,
26273486,
26275110,
26275859,
26281930,
26282729,
26283381,
26284417,
26285255,
26285798,
26286030,
26286139,
26286229,
26286368,
26286792,
26287125,
26287764,
26288285,
26289118,
26289266,
26289696,
26291163,
26291439,
26291933,
26293799,
26294085,
26295275,
26295466,
26296845,
26300207,
26300830,
26309646,
26316030,
26319784,
26320543,
26321235,
26323033,
26323854,
26325517,
26325948,
26332610,
26335571,
26336286,
26336610,
26338306,
26338541,
26338904,
26339979,
26340736,
26340880,
26341514,
26342825,
26343328,
26343511,
26344878,
26346049,
26346830,
26349378,
26351128,
26351403,
26355415,
26355516,
26357232,
26357490,
26360166,
26362222,
26365045,
26370694,
26370989,
26373071,
26376308,
26377609,
26378893,
26379014,
26379420,
26379695,
26379845,
26380318,
26380437,
26380555,
26380640,
26380964,
26381132,
26381258,
26381999,
26383229,
26383742,
26384268,
26386946,
26388317,
26391359,
26392826,
26392884,
26394343,
26395393,
26398267,
26398715,
26400098,
26400905,
26400914,
26401184,
26401808,
26402224,
26402796,
26403044,
26403177,
26410465,
26412009,
26412072,
26412389,
26412436,
26413498,
26416959,
26417891,
26419428,
26421752,
26423387,
26427190,
26427880,
26430751,
26432895,
26432938,
26435946,
26436836,
26438713,
26438964,
26439354,
26441456,
26442014,
26442147,
26442834,
26442865,
26443294,
26443410,
26443414,
26443684,
26443929,
26443976,
26444099,
26444377,
26444878,
26448490,
26450014,
26450486,
26452101,
26452490,
26453436,
26454819,
26458447,
26458770,
26468631,
26470008,
26471021,
26472232,
26473704,
26478283,
26479662,
26486627,
26487265,
26487623,
26488999,
26489643,
26490894,
26490997,
26491210,
26491415,
26491528,
26493215,
26502846,
26505234,
26510275,
26512042,
26515161,
26516809,
26526257,
26534720,
26544477,
26551193,
26560733,
26563632,
26565393,
26568996,
26570991,
26572739,
26573925,
26574651,
26575935,
26576365,
26576453,
26576556,
26577709,
26577962,
26578025,
26578316,
26580053,
26580128,
26590989,
26591404,
26591526,
26596897,
26599963,
26600397,
26601270,
26602612,
26603381,
26604357,
26604358,
26605049,
26605928,
26610339,
26613059,
26613706,
26614478,
26615799,
26619377,
26623291,
26624445,
26625880,
26626345,
26628400,
26628700,
26628764,
26628811,
26629600,
26629834,
26631916,
26632947,
26633977,
26634439,
26635048,
26635717,
26637584,
26641408,
26642259,
26642876,
26643821,
26644611,
26645161,
26645479,
26645821,
26646547,
26647267,
26647681,
26654021,
26656019,
26656478,
26657843,
26658111,
26661962,
26686813,
26687909,
26690361,
26690984,
26693669,
26699326,
26701015,
26701190,
26701553,
26705040,
26705132,
26705357,
26706085,
26706280,
26706462,
26706984,
26707647,
26707776,
26708359,
26709505,
26710410,
26710819,
26713026,
26713261,
26714576,
26715355,
26716813,
26722631,
26723686,
26724325,
26727418,
26728337,
26728854,
26731422,
26745552,
26758533,
26761168,
26767599,
26767959,
26769961,
26775492,
26783830,
26792479,
26793564,
26793920,
26794573,
26795950,
26796328,
26796715,
26798317,
26799460,
26801104,
26803383,
26803560,
26803843,
26804131,
26804467,
26804562,
26804719,
26804802,
26804803,
26805068,
26805389,
26806941,
26807364,
26807665,
26807710,
26807887,
26808013,
26808249,
26810402,
26811606,
26812405,
26812442,
26813069,
26813666,
26815832,
26816155,
26816478,
26819229,
26820511,
26821696,
26822436,
26822825,
26826030,
26827581,
26828078,
26833588,
26835753,
26835971,
26836087,
26836841,
26837683,
26841457,
26847104,
26847471,
26849186,
26853026,
26856576,
26857309,
26857611,
26858769,
26858969,
26862609,
26863593,
26865005,
26866747,
26868739,
26869938,
26870849,
26870870,
26871072,
26872111,
26872328,
26872639,
26874267,
26880643,
26881640,
26883289,
26883486,
26887047,
26888263,
26897274,
26904805,
26909925,
26911298,
26911851,
26930426,
26931872,
26932877,
26933527,
26934769,
26934844,
26937616,
26939192,
26940037,
26940176,
26943573,
26944578,
26944764,
26945268,
26949731,
26949923,
26950979,
26955012,
26962199,
26962461,
26966683,
26968241,
26968578,
26971721,
26971942,
26972437,
26973262,
26973742,
26977015,
26977395,
26981855,
26984254,
26988211,
26990082,
26990574,
26991946,
26998746,
26999880,
27001608,
27002351,
27006700,
27006850,
27007421,
27009342,
27010409,
27012204,
27012230,
27012263,
27013641,
27015944,
27016164,
27016531,
27029404,
27029835,
27046246,
27083351,
27093379,
27100532,
27104168,
27104832,
27110698,
27110854,
27114020,
27121970,
27151944,
27185251,
27187231,
27202279,
27217377,
27218082,
27238263,
27246439,
27252214,
27253732,
27253785,
27253813,
27254721,
27254795,
27255844,
27256142,
27257832,
27259958,
27267105,
27269952,
27270009,
27271337,
27272432,
27280818,
27282064,
27283445,
27296880,
27305665,
27306271,
27323611,
27324173,
27326920,
27330294,
27330758,
27333040,
27336478,
27339433,
27341515,
27344515,
27345173,
27349076,
27350021,
27350613,
27351263,
27355306,
27362582,
27369832,
27371890,
27372001,
27372662,
27375857,
27376152,
27376285,
27376778,
27377117,
27377710,
27377844,
27377912,
27377980,
27378501,
27380433,
27383097,
27385721,
27391411,
27392426,
27393443,
27397776,
27399498,
27400807,
27402903,
27408625,
27412212,
27419410,
27420699,
27425812,
27449189,
27451329,
27451501,
27452330,
27454997,
27456322,
27457636,
27458479,
27458833,
27461137,
27464649,
27465863,
27465997,
27467782,
27467793,
27468142,
27470817,
27471538,
27472008,
27472368,
27473932,
27474226,
27474871,
27488539,
27508794,
27512447,
27513324,
27513588,
27515795,
27515922,
27516915,
27524883,
27527621,
27529046,
27530882,
27534780,
27539791,
27545441,
27545817,
27548130,
27550545,
27553795,
27554125,
27554419,
27562076,
27562881,
27565624,
27565843,
27568809,
27570310,
27570342,
27573436,
27575080,
27575706,
27576010,
27578226,
27578285,
27580487,
27581179,
27584140,
27584549,
27585500,
27585670,
27585782,
27586044,
27586451,
27589745,
27590581,
27591877,
27593346,
27593547,
27593819,
27593910,
27594476,
27596808,
27597236,
27597514,
27598887,
27599958,
27600206,
27600286,
27600422,
27601706,
27601909,
27602524,
27603398,
27603554,
27604574,
27607196,
27609043,
27610380,
27610942,
27610971,
27610999,
27613645,
27614979,
27619297,
27620372,
27620610,
27622970,
27624261,
27630789,
27631695,
27634269,
27634685,
27635540,
27635861,
27636387,
27636692,
27639069,
27640704,
27641041,
27642932,
27642938,
27644086,
27644120,
27644220,
27644318,
27644339,
27645210,
27645415,
27646074,
27646432,
27646488,
27646757,
27646954,
27647246,
27647393,
27647400,
27647440,
27647468,
27647470,
27647512,
27647569,
27647949,
27647987,
27648237,
27648289,
27649556,
27652455,
27652640,
27654972,
27656966,
27657100,
27657995,
27658290,
27658309,
27658715,
27659403,
27662353,
27662380,
27664591,
27665263,
27665471,
27666200,
27666628,
27667368,
27668922,
27670013,
27671756,
27674611,
27675674,
27678630,
27679224,
27680750,
27683315,
27685763,
27690158,
27690989,
27691087,
27691296,
27692990,
27695177,
27695409,
27695849,
27697179,
27697832,
27699496,
27701394,
27705073,
27706070,
27706654,
27709147,
27711407,
27721343,
27730872,
27734615,
27743330,
27744490,
27749598,
27750958,
27752756,
27755669,
27756949,
27758166,
27758543,
27759419,
27763810,
27766557,
27767645,
27769034,
27784130,
27784537,
27784831,
27786421,
27787589,
27791924,
27795681,
27796349,
27799686,
27799699,
27801573,
27802362,
27804008,
27804740,
27805179,
27806361,
27806971,
27807588,
27812062,
27812216,
27812323,
27812535,
27813939,
27814451,
27814755,
27816154,
27816280,
27816352,
27816505,
27816657,
27816963,
27817178,
27817586,
27819024,
27819416,
27820064,
27821609,
27822049,
27822418,
27823534,
27824012,
27824739,
27825532,
27826287,
27827004,
27828936,
27828969,
27829128,
27830454,
27830495,
27830551,
27831256,
27837563,
27838183,
27841499,
27841623,
27842113,
27843798,
27843826,
27844475,
27844518,
27845106,
27850371,
27851419,
27851952,
27855835,
27855857,
27859069,
27860441,
27861552,
27862036,
27865719,
27866064,
27869121,
27869454,
27872262,
27875211,
27875469,
27876620,
27876944,
27877472,
27878488,
27879163,
27884925,
27888590,
27890798,
27892442,
27894443,
27896195,
27897215,
27899260,
27899663,
27903185,
27905132,
27907697,
27907867,
27910157,
27910359,
27911362,
27912554,
27915095,
27918761,
27920238,
27921031,
27922666,
27929233,
27932195,
27935161,
27935535,
27937937,
27940283,
27941464,
27945560,
27946398,
27946462,
27948362,
27951721,
27952137,
27952148,
27959322,
27961882,
27963177,
27964193,
27964563,
27965913,
27966450,
27966627,
27971371,
27971803,
27973311,
27973458,
27974005,
27975141,
27975691,
27976444,
27984935,
27986071,
27986378,
27986799,
27986912,
27987390,
27994195,
27997554,
28002661,
28002967,
28008814,
28012079,
28012523,
28020738,
28027568,
28030352,
28031927,
28032033,
28033274,
28038394,
28038414,
28040055,
28040130,
28040139,
28040648,
28041289,
28043604,
28044162,
28046890,
28047304,
28049876,
28051342,
28053589,
28054233,
28055674,
28056632,
28058127,
28058753,
28060394,
28061204,
28061378,
28063569,
28064961,
28065437,
28066295,
28066400,
28067782,
28074487,
28078153,
28080432,
28080810,
28081049,
28081089,
28082132,
28082562,
28082608,
28083870,
28084360,
28084797,
28086640,
28087032,
28087506,
28088715,
28089098,
28090646,
28091231,
28091564,
28091947,
28093424,
28093811,
28094058,
28094287,
28098556,
28102767,
28103186,
28108612,
28108770,
28109715,
28111813,
28115345,
28115510,
28119855,
28120978,
28121471,
28123223,
28123692,
28124404,
28125301,
28130417,
28135782,
28136338,
28137844,
28138004,
28138967,
28139130,
28143638,
28143777,
28146214,
28147842,
28147876,
28154270,
28171899,
28183494,
28187711,
28220918,
28230742,
28233801,
28242688,
28253581,
28256519,
28257120,
28261516,
28269992,
28303064,
28307284,
28338047,
28375374,
28383883,
28394261,
28395538,
28395725,
28396197,
28421891,
28429646,
28438307,
28442759,
28443395,
28447310,
28450178,
28452492,
28454983,
28455772,
28455960,
28460239,
28462299,
28471559,
28476818,
28487632,
28490279,
28509208,
28512774,
28513176,
28556766,
28557690,
28565174,
28566712,
28566766,
28568303,
28571105,
28572056,
28572170,
28574800,
28575331,
28575799,
28579390,
28581948,
28582157,
28582662,
28582702,
28582768,
28582852,
28584863,
28586824,
28586911,
28588059,
28588809,
28591156,
28591371,
28591664,
28591707,
28591793,
28591962,
28591988,
28592396,
28598456,
28599501,
28600294,
28600466,
28601746,
28602390,
28602695,
28603651,
28604011,
28604048,
28608001,
28608610,
28609570,
28610276,
28613182,
28616223,
28619461,
28622639,
28623821,
28624875,
28624962,
28625710,
28626971,
28627724,
28628189,
28629031,
28629236,
28633476,
28633768,
28642854,
28645439,
28646747,
28659264,
28665104,
28666100,
28680343,
28683085,
28685628,
28688949,
28698395,
28699666,
28706284,
28708663,
28731193,
28752963,
28753686,
28769529,
28773452,
28773629,
28777481,
28781337,
28784092,
28785644,
28788462,
28790190,
28796127,
28798200,
28798204,
28798535,
28802016,
28802545,
28805855,
28805909,
28808287,
28810934,
28813343,
28814578,
28816069,
28819684,
28820232,
28822788,
28822836,
28825353,
28825374,
28825927,
28827107,
28827345,
28827504,
28828418,
28828449,
28828611,
28838865,
28841559,
28846739,
28849336,
28849479,
28852316,
28853172,
28854706,
28860556,
28862022,
28862985,
28865384,
28865905,
28866647,
28867528,
28867756,
28868585,
28869117,
28869829,
28870362,
28871600,
28871821,
28872693,
28872921,
28873457,
28873760,
28874054,
28874340,
28874602,
28875036,
28875854,
28876191,
28876680,
28877074,
28877332,
28878562,
28878993,
28879878,
28880108,
28881175,
28881306,
28882272,
28882751,
28882798,
28883256,
28883358,
28883513,
28886362,
28889458,
28892727,
28896516,
28905119,
28908175,
28908778,
28912666,
28912933,
28916476,
28920217,
28927170,
28927955,
28932071,
28933225,
28934443,
28937704,
28940590,
28942043,
28945921,
28949834,
28951936,
28953272,
28953441,
28954777,
28955125,
28957535,
28957735,
28958202,
28958483,
28958546,
28959580,
28959994,
28960695,
28960833,
28960954,
28961436,
28961566,
28963385,
28963767,
28963823,
28965842,
28967625,
28967683,
28968072,
28968307,
28969716,
28976940,
28980003,
28982246,
28987937,
28988479,
28989691,
28993418,
28993959,
28994976,
28995703,
28996155,
28996672,
29027425,
29038950,
29044879,
29051717,
29060040,
29066772,
29073146,
29076959,
29082999,
29084206,
29085401,
29086571,
29096286,
29099739,
29100321,
29105393,
29118871,
29119553,
29121604,
29143427,
29143451,
29145783,
29146082,
29146615,
29160696,
29161075,
29172331,
29180944,
29189301,
29192380,
29192579,
29192946,
29194934,
29203329,
29204056,
29206330,
29211873,
29215555,
29217533,
29219695,
29220965,
29223308,
29223452,
29224655,
29227254,
29233362,
29235228,
29235636,
29235838,
29237567,
29240168,
29243071,
29245018,
29247551,
29259742,
29273097,
29273453,
29275873,
29279547,
29282291,
29282681,
29282741,
29287302,
29290265,
29299479,
29314735,
29317003,
29332515,
29346644,
29353320,
29358607,
29370410,
29375524,
29376503,
29381275,
29386998,
29392661,
29393397,
29393713,
29394682,
29403405,
29405571,
29405651,
29405681,
29412603,
29416404,
29419372,
29426712,
29429731,
29437720,
29441137,
29445546,
29454997,
29461589,
29464616,
29464709,
29465489,
29467513,
29469268,
29473267,
29474593,
29475082,
29477147,
29477890,
29479990,
29480467,
29480798,
29480911,
29482008,
29486252,
29487253,
29489639,
29490811,
29493136,
29494096,
29494397,
29495257,
29495341,
29495830,
29496866,
29497427,
29497808,
29497936,
29497965,
29498117,
29498632,
29499231,
29499684,
29500144,
29500147,
29500784,
29500807,
29501238,
29501572,
29501873,
29502100,
29502703,
29503375,
29503670,
29503953,
29505841,
29506108,
29506609,
29507270,
29507843,
29508429,
29508539,
29508801,
29510272,
29511494,
29512001,
29512190,
29513094,
29513389,
29513781,
29513956,
29514091,
29514725,
29514746,
29515023,
29515359,
29517838,
29519399,
29520916,
29521086,
29521905,
29522473,
29522754,
29523036,
29523191,
29523824,
29524007,
29524212,
29530780,
29531291,
29531500,
29533835,
29533965,
29535563,
29537564,
29537733,
29547110,
29550278,
29550712,
29551391,
29554930,
29558779,
29560074,
29563650,
29565729,
29566340,
29567708,
29571683,
29575011,
29575343,
29583546,
29588114,
29589961,
29591274,
29595299,
29598010,
29599836,
29600790,
29601028,
29604910,
29608984,
29609627,
29609829,
29611468,
29614475,
29615480,
29619125,
29619356,
29623120,
29623939,
29624136,
29624203,
29624332,
29624402,
29624572,
29624577,
29624927,
29624947,
29625101,
29625326,
29625386,
29625928,
29626030,
29627983,
29628445,
29628519,
29629273,
29635311,
29635780,
29637647,
29640206,
29640588,
29640974,
29644997,
29647738,
29649879,
29651141,
29652420,
29655289,
29656607,
29657191,
29658537,
29660243,
29661071,
29661666,
29663446,
29663806,
29663887,
29664280,
29664782,
29665008,
29665120,
29665237,
29665270,
29665315,
29666102,
29667430,
29667492,
29672076,
29673043,
29675130,
29675233,
29678438,
29684671,
29685705,
29687257,
29690161,
29698785,
29702038,
29702910,
29703480,
29703973,
29706418,
29706878,
29707254,
29707495,
29708194,
29710133,
29710902,
29713048,
29713553,
29714181,
29714373,
29715176,
29715273,
29715552,
29718355,
29719689,
29719764,
29719860,
29725959,
29726367,
29726616,
29729383,
29731619,
29733294,
29735375,
29735452,
29739826,
29739927,
29740745,
29742601,
29743486,
29743854,
29745261,
29746506,
29748842,
29748978,
29749327,
29749352,
29749905,
29750953,
29750978,
29751857,
29752317,
29752388,
29757399,
29758367,
29759451,
29761992,
29762665,
29766527,
29769258,
29775092,
29775454,
29778636,
29782462,
29786694,
29787272,
29788498,
29789807,
29790989,
29794147,
29795302,
29796981,
29797009,
29797950,
29799002,
29802262,
29809266,
29817517,
29817539,
29818482,
29826170,
29826991,
29828772,
29833985,
29836358,
29841820,
29842331,
29843477,
29845019,
29845132,
29857246,
29860193,
29862256,
29862355,
29862560,
29865185,
29868762,
29869171,
29870605,
29873554,
29875186,
29881858,
29885482,
29889587,
29902684,
29902954,
29910382,
29914504,
29916942,
29918630,
29919392,
29920374,
29923975,
29924349,
29926955,
29927612,
29927700,
29929997,
29930387,
29931068,
29932049,
29937072,
29943207,
29944909,
29945836,
29947678,
29950804,
29950972,
29951025,
29951208,
29952902,
29953236,
29958386,
29959889,
29960149,
29960834,
29961483,
29964207,
29965854,
29966180,
29966397,
29969296,
29969973,
29971148,
29972733,
29973392,
29974279,
29977571,
29978684,
29980025,
29981625,
29983437,
29989555,
29990387,
29991498,
29991582,
29992046,
29992206,
29992428,
29992717,
29992777,
29993078,
29993408,
29994629,
30000095,
30000395,
30000910,
30001231,
30004658,
30005645,
30005993,
30006722,
30007998,
30008693,
30008720,
30010257,
30011830,
30014807,
30015096,
30015200,
30015900,
30016448,
30017295,
30017372,
30017425,
30017698,
30017963,
30019353,
30022504,
30022872,
30023420,
30024694,
30025095,
30028987,
30031140,
30031144,
30032579,
30033911,
30038562,
30039398,
30039687,
30041921,
30041952,
30042481,
30042912,
30043404,
30043646,
30044278,
30044321,
30044409,
30044471,
30044860,
30045645,
30045968,
30045995,
30046343,
30046439,
30046720,
30046921,
30046924,
30046987,
30048098,
30049229,
30051973,
30052778,
30056246,
30058100,
30058295,
30058899,
30060258,
30060472,
30060509,
30060707,
30061323,
30061597,
30064273,
30064507,
30067742,
30071543,
30072056,
30075533,
30076649,
30080516,
30082430,
30082647,
30082921,
30083499,
30083573,
30090697,
30091772,
30092170,
30092804,
30094010,
30094683,
30094819,
30094838,
30095762,
30095954,
30097788,
30108337,
30111234,
30111634,
30112394,
30113041,
30113682,
30113930,
30114168,
30115551,
30115803,
30117655,
30121325,
30121772,
30124286,
30126632,
30128413,
30129013,
30129354,
30129821,
30129936,
30129953,
30130630,
30132389,
30139912,
30146189,
30147575,
30152207,
30156142,
30163068,
30164137,
30168655,
30168779,
30175976,
30181137,
30181820,
30181952,
30186714,
30187597,
30188051,
30188260,
30188305,
30188469,
30189000,
30191838,
30201041,
30201998,
30202613,
30202631,
30203281,
30203302,
30203529,
30203672,
30204943,
30205148,
30205562,
30206360,
30208020,
30208061,
30210432,
30210807,
30211653,
30215458,
30215523,
30217496,
30217924,
30219323,
30219374,
30220070,
30223119,
30223545,
30224696,
30225143,
30225361,
30225464,
30226581,
30227416,
30227607,
30227995,
30230969,
30231374,
30231511,
30232195,
30232798,
30236330,
30239765,
30243006,
30244628,
30246895,
30254094,
30256541,
30257586,
30258275,
30259224,
30259513,
30260731,
30261743,
30262475,
30263144,
30266763,
30268227,
30269132,
30269771,
30270122,
30272039,
30274383,
30275988,
30276586,
30288791,
30295327,
30298106,
30299380,
30304235,
30316607,
30320484,
30322003,
30331750,
30338448,
30343685,
30346361,
30348099,
30350548,
30360034,
30378194,
30380054,
30385870,
30396229,
30396386,
30397587,
30399271,
30402191,
30402853,
30403260,
30404005,
30407911,
30409491,
30415325,
30416553,
30417469,
30417602,
30430473,
30437862,
30441018,
30446148,
30454059,
30460742,
30463645,
30463789,
30465829,
30466850,
30467262,
30467419,
30478454,
30478690,
30479264,
30482565,
30491467,
30492792,
30496716,
30499108,
30501501,
30501752,
30503001,
30503539,
30504026,
30505709,
30506286,
30510325,
30512732,
30514370,
30520771,
30525067,
30525691,
30528520,
30529895,
30532058,
30534309,
30537315,
30538873,
30546318,
30546581,
30547113,
30547554,
30547793,
30549536,
30554256,
30558507,
30559036,
30559127,
30561019,
30561834,
30562739,
30565777,
30566152,
30566423,
30567678,
30569196,
30569288,
30569318,
30569632,
30569640,
30569772,
30569904,
30569940,
30570718,
30571032,
30571205,
30571288,
30571826,
30572573,
30578514,
30579576,
30582992,
30600482,
30619194,
30626643,
30628894,
30630611,
30643256,
30675160,
30676739,
30687404,
30703204,
30706389,
30714859,
30726633,
30728874,
30729504,
30732531,
30735066,
30735404,
30752915,
30753423,
30755479,
30765351,
30766214,
30766582,
30767145,
30769093,
30772598,
30772959,
30775782,
30780349,
30783197,
30785987,
30787115,
30787871,
30789121,
30789239,
30789421,
30793525,
30794437,
30794467,
30795435,
30795441,
30795889,
30795913,
30796271,
30799147,
30802221,
30803308,
30804285,
30807503,
30812387,
30813598,
30814273,
30814380,
30814707,
30814736,
30815727,
30816740,
30817655,
30819360,
30819975,
30821226,
30822534,
30823122,
30823201,
30823422,
30823525,
30823530,
30824420,
30825413,
30825433,
30826181,
30827263,
30827505,
30828879,
30829836,
30830615,
30830903,
30831755,
30833895,
30836132,
30837652,
30840631,
30844958,
30845434,
30846611,
30848440,
30848624,
30848919,
30849404,
30849550,
30849766,
30852430,
30852494,
30853461,
30854016,
30854111,
30855450,
30856622,
30857011,
30857155,
30858656,
30858801,
30859780,
30860192,
30861229,
30861243,
30863094,
30866629,
30870423,
30872202,
30875190,
30875384,
30875840,
30875975,
30876589,
30876807,
30876946,
30877083,
30877102,
30881020,
30882841,
30891262,
30897251,
30897266,
30898250,
30901044,
30901925,
30902628,
30905121,
30905591,
30905889,
30906667,
30908635,
30908648,
30910196,
30911317,
30911697,
30911738,
30911744,
30913908,
30914074,
30914555,
30915447,
30916063,
30916118,
30916282,
30916586,
30917085,
30917782,
30918432,
30918666,
30918962,
30919705,
30921927,
30922754,
30924931,
30925238,
30925769,
30926663,
30928793,
30929389,
30930928,
30931108,
30931310,
30931760,
30932406,
30932470,
30933956,
30936737,
30937682,
30938035,
30939962,
30940031,
30942101,
30943216,
30944338,
30944529,
30948066,
30949430,
30949747,
30949840,
30950018,
30950021,
30952335,
30952505,
30953715,
30955433,
30956719,
30956816,
30958682,
30960528,
30962410,
30962726,
30962782,
30962797,
30963809,
30966588,
30969538,
30971036,
30971432,
30971446,
30971681,
30972063,
30972898,
30973304,
30973666,
30973744,
30974224,
30975080,
30975670,
30975984,
30976194,
30977414,
30979130,
30980107,
30981366,
30982482,
30982643,
30983320,
30983479,
30984204,
30984376,
30986365,
30986750,
30987230,
30989369,
30989679,
30990327,
30990697,
30991799,
30991948,
30992790,
30992980,
30993598,
30993699,
30994499,
30994505,
30994539,
30995251,
30995445,
30995726,
30995934,
30996727,
30997247,
30997514,
30998157,
30998888,
31000101,
31000404,
31002137,
31002925,
31003565,
31004102,
31004792,
31005165,
31005196,
31005333,
31005583,
31005604,
31005962,
31007681,
31007805,
31008087,
31008297,
31008842,
31009679,
31009770,
31010251,
31015084,
31015774,
31016793,
31018628,
31022295,
31022682,
31024868,
31025747,
31030210,
31031417,
31035469,
31038794,
31038826,
31038918,
31040464,
31040938,
31042337,
31048132,
31048885,
31049628,
31051355,
31057179,
31065855,
31067160,
31072775,
31087399,
31088410,
31092980,
31098306,
31103994,
31105617,
31106437,
31107278,
31111161,
31113152,
31113352,
31116616,
31116702,
31117878,
31119660,
31125064,
31143284,
31145571,
31152382,
31153461,
31155118,
31158048,
31171259,
31174425,
31175813,
31204167,
31206275,
31213361,
31217376,
31217455,
31219051,
31219528,
31220008,
31220230,
31220406,
31223753,
31226504,
31226714,
31231509,
31231723,
31232159,
31234413,
31235018,
31237705,
31237968,
31238259,
31241300,
31247236,
31253874,
31255761,
31256843,
31257516,
31257886,
31257985,
31258116,
31258164,
31258173,
31258264,
31258819,
31259734,
31260127,
31260390,
31262056,
31265600,
31266170,
31267371,
31280256,
31284855,
31297222,
31299815,
31301627,
31302056,
31303953,
31311728,
31313615,
31315907,
31322570,
31331215,
31331946,
31333459,
31335309,
31337899,
31339017,
31339427,
31342664,
31344929,
31345994,
31346736,
31350056,
31350817,
31351081,
31352795,
31352923,
31354608,
31354876,
31355489,
31358219,
31361631,
31361951,
31362238,
31362512,
31362574,
31362951,
31363035,
31363322,
31363576,
31363771,
31364308,
31365025,
31366577,
31367006,
31368767,
31370921,
31371978,
31373575,
31373798,
31382812,
31383605,
31386368,
31397472,
31401147,
31419292,
31435035,
31455680,
31459970,
31474879,
31496901,
31538144,
31561316,
31573566,
31580109,
31582762,
31588751,
31590409,
31593112,
31595556,
31597952,
31601220,
31603220,
31604330,
31605678,
31606166,
31606262,
31606343,
31606563,
31607859,
31608480,
31610704,
31614214,
31616452,
31616566,
31616729,
31618754,
31622106,
31623715,
31625017,
31625792,
31628994,
31629362,
31629653,
31629942,
31630320,
31634866,
31641367,
31642273,
31642429,
31642805,
31643135,
31643958,
31644731,
31644738,
31644860,
31644875,
31645032,
31645247,
31645470,
31646156,
31646686,
31647044,
31648646,
31650926,
31656113,
31656476,
31657191,
31659901,
31662298,
31662626,
31663414,
31663688,
31664228,
31668176,
31672036,
31678460,
31690472,
31698160,
31714921,
31723477,
31728206,
31732539,
31734036,
31735316,
31737667,
31742076,
31746798,
31750836,
31751001,
31752795,
31759628,
31759653,
31760607,
31763718,
31766253,
31766498,
31766926,
31767036,
31767089,
31768317,
31771204,
31771890,
31771915,
31771943,
31773442,
31774038,
31776403,
31778724,
31780278,
31782834,
31784058,
31786178,
31789852,
31790405,
31790770,
31791632,
31792050,
31792462,
31793483,
31795330,
31798948,
31803061,
31803291,
31804561,
31804562,
31804834,
31805849,
31806579,
31807714,
31811366,
31812352,
31813193,
31814955,
31816124,
31828358,
31833140,
31834491,
31843646,
31845046,
31848580,
31848628,
31851235,
31854492,
31859531,
31860830,
31864965,
31867434,
31871321,
31871377,
31872665,
31872733,
31873423,
31873494,
31876871,
31878179,
31881265,
31881617,
31883529,
31886552,
31886746,
31887095,
31893383,
31893859,
31894753,
31897663,
31902797,
31910067,
31911404,
31913586,
31915783,
31915942,
31917182,
31919611,
31921463,
31923099,
31923888,
31924849,
31926024,
31927019,
31927313,
31927335,
31927888,
31928137,
31928699,
31929395,
31929760,
31930275,
31930901,
31931477,
31931940,
31932382,
31932964,
31933108,
31933626,
31933838,
31934596,
31936176,
31936454,
31938841,
31939182,
31944425,
31944551,
31947337,
31950698,
31951126,
31951819,
31952216,
31953514,
31954031,
31954544,
31955742,
31955790,
31957719,
31961240,
31961519,
31962331,
31962576,
31964308,
31965580,
31966181,
31968341,
31969336,
31974248,
31974546,
31975284,
31975603,
31981129,
31981305,
31981991,
31982008,
31982251,
31984630,
31985475,
31986483,
31987163,
31988560,
31990367,
31991549,
31991792,
31991921,
31992065,
31992190,
31992721,
31993794,
31995980,
31996889,
31997308,
31997802,
31999115,
31999739,
32000726,
32001031,
32001505,
32001692,
32002500,
32002902,
32003371,
32003631,
32005803,
32007156,
32008162,
32008555,
32008938,
32009265,
32010639,
32012481,
32013563,
32017930,
32024145,
32025965,
32032989,
32033259,
32033835,
32034349,
32036547,
32038975,
32040409,
32041440,
32041476,
32041786,
32043409,
32044143,
32048464,
32049283,
32051763,
32051814,
32052414,
32052455,
32052939,
32053625,
32053762,
32054498,
32054575,
32055675,
32057733,
32058707,
32058997,
32059610,
32060676,
32062199,
32062554,
32063257,
32063348,
32063536,
32063690,
32064075,
32064359,
32065183,
32066305,
32066314,
32067805,
32068260,
32069412,
32069655,
32072013,
32073193,
32073723,
32077539,
32079287,
32080651,
32082100,
32084417,
32084491,
32084769,
32088419,
32088479,
32088980,
32089244,
32089316,
32089687,
32090449,
32091184,
32092246,
32092865,
32093274,
32099193,
32100616,
32103970,
32108304,
32113316,
32114372,
32115609,
32122815,
32124878,
32129154,
32134324,
32134978,
32136428,
32136830,
32138249,
32138799,
32138944,
32139835,
32139851,
32140296,
32140724,
32141242,
32144591,
32148763,
32148813,
32149129,
32151198,
32151500,
32157300,
32157912,
32167977,
32169236,
32170422,
32172020,
32172075,
32174223,
32185180,
32185194,
32197768,
32202060,
32204502,
32205302,
32206020,
32206027,
32207641,
32208073,
32208911,
32209112,
32209419,
32209951,
32210012,
32210147,
32210273,
32210734,
32210816,
32211252,
32213058,
32213075,
32213386,
32213506,
32214176,
32214836,
32215231,
32215720,
32215805,
32216136,
32216138,
32216353,
32217184,
32217289,
32217644,
32218031,
32221568,
32222742,
32226806,
32227566,
32229180,
32229925,
32230723,
32233206,
32233613,
32236912,
32237739,
32241169,
32246934,
32248357,
32249051,
32250688,
32253302,
32261297,
32262863,
32265316,
32268952,
32271295,
32272867,
32273454,
32275720,
32276006,
32278578,
32281000,
32281786,
32281912,
32283474,
32284262,
32285822,
32287232,
32289318,
32293966,
32296293,
32296664,
32296986,
32297222,
32298148,
32301031,
32301307,
32301350,
32302095,
32302420,
32304730,
32305346,
32306476,
32306573,
32310080,
32312425,
32314183,
32315546,
32319579,
32319950,
32322397,
32323792,
32325708,
32327072,
32327208,
32327951,
32330685,
32331468,
32331626,
32333124,
32337340,
32341918,
32343223,
32353922,
32361180,
32367012,
32370657,
32373058,
32373793,
32375207,
32375553,
32377645,
32379496,
32382880,
32392417,
32392549,
32408590,
32410674,
32419211,
32419334,
32419582,
32421282,
32421673,
32422383,
32429923,
32431511,
32434530,
32439190,
32440122,
32444623,
32445869,
32447247,
32449144,
32454428,
32454762,
32460563,
32461914,
32463863,
32469162,
32474075,
32474956,
32476560,
32477568,
32477584,
32477636,
32479339,
32480460,
32480587,
32480778,
32480842,
32481674,
32483141,
32485227,
32488265,
32489088,
32489724,
32492606,
32492642,
32492820,
32492913,
32494235,
32494334,
32494823,
32495011,
32495322,
32496255,
32498904,
32499314,
32501275,
32502150,
32504341,
32506815,
32508283,
32510291,
32512615,
32514395,
32522592,
32524670,
32526365,
32526956,
32527069,
32527227,
32527301,
32530615,
32531432,
32531974,
32533022,
32536645,
32537744,
32537811,
32538207,
32539207,
32547467,
32549534,
32549805,
32549965,
32551973,
32553132,
32553381,
32555020,
32559701,
32560200,
32560597,
32561204,
32562565,
32566993,
32573764,
32580048,
32582301,
32583450,
32587223,
32589434,
32594247,
32595982,
32597535,
32602324,
32603870,
32604317,
32605291,
32608848,
32608856,
32609307,
32609557,
32610539,
32610733,
32611249,
32623704,
32626755,
32633291,
32634694,
32640229,
32642024,
32642486,
32643019,
32647506,
32648393,
32649093,
32650602,
32651037,
32652986,
32653915,
32654101,
32657604,
32657786,
32669671,
32676929,
32707367,
32720455,
32735138,
32735528,
32737977,
32744009,
32757996,
32759378,
32761033,
32762266,
32765295,
32769071,
32774601,
32774659,
32777602,
32780102,
32780426,
32782111,
32782354,
32782817,
32783901,
32783933,
32785517,
32786668,
32789343,
32791611,
32792560,
32795999,
32800097,
32800138,
32809460,
32811662,
32812981,
32815255,
32817642,
32820005,
32820946,
32821075,
32821310,
32821588,
32827082,
32829241,
32833924,
32836300,
32839057,
32839204,
32840271,
32842060,
32842525,
32843103,
32845286,
32846032,
32847067,
32868999,
32869395,
32871858,
32872677,
32874523,
32876101,
32880774,
32882506,
32882548,
32884962,
32886904,
32889208,
32891356,
32894087,
32894563,
32895808,
32902559,
32903038,
32905127,
32905323,
32908241,
32911890,
32912031,
32912379,
32916178,
32916426,
32916552,
32917437,
32919583,
32919973,
32921451,
32921535,
32921956,
32922360,
32922407,
32922477,
32922508,
32927471,
32927555,
32929494,
32932638,
32937020,
32940493,
32942031,
32943084,
32946194,
32947207,
32948779,
32966562,
32975364,
32976315,
32977901,
32978473,
32982115,
32984289,
32986473,
32986970,
32995143,
32997585,
33007382,
33010502,
33026034,
33028291,
33031655,
33042279,
33044827,
33064858,
33079107,
33083483,
33083810,
33087109,
33091244,
33093087,
33094121,
33094451,
33099703,
33113865,
33114188,
33115154,
33116673,
33117654,
33117977,
33120858,
33131511,
33132258,
33166551,
33169234,
33179814,
33187681,
33192387,
33192425,
33199603,
33200994,
33206295,
33218253,
33219297,
33219654,
33229386,
33230519,
33246117,
33250472,
33252418,
33254990,
33259368,
33264966,
33266639,
33267699,
33269929,
33272987,
33279182,
33280513,
33282687,
33283804,
33284644,
33284891,
33285145,
33285673,
33287678,
33287705,
33289228,
33290486,
33291269,
33294567,
33297377,
33299652,
33304270,
33306618,
33314005,
33315453,
33318467,
33329668,
33331449,
33332106,
33340828,
33345737,
33348448,
33354063,
33357179,
33357366,
33366575,
33376126,
33378502,
33380217,
33381360,
33381769,
33384451,
33385243,
33390284,
33398905,
33400263,
33404118,
33404134,
33407858,
33410180,
33417145,
33417795,
33421886,
33424222,
33431818,
33432736,
33437851,
33439810,
33440191,
33443718,
33445839,
33451270,
33466417,
33470870,
33476606,
33481884,
33484419,
33485859,
33488268,
33489528,
33492073,
33527993,
33528462,
33529411,
33537114,
33539692,
33545788,
33549132,
33553585,
33561807,
33561930,
33571285,
33573404,
33588975,
33600250,
33603439,
33604076,
33605375,
33609310,
33612258,
33616154,
33625614,
33640138,
33646686,
33647147,
33661320,
33662884,
33667981,
33675386,
33675447,
33676165,
33678727,
33679069,
33688819,
33690639,
33697173,
33709390,
33715296,
33717361,
33727901,
33730873,
33748831,
33749214,
33751509,
33759933,
33787743,
33832907,
33848050,
33855638,
33893298,
33912225,
33933308,
33944955,
33947627,
33948535,
33955917,
33964472,
33973644,
33987891,
34021820,
34028075,
34031743,
34063962,
34092214,
34092820,
34132645,
34150173,
34153923,
34168233,
34170959,
34171884,
34176425,
34176656,
34184090,
34185969,
34193201,
34209816,
34218910,
34222894,
34227414,
34250638,
34277208,
34298758,
34352252,
34436474,
34472591,
34476759,
34702177,
37408303,
37525857,
37567965,
37582093,
37607888,
37931206,
37985028,
37997664,
38014398,
38048343,
38053058,
38059133,
38079116,
38081662,
38121069,
38135688,
38164083,
38194589,
38220866,
38235691,
38250410,
38254025,
38273018,
38316656,
38323875,
38336652,
38339291,
38354238,
38354605,
38362531,
38482287,
38501977,
38534042,
38538512,
38539811,
38596479,
38613946,
38624870,
38625753,
38651431,
38671021,
38689358,
38720076,
38726484,
38729441,
38731088,
38732947,
38774159,
38774265,
38815086,
38828982,
38835896,
38838204,
38839235,
38851917,
38853974,
38870879,
38871157,
38895602,
38906938,
38909059,
38909836,
38911306,
38913645,
38915911,
38920232,
38923404,
38936564,
38936967,
38938044,
38953030,
38956394,
38987836,
39002923,
39003336,
39017283,
39022634,
39028990,
39031396,
39031764,
39033540,
39034127,
39038969,
39039140,
39040174,
39051128,
39052183,
39052295,
39052546,
39053904,
39055014,
39055341,
39056688,
39061686,
39079765,
39098434,
39103894,
39108652,
39111381,
39111942,
39114848,
39118335,
39118921,
39119449,
39127571,
39128520,
39135559,
39137663,
39143070,
39143096,
39143801,
39144331,
39144592,
39144930,
39145806,
39145892,
39150186,
39151568,
39151782,
39154229,
39154686,
39155386,
39157538,
39162710,
39168547,
39174088,
39176770,
39184883,
39187171,
39187208,
39188425,
39189365,
39199647,
39204546,
39206134,
39206654,
39215155,
39215840,
39217991,
39229445,
39231480,
39232107,
39233717,
39233994,
39234790,
39235015,
39242364,
39258090,
39269196,
39269849,
39272338,
39273217,
39274058,
39275902,
39291730,
39325108,
39329181,
39354644,
39376845,
39382899,
39387436,
39402841,
39446041,
39447884,
39455157,
39477691,
39501631,
39540461,
39543548,
39553522,
39556249,
39573331,
39586553,
39589079,
39591403,
39594115,
39595168,
39600871,
39618494,
39620624,
39621483,
39623469,
39623719,
39624024,
39628226,
39631231,
39631324,
39631885,
39639840,
39648417,
39652946,
39653345,
39659620,
39669311,
39677899,
39715864,
39732368,
39744669,
39752595,
39753796,
39757882,
39772454,
39779151,
39780359,
39781068,
39782004,
39782503,
39783017,
39786859,
39792635,
39795067,
39801619,
39803006,
39803421,
39804281,
39808992,
39812196,
39812973,
39814234,
39818688,
39825544,
39827679,
39830500,
39841842,
39842289,
39842571,
39847898,
39861045,
39866753,
39870744,
39870983,
39871322,
39874334,
39874395,
39874927,
39877372,
39878654,
39879419,
39883283,
39885625,
39887890,
39890863,
39891633,
39894987,
39902937,
39908796,
39912940,
39913795,
39914170,
39916805,
39917690,
39918693,
39923131,
39923420,
39924754,
39925242,
39926040,
39926139,
39926205,
39926405,
39928043,
39929021,
39930503,
39930871,
39933608,
39934333,
39947282,
39952918,
39955433,
39955700,
39956571,
39957039,
39957122,
39957228,
39957689,
39959193,
39962910,
39963844,
39964887,
39966139,
39968473,
39971533,
39973325,
39973368,
39973650,
39973714,
39973954,
39976348,
39976370,
39977689,
39978217,
39979458,
39984844,
39985998,
39986960,
39988896,
39991063,
39991315,
39994120,
39994534,
40000049,
40012709,
40019895,
40024825,
40034758,
40035779,
40040637,
40049089,
40049173,
40051947,
40061240,
40066724,
40099613,
40100943,
40104880,
40108942,
40121585,
40139534,
40140780,
40141315,
40142258,
40153075,
40154275,
40156521,
40165259,
40168011,
40173122,
40178102,
40183916,
40194605,
40196817,
40197314,
40203742,
40207905,
40208137,
40214088,
40215077,
40216080,
40222611,
40228987,
40234429,
40238296,
40238297,
40239511,
40251454,
40251827,
40253145,
40254447,
40255946,
40256699,
40258717,
40260185,
40262361,
40269793,
40277195,
40278186,
40282397,
40283226,
40294892,
40309108,
40309184,
40313475,
40317243,
40320031,
40322891,
40326003,
40328649,
40330097,
40331157,
40331975,
40333976,
40335204,
40335852,
40336660,
40338591,
40339097,
40342446,
40348451,
40348560,
40351005,
40351378,
40356668,
40362404,
40364242,
40364849,
40368743,
40369804,
40372797,
40382654,
40383071,
40383444,
40384155,
40386467,
40388059,
40389571,
40389919,
40390705,
40392477,
40396895,
40402062,
40404549,
40404755,
40406166,
40409037,
40414278,
40419930,
40421821,
40424457,
40425915,
40426405,
40428064,
40428856,
40429947,
40430120,
40430899,
40431114,
40431366,
40431684,
40432042,
40433627,
40433676,
40434461,
40434474,
40434632,
40434862,
40435318,
40435762,
40435982,
40436780,
40437011,
40437410,
40437766,
40438358,
40438733,
40441115,
40441152,
40443528,
40444095,
40444413,
40471567,
40478286,
40479223,
40499362,
40500369,
40503000,
40504991,
40506276,
40528288,
40532105,
40534087,
40541993,
40545141,
40553455,
40559092,
40559131,
40562383,
40564869,
40567299,
40569336,
40573566,
40574436,
40581563,
40585099,
40585551,
40585697,
40589963,
40592316,
40593765,
40595687,
40601322,
40602158,
40602210,
40605606,
40608182,
40611998,
40612285,
40612931,
40620818,
40623064,
40623631,
40624105,
40624559,
40624579,
40625125,
40625479,
40626034,
40626674,
40627528,
40628024,
40628948,
40629200,
40629677,
40629914,
40630877,
40631644,
40633135,
40635401,
40635567,
40643354,
40644202,
40645683,
40647061,
40648199,
40648482,
40649830,
40651582,
40652555,
40653574,
40655096,
40655519,
40658166,
40659930,
40660178,
40661000,
40666072,
40669720,
40677844,
40678219,
40678488,
40682251,
40682331,
40684463,
40688596,
40689079,
40711498,
40714900,
40728485,
40734837,
40740647,
40746899,
40749330,
40752847,
40755878,
40756143,
40758192,
40759051,
40759799,
40760593,
40760659,
40761197,
40762325,
40763005,
40765946,
40765986,
40766463,
40768322,
40770617,
40771480,
40787597,
40789069,
40789197,
40790247,
40791488,
40792792,
40792806,
40794833,
40796332,
40797447,
40799009,
40801332,
40802427,
40803082,
40803982,
40804041,
40804341,
40804512,
40804728,
40805101,
40805336,
40805518,
40805550,
40805576,
40806117,
40806726,
40812717,
40816942,
40821045,
40821476,
40825434,
40828587,
40830939,
40833131,
40837640,
40837704,
40840781,
40842960,
40854130,
40860579,
40861752,
40878559,
40881278,
40883465,
40888755,
40889868,
40892241,
40895446,
40896734,
40897600,
40898666,
40899957,
40901736,
40903673,
40912809,
40916800,
40917317,
40920061,
40926309,
40926688,
40931073,
40937994,
40938251,
40942644,
40945224,
40952959,
40954137,
40959946,
40982646,
40986685,
40988167,
40988964,
40990966,
40991990,
40992085,
41008974,
41011693,
41012235,
41013600,
41014331,
41014853,
41018333,
41018409,
41030269,
41048732,
41068431,
41079324,
41092645,
41095852,
41105812,
41107463,
41110541,
41113110,
41118237,
41119247,
41119509,
41119597,
41120230,
41121287,
41124647,
41125946,
41129952,
41136862,
41137112,
41138070,
41142501,
41144860,
41148558,
41154742,
41157662,
41158178,
41167571,
41169843,
41188146,
41200748,
41206197,
41206669,
41212877,
41223654,
41234699,
41236953,
41238595,
41243254,
41245567,
41245696,
41246798,
41246936,
41253558,
41255236,
41259089,
41259563,
41260845,
41260982,
41262729,
41263570,
41269393,
41271476,
41273019,
41275280,
41277670,
41279050,
41280153,
41286419,
41290586,
41297701,
41300140,
41300301,
41300571,
41301188,
41301197,
41301247,
41301962,
41302319,
41303735,
41304539,
41305854,
41306000,
41306961,
41308501,
41308899,
41309326,
41310879,
41312874,
41313171,
41314748,
41316287,
41317866,
41319384,
41321997,
41323233,
41326740,
41327591,
41328560,
41329229,
41329238,
41329317,
41330752,
41332846,
41333875,
41334535,
41337308,
41342540,
41345641,
41352870,
41360008,
41361028,
41361676,
41362208,
41362574,
41366154,
41383341,
41385179,
41394318,
41396388,
41399249,
41401666,
41407090,
41414056,
41420702,
41424237,
41429969,
41439359,
41441500,
41447769,
41454553,
41455053,
41472914,
41477068,
41478940,
41482196,
41488795,
41491877,
41494137,
41512094,
41512249,
41514821,
41515184,
41515452,
41516573,
41519306,
41538635,
41544977,
41551186,
41551600,
41552736,
41553121,
41553516,
41554393,
41554634,
41555276,
41555567,
41556441,
41557075,
41558192,
41559021,
41559567,
41559623,
41564297,
41564381,
41566984,
41574479,
41576149,
41576361,
41583087,
41589347,
41596007,
41596405,
41602352,
41602972,
41603884,
41604095,
41604575,
41604845,
41605593,
41605739,
41605970,
41608797,
41615509,
41619453,
41624872,
41627545,
41628383,
41636238,
41638917,
41644368,
41647125,
41647806,
41648500,
41649341,
41649744,
41650705,
41651135,
41651156,
41651999,
41658274,
41663656,
41672846,
41678895,
41686545,
41699442,
41700526,
41703384,
41709148,
41710756,
41711606,
41714581,
41718942,
41720282,
41723295,
41723443,
41723637,
41723953,
41724024,
41724259,
41724470,
41724839,
41725559,
41726699,
41726733,
41727563,
41729190,
41731784,
41733185,
41739203,
41739659,
41741965,
41745473,
41745972,
41746832,
41747023,
41747369,
41747672,
41762550,
41763096,
41772001,
41778179,
41780628,
41782234,
41782591,
41787802,
41789468,
41789629,
41789707,
41795469,
41795694,
41796966,
41810034,
41820583,
41826862,
41829943,
41830125,
41830987,
41838999,
41839179,
41839479,
41840975,
41841384,
41841668,
41847973,
41848812,
41856758,
41860270,
41862776,
41862994,
41863050,
41863163,
41863208,
41863477,
41866269,
41869160,
41879992,
41885332,
41887974,
41888378,
41889491,
41889592,
41890460,
41891178,
41893680,
41894965,
41904329,
41905315,
41913808,
41920495,
41929520,
41929541,
41936800,
41940812,
41944181,
41949000,
41950617,
41950731,
41951714,
41953043,
41953560,
41953820,
41954106,
41954220,
41954392,
41954479,
41954581,
41954677,
41954841,
41955066,
41960826,
41961989,
41962597,
41966326,
41968758,
41974881,
41976548,
41980244,
41981051,
41990786,
41992247,
42010587,
42011324,
42017541,
42019856,
42039793,
42072126,
42125219,
42129357,
42134895,
42145044,
42146616,
42156344,
42158043,
42172303,
42187870,
42189072,
42214198,
42219487,
42235747,
42236663,
42238948,
42247430,
42247794,
42270302,
42281404,
42286848,
42292386,
42292891,
42294812,
42299832,
42302642,
42303289,
42306338,
42318747,
42320863,
42326465,
42327022,
42332958,
42339756,
42342464,
42346228,
42362409,
42372910,
42399808,
42411580,
42436700,
42444857,
42448672,
42449380,
42452810,
42454196,
42459547,
42460402,
42463524,
42465785,
42469998,
42472856,
42472906,
42475337,
42476561,
42476641,
42476816,
42477085,
42477263,
42477803,
42477876,
42478302,
42478392,
42478548,
42479270,
42479381,
42479504,
42479843,
42480600,
42482314,
42482794,
42484525,
42488045,
42490345,
42491111,
42492414,
42494255,
42495977,
42496331,
42497096,
42497198,
42497272,
42497360,
42497420,
42497582,
42497639,
42497654,
42498231,
42498937,
42501907,
42502474,
42504430,
42506076,
42512190,
42513029,
42513089,
42515964,
42516306,
42518328,
42519989,
42522270,
42522778,
42525901,
42526914,
42530234,
42533368,
42533528,
42534026,
42535594,
42536255,
42536514,
42539125,
42539771,
42540904,
42542420,
42545657,
42545773,
42546122,
42548431,
42549633,
42550405,
42550446,
42550547,
42552279,
42552482,
42552974,
42554324,
42557174,
42562370,
42568739,
42569321,
42574751,
42582455,
42585934,
42588245,
42591931,
42596842,
42597335,
42598324,
42601377,
42601915,
42603533,
42604075,
42606538,
42607313,
42608576,
42612584,
42620206,
42623722,
42633808,
42635930,
42637578,
42638555,
42640870,
42643218,
42643911,
42646129,
42648803,
42649176,
42649780,
42650497,
42651210,
42652376,
42652723,
42653603,
42661314,
42661540,
42663925,
42664042,
42664112,
42665325,
42667598,
42667605,
42667649,
42667948,
42668049,
42668491,
42668790,
42668883,
42669223,
42669385,
42669733,
42670081,
42670475,
42672220,
42673597,
42674247,
42674611,
42677572,
42677590,
42679259,
42680258,
42680631,
42680688,
42681366,
42681435,
42682002,
42682007,
42682207,
42682334,
42682426,
42682795,
42683683,
42685753,
42690971,
42692092,
42696898,
42697846,
42699187,
42700413,
42700482,
42700599,
42702221,
42702325,
42703872,
42704119,
42704412,
42704938,
42705073,
42705844,
42706051,
42707111,
42715150,
42717887,
42718839,
42721836,
42725789,
42726088,
42726288,
42729029,
42729439,
42733298,
42735091,
42737405,
42738045,
42738078,
42738373,
42739831,
42740667,
42747265,
42749087,
42757151,
42759044,
42764680,
42767397,
42776774,
42779423,
42781056,
42794651,
42802979,
42804919,
42806119,
42808263,
42813636,
42816248,
42816934,
42818622,
42819222,
42819374,
42820942,
42822248,
42822296,
42830726,
42831148,
42850118,
42858915,
42859966,
42860697,
42862559,
42864940,
42865439,
42867247,
42867280,
42867726,
42868115,
42870686,
42871197,
42871984,
42875061,
42875911,
42877918,
42882292,
42882327,
42882514,
42882755,
42882936,
42883065,
42883126,
42883882,
42884906,
42887432,
42887767,
42888240,
42891936,
42893884,
42895267,
42895528,
42896771,
42897358,
42903852,
42904107,
42904656,
42904770,
42905156,
42906404,
42907615,
42908245,
42910955,
42914032,
42914295,
42915522,
42916556,
42917241,
42917794,
42918121,
42918259,
42920457,
42921397,
42924116,
42925085,
42928180,
42929106,
42930398,
42932731,
42934530,
42936308,
42937462,
42951630,
42951873,
42952309,
42952463,
42953734,
42953762,
42955856,
42957446,
42958594,
42960092,
42960850,
42961700,
42967326,
42980154,
42983435,
42989766,
42990036,
42990070,
42995205,
43000339,
43000463,
43005324,
43008385,
43011232,
43011462,
43011488,
43012745,
43013445,
43013704,
43014223,
43015588,
43016320,
43022152,
43023845,
43024073,
43024170,
43025693,
43028052,
43028272,
43030556,
43031167,
43033504,
43035051,
43035720,
43038822,
43040478,
43048980,
43049535,
43049874,
43050509,
43050512,
43050918,
43051199,
43051746,
43053027,
43053096,
43053748,
43054133,
43054929,
43056086,
43056113,
43058417,
43061984,
43065276,
43066105,
43068385,
43071267,
43071770,
43072105,
43072709,
43075065,
43076738,
43083781,
43094484,
43096561,
43097093,
43103971,
43113207,
43114040,
43120336,
43120384,
43123119,
43123820,
43132668,
43133713,
43134715,
43135296,
43143714,
43144609,
43146899,
43147445,
43149927,
43153795,
43158801,
43159512,
43166999,
43169817,
43171873,
43173276,
43174541,
43175562,
43176711,
43177621,
43178487,
43179997,
43180374,
43183794,
43184848,
43185204,
43190850,
43191671,
43202914,
43204109,
43209994,
43211009,
43211888,
43212387,
43216288,
43216942,
43217781,
43218883,
43220741,
43221468,
43222841,
43223310,
43234901,
43236034,
43238153,
43253970,
43266129,
43271413,
43271515,
43274427,
43283361,
43285384,
43285869,
43288711,
43297579,
43302099,
43308918,
43310054,
43331924,
43332222,
43335875,
43338423,
43343514,
43351716,
43375914,
43388781,
43391432,
43391539,
43415879,
43423256,
43425494,
43443325,
43443465,
43443525,
43445403,
43448184,
43478749,
43480143,
43495547,
43498909,
43507389,
43509202,
43518908,
43529624,
43531639,
43532328,
43541541,
43542991,
43543599,
43550540,
43562590,
43574432,
43574437,
43574969,
43575048,
43576864,
43580049,
43580149,
43580611,
43585906,
43586254,
43586655,
43586725,
43586731,
43587475,
43587655,
43587699,
43587764,
43587955,
43588342,
43588450,
43588538,
43589351,
43590424,
43591401,
43592204,
43592940,
43593091,
43596465,
43599930,
43600176,
43600181,
43604022,
43605358,
43608464,
43627887,
43629743,
43632492,
43635497,
43637418,
43638849,
43643327,
43645843,
43647141,
43648335,
43649628,
43651943,
43653784,
43657055,
43665252,
43670216,
43679331,
43690146,
43705525,
43711486,
43716852,
43719206,
43733432,
43751461,
43751505,
43752640,
43756087,
43761669,
43766955,
43768762,
43770885,
43775948,
43780962,
43782627,
43786491,
43787337,
43789563,
43794316,
43802603,
43810713,
43811214,
43814987,
43816289,
43821928,
43822227,
43822700,
43826184,
43827228,
43828918,
43835068,
43841602,
43842651,
43849935,
43850466,
43859156,
43861743,
43880191,
43882565,
43884685,
43892040,
43904613,
43907749,
43915473,
43915630,
43915787,
43915922,
43916115,
43931257,
43959669,
43960772,
43960993,
43961031,
43961889,
43967013,
43969652,
43970152,
43970457,
43970939,
43971088,
43972855,
43974025,
43974060,
43975035,
43975299,
43994550,
44008636,
44019272,
44033882,
44035049,
44053181,
44056281,
44059014,
44064289,
44065779,
44067084,
44069469,
44070154,
44073441,
44075073,
44078647,
44090504,
44093227,
44093257,
44129096,
44133692,
44141248,
44145417,
44155631,
44157263,
44169631,
44219286,
44239987,
44252413,
44257190,
44257266,
44261976,
44265336,
44266164,
44267891,
44268121,
44269331,
44271830,
44274861,
44275416,
44283033,
44284483,
44285033,
44286929,
44294040,
44294585,
44300161,
44303062,
44313883,
44327090,
44329840,
44333296,
44335843,
44341949,
44349788,
44358901,
44366470,
44383385,
44400569,
44408138,
44432083,
44447007,
44452030,
44460620,
44461739,
44462982,
44465353,
44486962,
44496166,
44499088,
44500425,
44506537,
44508480,
44508789,
44510856,
44523980,
44526751,
44526781,
44529079,
44529550,
44530098,
44532550,
44533012,
44533443,
44533556,
44538484,
44540998,
44542604,
44543000,
44544403,
44546479,
44548110,
44548172,
44551066,
44559904,
44576130,
44576187,
44583112,
44584270,
44587966,
44588206,
44588463,
44588572,
44590675,
44592981,
44595648,
44596541,
44598946,
44599041,
44603548,
44604566,
44606555,
44607579,
44609790,
44611012,
44612225,
44612730,
44620468,
44626377,
44631612,
44642207,
44646662,
44651753,
44657768,
44666084,
44699890,
44715820,
44721850,
44741410,
44751160,
44753352,
44758762,
44762989,
44763890,
44764031,
44764505,
44765529,
44765679,
44765701,
44765769,
44765848,
44765910,
44766017,
44766146,
44766191,
44766228,
44767080,
44767671,
44769421,
44770324,
44771423,
44777558,
44780511,
44783500,
44784832,
44792786,
44801444,
44806597,
44809681,
44810232,
44811725,
44812914,
44813795,
44814080,
44814386,
44814515,
44814797,
44815074,
44815133,
44815291,
44815649,
44815939,
44816875,
44818412,
44822016,
44822046,
44823543,
44825684,
44829800,
44833962,
44837603,
44839239,
44841091,
44854898,
44855708,
44856172,
44857326,
44873834,
44874352,
44875500,
44883345,
44891528,
44893460,
44896682,
44898297,
44908223,
44913849,
44932341,
44946404,
44964020,
44969761,
45002447,
45004257,
45006830,
45010160,
45010984,
45013933,
45014822,
45016291,
45023882,
45026343,
45027561,
45028452,
45028659,
45040602,
45045001,
45047120,
45050480,
45064137,
45065719,
45067987,
45072560,
45074965,
45080247,
45083290,
45092891,
45093866,
45096974,
45103071,
45109779,
45111817,
45113183,
45114201,
45120913,
45121475,
45125637,
45125771,
45127775,
45129365,
45131989,
45132576,
45141250,
45144678,
45145599,
45147150,
45149970,
45153952,
45155221,
45155651,
45156000,
45162875,
45167540,
45179836,
45182314,
45183853,
45191026,
45193526,
45198612,
45199898,
45200530,
45201106,
45205638,
45225633,
45236588,
45256182,
45261280,
45271737,
45275503,
45275969,
45281061,
45281961,
45299741,
45316446,
45319403,
45320835,
45326135,
45328438,
45329259,
45332831,
45334983,
45339349,
45346300,
45346496,
45362325,
45375262,
45386803,
45394623,
45400647,
45420585,
45430797,
45431669,
45444930,
45445076,
45451341,
45454511,
45454577,
45454748,
45454869,
45454946,
45455471,
45456238,
45462669,
45465582,
45468169,
45469052,
45475714,
45487737,
45499537,
45505104,
45505612,
45507802,
45519078,
45519393,
45520968,
45521721,
45522393,
45522717,
45524078,
45531971,
45535103,
45539735,
45541902,
45544083,
45544888,
45545953,
45546312,
45546977,
45547799,
45548185,
45548560,
45549654,
45550406,
45550821,
45553899,
45554243,
45554844,
45555024,
45555198,
45557426,
45558813,
45559878,
45564228,
45564549,
45565586,
45566334,
45567067,
45568163,
45569115,
45569389,
45569457,
45574414,
45574814,
45579900,
45582131,
45583803,
45586855,
45587248,
45587858,
45587914,
45589955,
45590938,
45592954,
45595024,
45596225,
45596658,
45597157,
45597216,
45597225,
45598191,
45598998,
45601512,
45602855,
45604613,
45607140,
45608918,
45610892,
45612428,
45612828,
45615164,
45618072,
45620032,
45622777,
45624640,
45627501,
45628315,
45628334,
45629618,
45629642,
45631002,
45631153,
45631439,
45632015,
45632297,
45632753,
45634777,
45641153,
45646099,
45647594,
45649829,
45653679,
45654335,
45655082,
45656555,
45660298,
45664023,
45665145,
45668918,
45677027,
45678393,
45681583,
45681818,
45682635,
45682794,
45682842,
45683911,
45685004,
45685388,
45690915,
45691546,
45691955,
45692051,
45692312,
45692719,
45692924,
45694009,
45703485,
45706269,
45706413,
45707331,
45709782,
45710136,
45711029,
45711180,
45712673,
45715886,
45716324,
45717834,
45720504,
45721565,
45722168,
45724694,
45724745,
45737710,
45747588,
45751428,
45781685,
45806612,
45820083,
45822875,
45845228,
45899596,
45911215,
45913264,
45919032,
45923220,
45927730,
45932364,
45943313,
45951195,
45959495,
45967888,
45973720,
45981522,
45987422,
46004564,
46009538,
46011994,
46014705,
46017365,
46025574,
46028055,
46029475,
46031414,
46042423,
46046211,
46062389,
46063042,
46063569,
46070633,
46071732,
46076005,
46082807,
46085272,
46088680,
46089570,
46090347,
46092054,
46093240,
46093306,
46104203,
46106403,
46108082,
46108111,
46109906,
46114600,
46116838,
46118474,
46118525,
46119276,
46119630,
46120105,
46120339,
46121621,
46121717,
46122345,
46122710,
46122892,
46123362,
46124138,
46124197,
46124891,
46126398,
46126677,
46129016,
46133086,
46133483,
46137393,
46138077,
46138092,
46144115,
46144172,
46144773,
46145260,
46149170,
46150075,
46154489,
46154916,
46156575,
46158376,
46160946,
46161159,
46162461,
46162634,
46163303,
46164721,
46164981,
46168364,
46171908,
46172370,
46174104,
46174125,
46175016,
46175663,
46178985,
46179198,
46181224,
46183287,
46184226,
46184371,
46184918,
46185604,
46185666,
46185806,
46185857,
46186834,
46187525,
46191708,
46196204,
46198122,
46202240,
46203302,
46206833,
46207272,
46207290,
46207476,
46208089,
46209616,
46210284,
46210307,
46210577,
46210773,
46211455,
46211498,
46212175,
46213496,
46214243,
46214379,
46220857,
46223516,
46225078,
46225079,
46225346,
46228485,
46230023,
46230328,
46231262,
46231630,
46234823,
46250287,
46261503,
46266724,
46267603,
46279982,
46307702,
46318344,
46327034,
46332712,
46333986,
46348951,
46357604,
46357670,
46367540,
46369902,
46380987,
46385097,
46390960,
46405116,
46407041,
46432725,
46451940,
46462436,
46462775,
46463589,
46464714,
46472580,
46474127,
46482621,
46486986,
46493361,
46525397,
46526379,
46527827,
46552579,
46570549,
46586706,
46606299,
46606554,
46611952,
46615644,
46618713,
46663850,
46669584,
46678232,
46681295,
46682598,
46696037,
46699230,
46700783,
46707786,
46708764,
46709160,
46715331,
46716876,
46719461,
46724721,
46726111,
46749877,
46751657,
46752923,
46760646,
46765189,
46765412,
46766457,
46771645,
46772312,
46773357,
46774053,
46775734,
46776837,
46779878,
46780532,
46782663,
46782793,
46784089,
46785773,
46785790,
46786224,
46786586,
46787381,
46790999,
46792024,
46792986,
46793476,
46794298,
46795511,
46796033,
46800263,
46800643,
46804806,
46805115,
46806833,
46806878,
46808030,
46809625,
46817282,
46818586,
46823730,
46828153,
46830541,
46833238,
46843680,
46857043,
46881941,
46892239,
46892847,
46893302,
46893913,
46896903,
46900626,
46901496,
46902596,
46904406,
46904440,
46911393,
46918670,
46919562,
46926555,
46939460,
46942349,
46951007,
46957282,
46959732,
46959803,
46960323,
46962343,
46962488,
46963444,
46963607,
46965612,
46965943,
46967270,
46968769,
46969092,
46970381,
46973121,
46973298,
46978486,
46984826,
46990334,
47007300,
47015122,
47019022,
47021942,
47022803,
47023098,
47023967,
47024188,
47026347,
47046712,
47049753,
47056646,
47065203,
47066597,
47067399,
47069219,
47069422,
47069603,
47069707,
47069791,
47070280,
47071075,
47071298,
47072751,
47073234,
47077253,
47077655,
47079558,
47081061,
47082443,
47084209,
47085744,
47086774,
47088882,
47090524,
47092598,
47092851,
47093352,
47093836,
47094455,
47094938,
47094960,
47095023,
47096090,
47098728,
47099699,
47100345,
47104749,
47104934,
47105783,
47108936,
47109870,
47110311,
47110377,
47110389,
47111541,
47111640,
47112143,
47112388,
47113547,
47115069,
47115672,
47119911,
47120497,
47120720,
47120839,
47121357,
47122775,
47123911,
47124880,
47127995,
47129712,
47133815,
47133839,
47135489,
47137219,
47139895,
47141859,
47142068,
47149023,
47152273,
47152562,
47153079,
47153241,
47154292,
47155080,
47156410,
47157908,
47164423,
47165065,
47166539,
47177341,
47179599,
47179709,
47182894,
47183776,
47184195,
47184860,
47185005,
47185410,
47186062,
47186149,
47186354,
47186443,
47186486,
47186632,
47187845,
47188136,
47188911,
47188940,
47190968,
47191146,
47191331,
47192240,
47196214,
47196778,
47197112,
47199161,
47200679,
47207059,
47210550,
47210628,
47211047,
47213233,
47213515,
47214145,
47214383,
47219286,
47219391,
47219696,
47223057,
47223992,
47224582,
47225826,
47226196,
47230643,
47231931,
47232494,
47232532,
47232644,
47232797,
47232950,
47233161,
47233345,
47233620,
47234692,
47235584,
47237015,
47237445,
47239297,
47241083,
47242401,
47244794,
47246608,
47248313,
47248948,
47251537,
47257705,
47258471,
47264940,
47267122,
47268282,
47268604,
47269538,
47270627,
47270740,
47272085,
47272863,
47274464,
47276135,
47278121,
47280367,
47281896,
47282313,
47283166,
47283215,
47285270,
47285564,
47285859,
47286927,
47290802,
47291603,
47302987,
47303470,
47303947,
47304312,
47308155,
47308835,
47310828,
47310869,
47311888,
47312672,
47312730,
47313095,
47313439,
47314052,
47314703,
47315150,
47316928,
47317319,
47318959,
47319894,
47321002,
47321594,
47321669,
47322051,
47322560,
47323884,
47324399,
47324465,
47324624,
47325965,
47327593,
47327924,
47329370,
47332793,
47337014,
47337957,
47338331,
47338452,
47338512,
47338519,
47338662,
47338810,
47338854,
47339137,
47341367,
47341519,
47341696,
47341716,
47341893,
47349151,
47351972,
47352018,
47355165,
47360852,
47361590,
47362507,
47367428,
47369547,
47369889,
47370649,
47372912,
47375467,
47377050,
47377645,
47379433,
47380187,
47380422,
47382202,
47383275,
47384595,
47385189,
47388425,
47389986,
47390437,
47390587,
47390770,
47391727,
47392272,
47392491,
47392791,
47394686,
47395246,
47395793,
47396528,
47404940,
47414200,
47414898,
47415089,
47416203,
47416506,
47417421,
47418483,
47421067,
47423668,
47424117,
47445258,
47445736,
47450049,
47451809,
47453176,
47459004,
47459014,
47459225,
47462242,
47471178,
47473726,
47474685,
47476879,
47483158,
47484851,
47485784,
47486365,
47486742,
47490761,
47492578,
47494712,
47495660,
47495842,
47500562,
47504890,
47507216,
47510213,
47512556,
47513316,
47513527,
47513614,
47513897,
47514048,
47515958,
47520569,
47528066,
47529232,
47534361,
47536231,
47540247,
47541206,
47541536,
47546212,
47546980,
47547448,
47548245,
47549295,
47552013,
47553767,
47557471,
47562247,
47562507,
47566687,
47568087,
47568215,
47568277,
47571195,
47571500,
47574502,
47576819,
47576909,
47579877,
47583434,
47584778,
47585361,
47592035,
47602766,
47608616,
47619532,
47648087,
47660018,
47683289,
47685723,
47687755,
47688698,
47696334,
47707446,
47709540,
47715240,
47716767,
47716824,
47718593,
47722939,
47724171,
47725778,
47731918,
47731980,
47732119,
47734720,
47735560,
47735895,
47735994,
47736794,
47742198,
47745567,
47745818,
47746026,
47746149,
47748367,
47748559,
47748852,
47751584,
47751672,
47752806,
47755968,
47757167,
47758821,
47759348,
47759626,
47760370,
47762430,
47762905,
47763919,
47765063,
47765787,
47765937,
47775742,
47776388,
47779568,
47779786,
47781309,
47782007,
47784729,
47784820,
47786724,
47787509,
47787590,
47787994,
47788303,
47788457,
47790771,
47790827,
47790946,
47791009,
47791381,
47791408,
47791572,
47792779,
47793817,
47796382,
47796485,
47798278,
47801285,
47801667,
47802155,
47805955,
47808262,
47812312,
47814493,
47814584,
47814810,
47815879,
47817003,
47817722,
47817998,
47818187,
47818229,
47818935,
47820158,
47821396,
47821965,
47822646,
47822745,
47823228,
47829690,
47829775,
47831260,
47831958,
47832373,
47833344,
47833707,
47834984,
47835484,
47836000,
47837646,
47837826,
47838011,
47838309,
47838388,
47838963,
47839915,
47840064,
47841133,
47842766,
47842839,
47844437,
47844973,
47845891,
47846051,
47850400,
47852044,
47852423,
47852956,
47853996,
47857292,
47860994,
47861627,
47861786,
47862496,
47863542,
47863982,
47868289,
47869180,
47869616,
47870044,
47871222,
47872383,
47875626,
47875866,
47876200,
47876381,
47876812,
47878321,
47878491,
47878677,
47878731,
47878959,
47879056,
47879111,
47879209,
47879781,
47879930,
47880030,
47880189,
47881223,
47883929,
47884226,
47884263,
47884406,
47884703,
47889265,
47889909,
47889972,
47890481,
47890488,
47891184,
47891630,
47892231,
47893419,
47895589,
47899253,
47899932,
47900842,
47901567,
47902702,
47906042,
47908575,
47908643,
47913525,
47914390,
47915298,
47918469,
47920818,
47921151,
47921682,
47925829,
47926228,
47927915,
47934260,
47934725,
47936664,
47938940,
47939541,
47939966,
47940855,
47942527,
47942605,
47943533,
47945956,
47946042,
47948578,
47950254,
47951722,
47951882,
47952191,
47952579,
47953016,
47953349,
47953359,
47954568,
47962325,
47963230,
47963935,
47964495,
47966200,
47966836,
47972341,
47972665,
47974045,
47974192,
47974757,
47975205,
47975241,
47977261,
47980227,
47981691,
47981784,
47982191,
47982429,
47982507,
47984186,
47986247,
47990030,
47990045,
47990338,
47991792,
47993273,
47995239,
47995461,
47996651,
47997055,
47997271,
47998649,
47999040,
47999314,
47999742,
48001039,
48002116,
48002580,
48002666,
48003136,
48005828,
48009981,
48010759,
48010870,
48014229,
48014428,
48018354,
48018626,
48022239,
48024772,
48032511,
48038152,
48081069,
48090189,
48099947,
48105347,
48107627,
48111219,
48133275,
48156443,
48172372,
48178380,
48180342,
48181019,
48182822,
48183203,
48184658,
48185881,
48188932,
48189707,
48198176,
48198555,
48199796,
48201693,
48202457,
48205154,
48236240,
48242882,
48244971,
48245330,
48247619,
48253451,
48254051,
48278504,
48304734,
48309441,
48313710,
48321698,
48328048,
48335370,
48339100,
48339300,
48339969,
48340825,
48343201,
48350415,
48364595,
48368130,
48369390,
48374771,
48374990,
48378093,
48378129,
48379345,
48386574,
48388907,
48389513,
48389964,
48394302,
48394315,
48396358,
48397207,
48414673,
48414712,
48416945,
48417316,
48418015,
48419392,
48433977,
48440542,
48443105,
48454856,
48460006,
48470054,
48486597,
48486766,
48487694,
48487877,
48492313,
48494810,
48494905,
48495453,
48505640,
48511791,
48512190,
48520382,
48523223,
48525875,
48527749,
48529018,
48533757,
48537116,
48539449,
48542215,
48543613,
48543892,
48544596,
48551651,
48553930,
48555734,
48559898,
48560256,
48560441,
48561252,
48562211,
48562248,
48563480,
48563518,
48563984,
48565165,
48566274,
48566490,
48567460,
48567606,
48568197,
48569085,
48569237,
48570450,
48571019,
48571427,
48571642,
48571677,
48572316,
48574151,
48574929,
48575770,
48576176,
48580770,
48582364,
48582698,
48584515,
48587528,
48588440,
48591901,
48592574,
48597853,
48600232,
48602171,
48604307,
48605431,
48606707,
48610257,
48610721,
48612377,
48613220,
48619132,
48619427,
48619493,
48619780,
48620695,
48623445,
48624347,
48625535,
48626345,
48627115,
48627445,
48628618,
48632274,
48652047,
48661395,
48665030,
48671943,
48682252,
48683000,
48685686,
48690650,
48704156,
48704324,
48708732,
48711660,
48728236,
48730946,
48733423,
48734477,
48737543,
48739577,
48739900,
48739941,
48741468,
48747411,
48748183,
48749176,
48752337,
48752882,
48753163,
48755641,
48755813,
48758052,
48758252,
48759037,
48759241,
48759492,
48760153,
48761204,
48762436,
48762470,
48762797,
48764706,
48765481,
48765826,
48769515,
48770021,
48770712,
48772952,
48775014,
48779368,
48780472,
48782798,
48783088,
48783329,
48786849,
48787695,
48788792,
48790840,
48791878,
48793666,
48795538,
48796040,
48797208,
48797653,
48800068,
48800617,
48801340,
48803043,
48807221,
48814391,
48824387,
48826248,
48827838,
48828433,
48836251,
48844240,
48845307,
48846764,
48850257,
48851297,
48851846,
48854830,
48855762,
48859199,
48860328,
48861424,
48863008,
48863544,
48868911,
48869050,
48869077,
48869850,
48870024,
48870433,
48872285,
48872466,
48873223,
48875315,
48876031,
48876313,
48878422,
48879133,
48879334,
48880092,
48884045,
48885077,
48886633,
48888359,
48891606,
48891850,
48905411,
48914691,
48918648,
48919395,
48954175,
48956072,
48961252,
48963465,
48965096,
48965803,
48967579,
48970607,
48970996,
48974849,
48976763,
48977073,
48983695,
48985339,
48986289,
48988301,
48988518,
48989423,
48991173,
48992239,
48995536,
48996893,
49001339,
49019702,
49023160,
49030750,
49036345,
49042940,
49049029,
49057675,
49070665,
49075997,
49081120,
49085028,
49085586,
49085904,
49085968,
49086184,
49087164,
49091149,
49091589,
49097211,
49101537,
49104346,
49104967,
49106725,
49107614,
49111400,
49118233,
49121346,
49126706,
49132100,
49135169,
49137674,
49172396,
49175241,
49179512,
49188873,
49190246,
49192706,
49198333,
49198778,
49208421,
49209363,
49214125,
49215382,
49220181,
49224259,
49230195,
49232706,
49234562,
49239456,
49241294,
49243209,
49249404,
49258863,
49266923,
49270945,
49274137,
49275691,
49277070,
49277875,
49278126,
49278930,
49279374,
49279767,
49280448,
49281896,
49282226,
49283660,
49285650,
49286218,
49288192,
49289173,
49290265,
49294273,
49294329,
49295813,
49301659,
49302094,
49304089,
49305110,
49305868,
49307614,
49310950,
49311877,
49317769,
49320055,
49320319,
49322716,
49322998,
49332334,
49335676,
49336351,
49337288,
49338637,
49341556,
49352461,
49352473,
49359435,
49366715,
49368436,
49370084,
49375741,
49376249,
49386994,
49402937,
49428276,
49453786,
49491373,
49493949,
49498367,
49511929,
49537801,
49540227,
49541243,
49544029,
49547716,
49563319,
49568783,
49574642,
49578641,
49594145,
49594523,
49602664,
49640750,
49644508,
49716533,
49730255,
49748555,
49758193,
49760037,
49762856,
49765082,
49766689,
49766878,
49767440,
49769290,
49771906,
49772962,
49773300,
49773808,
49775086,
49775286,
49776549,
49777930,
49778142,
49786774,
49789748,
49790090,
49793957,
49802610,
49806165,
49818559,
49820090,
49820853,
49821566,
49824860,
49826368,
49829115,
49829229,
49829935,
49831632,
49832683,
49838712,
49841754,
49843853,
49845177,
49845622,
49846366,
49847229,
49849587,
49850011,
49850239,
49850240,
49852917,
49853684,
49856605,
49858686,
49859929,
49860280,
49864162,
49865745,
49866326,
49867041,
49867545,
49867985,
49868388,
49869364,
49871026,
49872495,
49873829,
49875513,
49875779,
49876111,
49882945,
49883258,
49883642,
49884770,
49884777,
49885284,
49891277,
49891462,
49892271,
49892788,
49893808,
49894248,
49894702,
49894831,
49895439,
49895883,
49896239,
49896272,
49896770,
49896944,
49897951,
49898014,
49898694,
49899306,
49899924,
49900512,
49902312,
49902375,
49902387,
49902517,
49903434,
49905534,
49906004,
49906535,
49910143,
49911165,
49911223,
49911497,
49912364,
49914566,
49916988,
49920987,
49921679,
49922655,
49923034,
49923117,
49924744,
49925219,
49925302,
49925490,
49926419,
49927302,
49929648,
49929746,
49930044,
49930783,
49931189,
49931251,
49931957,
49932130,
49932392,
49932489,
49934952,
49935759,
49936016,
49937474,
49937495,
49937623,
49937961,
49938211,
49938242,
49938414,
49939045,
49939794,
49939922,
49941302,
49943135,
49944032,
49944808,
49945504,
49945506,
49947681,
49947923,
49948250,
49949382,
49949824,
49951192,
49951295,
49955359,
49957857,
49958609,
49958775,
49959341,
49960653,
49964270,
49964390,
49964484,
49964496,
49964760,
49965497,
49965620,
49965682,
49966677,
49970923,
49972516,
49973551,
49977837,
49978242,
49980488,
49981689,
49981738,
49985883,
49992231,
50013502,
50014435,
50019127,
50023841,
50031662,
50039219,
50039450,
50042233,
50046090,
50049684,
50051453,
50056192,
50060079,
50064666,
50067047,
50068354,
50073985,
50077846,
50079593,
50080256,
50082374,
50089137,
50089847,
50094763,
50104355,
50109485,
50113395,
50119903,
50125142,
50133030,
50135952,
50142171,
50143276,
50145635,
50156756,
50157759,
50176343,
50176826,
50185614,
50192843,
50196052,
50197462,
50201163,
50234682,
50243511,
50248050,
50302270,
50330660,
50334027,
50345224,
50350387,
50364866,
50382907,
50390528,
50390639,
50402771,
50408909,
50484070,
50486432,
50490348,
50508098,
50512621,
50512811,
50518487,
50532701,
50557099,
50671833,
50676770,
50689481,
50695503,
50731233,
50744903,
50745078,
50746108,
50750648,
50761879,
50763266,
50764478,
50764764,
50786359,
50792238,
50808262,
50810393,
50813920,
50814994,
50817191,
50819649,
50819981,
50826977,
50827343,
50828839,
50829343,
50837277,
50839799,
50844032,
50845205,
50847186,
50855963,
50865386,
50873551,
50879647,
50884258,
50887648,
50899348,
50919747,
50926747,
50926965,
50927116,
50928210,
50929303,
50930603,
50932918,
50934485,
50938133,
50938563,
50950270,
50950659,
50952789,
50955660,
50961387,
50961917,
50963562,
50967679,
50987934,
50987966,
51022736,
51025837,
51031323,
51031568,
51032251,
51035023,
51035473,
51036876,
51036934,
51037165,
51037956,
51041366,
51047967,
51049160,
51049940,
51061620,
51078779,
51082179,
51087431,
51094452,
51096580,
51098725,
51117480,
51120568,
51122607,
51123094,
51123926,
51125996,
51137178,
51142065,
51143412,
51159527,
51162760,
51165727,
51172566,
51174721,
51180368,
51181831,
51185387,
51186435,
51186923,
51187223,
51187781,
51188264,
51188404,
51189657,
51190813,
51191271,
51191520,
51191551,
51191845,
51192085,
51193511,
51194725,
51194893,
51200930,
51201721,
51202979,
51207393,
51215815,
51216580,
51218763,
51220265,
51224424,
51228125,
51236507,
51243224,
51248758,
51262866,
51265805,
51267336,
51272304,
51280716,
51280766,
51281659,
51283205,
51288374,
51294321,
51295310,
51296966,
51297364,
51297766,
51298144,
51300371,
51306265,
51310049,
51314929,
51315660,
51319801,
51321896,
51322981,
51323461,
51325894,
51326204,
51328848,
51338715,
51346333,
51350657,
51351082,
51351522,
51351693,
51352037,
51352049,
51352909,
51354541,
51356393,
51357836,
51359112,
51359867,
51360294,
51360585,
51360844,
51362111,
51362433,
51362484,
51364424,
51364727,
51367845,
51368757,
51368829,
51371192,
51372734,
51373402,
51374879,
51375643,
51376112,
51377255,
51377645,
51378460,
51380269,
51380349,
51380513,
51380702,
51380910,
51380980,
51381174,
51381440,
51381491,
51382017,
51382035,
51382446,
51382709,
51382940,
51383343,
51383850,
51384216,
51384560,
51384561,
51384822,
51385507,
51385536,
51386800,
51386851,
51387969,
51388285,
51389876,
51392308,
51393244,
51393346,
51393959,
51395104,
51395664,
51395832,
51400036,
51406726,
51408871,
51414710,
51418083,
51419958,
51422001,
51428659,
51435588,
51441475,
51454015,
51456243,
51457341,
51487042,
51487940,
51497567,
51503587,
51507605,
51511031,
51512260,
51513399,
51518031,
51518277,
51520414,
51524598,
51524857,
51525918,
51526034,
51526479,
51530384,
51531520,
51531759,
51532379,
51533327,
51535993,
51536659,
51539505,
51539943,
51541272,
51542441,
51546662,
51546926,
51547320,
51548546,
51549048,
51549702,
51551446,
51551560,
51552875,
51554316,
51556555,
51556786,
51559095,
51570603,
51572639,
51573165,
51574027,
51585643,
51597437,
51597547,
51604905,
51613218,
51618847,
51619798,
51621183,
51622392,
51625374,
51631149,
51632566,
51632759,
51633419,
51636589,
51637314,
51637467,
51651359,
51655736,
51671577,
51674211,
51675682,
51701585,
51709289,
51713591,
51719802,
51725847,
51740857,
51749874,
51752183,
51756081,
51758407,
51758633,
51770004,
51770242,
51777541,
51780446,
51786333,
51790486,
51790719,
51800098,
51800352,
51817082,
51817832,
51824912,
51825357,
51826097,
51827998,
51830006,
51830369,
51830682,
51830749,
51830779,
51831078,
51831188,
51831841,
51832692,
51833688,
51833713,
51833744,
51836409,
51836848,
51837079,
51838691,
51839367,
51840377,
51841196,
51841494,
51841932,
51842380,
51844742,
51850826,
51852153,
51854531,
51855880,
51857487,
51859141,
51860980,
51863460,
51866287,
51867470,
51869050,
51870084,
51870171,
51870740,
51871597,
51871997,
51872240,
51872295,
51872424,
51872563,
51872663,
51873040,
51873996,
51882463,
51884561,
51885098,
51888963,
51889517,
51890489,
51890698,
51891301,
51892938,
51892991,
51893583,
51899715,
51905474,
51908033,
51910614,
51910936,
51912315,
51914932,
51916952,
51920603,
51922138,
51922818,
51924188,
51925075,
51925466,
51925489,
51926891,
51927365,
51930440,
51933171,
51933757,
51935984,
51940063,
51942222,
51944083,
51948880,
51954474,
51955303,
51957070,
51958960,
51961653,
51962538,
51963107,
51964383,
51964410,
51969001,
51969715,
51974643,
51975515,
51986069,
51991026,
51995106,
51998415,
51998432,
51999924,
52001189,
52002759,
52003500,
52007540,
52009251,
52009325,
52014357,
52014643,
52020310,
52020415,
52026174,
52029249,
52029394,
52029731,
52029961,
52030211,
52030285,
52030497,
52030821,
52031037,
52031630,
52031877,
52033895,
52034865,
52035692,
52035735,
52035800,
52036505,
52036876,
52040666,
52041906,
52041959,
52043705,
52043706,
52045964,
52047699,
52047765,
52049657,
52049868,
52052657,
52054372,
52057679,
52059497,
52060854,
52060992,
52061298,
52064859,
52066639,
52067001,
52067864,
52068320,
52068920,
52070968,
52071942,
52072265,
52073215,
52077374,
52077871,
52080329,
52081379,
52082158,
52085160,
52086397,
52087854,
52088802,
52088939,
52089293,
52090043,
52090858,
52092106,
52093174,
52093277,
52093586,
52094271,
52094628,
52095462,
52097721,
52098996,
52099009,
52100194,
52101814,
52102118,
52104637,
52110090,
52110253,
52122177,
52122566,
52122724,
52125010,
52125863,
52127559,
52128188,
52128293,
52130192,
52131096,
52136707,
52137590,
52137988,
52138423,
52138445,
52139474,
52140434,
52141603,
52141862,
52142651,
52144916,
52146441,
52146740,
52147085,
52147608,
52148067,
52148078,
52148080,
52148768,
52149000,
52149815,
52150314,
52152415,
52152613,
52153470,
52154581,
52156682,
52157405,
52157907,
52160134,
52160889,
52161312,
52163140,
52163515,
52163610,
52164060,
52165379,
52166446,
52167896,
52169381,
52169934,
52170497,
52170664,
52172262,
52172516,
52172701,
52174691,
52174716,
52174808,
52175311,
52175857,
52176023,
52176047,
52176143,
52176392,
52177141,
52178523,
52180995,
52181138,
52181142,
52181583,
52181985,
52182006,
52183620,
52183700,
52184008,
52184152,
52185166,
52185509,
52186285,
52188002,
52189242,
52189819,
52190722,
52191910,
52194859,
52194867,
52195490,
52195727,
52195845,
52197768,
52201389,
52201629,
52202925,
52203676,
52204283,
52205561,
52206476,
52206786,
52207497,
52208228,
52208931,
52209286,
52209965,
52210666,
52210824,
52211378,
52212385,
52213625,
52214182,
52214746,
52216453,
52217875,
52219208,
52221850,
52223502,
52225006,
52226721,
52227535,
52228502,
52229301,
52237081,
52237528,
52237822,
52238788,
52240438,
52240497,
52241171,
52243391,
52244155,
52246492,
52247231,
52247343,
52248732,
52250611,
52250685,
52250958,
52251185,
52251401,
52251969,
52252624,
52252731,
52252856,
52253156,
52253412,
52254018,
52254512,
52255044,
52255052,
52255484,
52255704,
52256102,
52258458,
52262180,
52263880,
52265248,
52267027,
52267929,
52268963,
52272584,
52278872,
52278920,
52279210,
52281313,
52281538,
52284858,
52286223,
52287271,
52288140,
52288356,
52291648,
52291760,
52293197,
52293261,
52293285,
52293631,
52294981,
52295383,
52297318,
52297539,
52298173,
52298688,
52299030,
52300508,
52301845,
52305943,
52307182,
52307923,
52308711,
52308871,
52308896,
52311206,
52314635,
52315437,
52325468,
52325922,
52326697,
52329313,
52329486,
52329622,
52329728,
52330922,
52331516,
52332010,
52333007,
52336088,
52341665,
52343857,
52345654,
52346900,
52347119,
52347951,
52348002,
52351831,
52352925,
52354113,
52355953,
52360076,
52360368,
52361404,
52361556,
52364554,
52365209,
52365454,
52366947,
52367684,
52367894,
52368048,
52368174,
52368837,
52375074,
52377452,
52377591,
52380585,
52394227,
52395143,
52397031,
52397114,
52397155,
52398675,
52399201,
52400857,
52401802,
52404579,
52405556,
52407125,
52407511,
52413495,
52413576,
52413805,
52414159,
52416461,
52416689,
52418338,
52419345,
52419764,
52421680,
52422608,
52423571,
52424072,
52424892,
52425396,
52427376,
52428473,
52429217,
52430063,
52434654,
52437284,
52438568,
52441615,
52441858,
52441906,
52443934,
52448316,
52455981,
52461989,
52466200,
52470300,
52473840,
52486586,
52488309,
52496006,
52496755,
52496908,
52498801,
52500761,
52501538,
52505050,
52508355,
52512250,
52512368,
52512760,
52513644,
52514054,
52514469,
52514688,
52519244,
52519732,
52519883,
52519945,
52520426,
52521047,
52521235,
52521387,
52521982,
52522237,
52522358,
52522821,
52523126,
52523406,
52525038,
52527848,
52528622,
52529087,
52529816,
52534130,
52535460,
52535522,
52536664,
52537682,
52537762,
52538027,
52538246,
52538807,
52539260,
52539714,
52539838,
52541462,
52543502,
52544535,
52544579,
52544712,
52548577,
52549899,
52550275,
52551807,
52552758,
52553105,
52553542,
52554712,
52555518,
52555928,
52556459,
52556604,
52557223,
52557423,
52557770,
52558300,
52558616,
52558661,
52558699,
52560109,
52561248,
52563712,
52565522,
52565791,
52566283,
52566294,
52568734,
52568980,
52569129,
52570933,
52571388,
52572092,
52572727,
52573295,
52577633,
52577779,
52578084,
52579568,
52580678,
52581661,
52582257,
52585322,
52587891,
52592402,
52596365,
52602231,
52606484,
52607202,
52609171,
52610818,
52612620,
52614268,
52616800,
52619143,
52629612,
52629947,
52630746,
52636758,
52637049,
52638116,
52641515,
52641675,
52641888,
52642305,
52642430,
52642859,
52643006,
52643059,
52643631,
52643854,
52643870,
52643987,
52644007,
52644086,
52644803,
52645972,
52646474,
52646626,
52650482,
52651218,
52651992,
52652289,
52652459,
52652845,
52656598,
52660484,
52660772,
52661170,
52665389,
52666737,
52669940,
52671473,
52672131,
52673020,
52673161,
52673422,
52674686,
52674848,
52675229,
52676903,
52677775,
52686462,
52688468,
52691087,
52691477,
52691517,
52694699,
52696405,
52697781,
52701154,
52702784,
52703340,
52704500,
52704957,
52705049,
52705686,
52705781,
52706418,
52706650,
52707883,
52708411,
52710950,
52712115,
52713074,
52713915,
52715372,
52722289,
52724594,
52724873,
52725961,
52726924,
52728099,
52729484,
52729649,
52730101,
52730687,
52731360,
52732662,
52736559,
52744845,
52748437,
52749815,
52749846,
52750176,
52752947,
52759016,
52759733,
52760221,
52760620,
52762279,
52765680,
52766818,
52767635,
52768421,
52768743,
52769664,
52772407,
52773610,
52775891,
52777486,
52777941,
52777989,
52778157,
52779288,
52783537,
52783788,
52786767,
52786959,
52787835,
52788208,
52788713,
52790026,
52790706,
52790898,
52791060,
52791707,
52792303,
52792737,
52795949,
52798531,
52799630,
52802302,
52802518,
52802690,
52802905,
52802914,
52803663,
52803693,
52804343,
52805077,
52805118,
52806098,
52806799,
52810542,
52810829,
52810972,
52811972,
52812254,
52813602,
52813843,
52814623,
52814835,
52814885,
52815233,
52815349,
52815607,
52815646,
52815795,
52815901,
52816089,
52816360,
52817152,
52817360,
52818438,
52818491,
52819022,
52820925,
52821138,
52823204,
52826071,
52826381,
52829876,
52830080,
52830616,
52833599,
52835409,
52836117,
52841209,
52843728,
52846799,
52847841,
52848508,
52848655,
52854164,
52860494,
52862018,
52862693,
52863078,
52863270,
52863820,
52868507,
52869030,
52871188,
52872421,
52872554,
52875158,
52877102,
52877330,
52878443,
52879135,
52879300,
52880119,
52885174,
52900596,
52902132,
52903809,
52904797,
52905050,
52905815,
52909546,
52910255,
52910541,
52916626,
52925854,
52928512,
52928809,
52929909,
52933677,
52935303,
52936915,
52937359,
52938699,
52938862,
52939937,
52940537,
52940838,
52941431,
52941778,
52943204,
52943283,
52945249,
52946157,
52946608,
52951045,
52953187,
52960837,
52962626,
52969688,
52970229,
52970448,
52970539,
52971728,
52973000,
52974366,
52975375,
52975661,
52975723,
52975755,
52977720,
52978307,
52980177,
52980616,
52985148,
52987491,
52989903,
52990094,
52990762,
52994992,
52995131,
52995280,
52997716,
53000179,
53001422,
53002057,
53007696,
53008081,
53010871,
53013227,
53018701,
53020225,
53023918,
53037513,
53039701,
53044021,
53044107,
53044919,
53045752,
53045824,
53046797,
53051497,
53054585,
53055536,
53055950,
53056215,
53057701,
53058167,
53058953,
53059671,
53062068,
53062095,
53062834,
53064108,
53065550,
53066822,
53068541,
53069213,
53070187,
53074634,
53076992,
53077433,
53079238,
53082560,
53083565,
53085349,
53085850,
53088381,
53095516,
53099578,
53099602,
53103913,
53105702,
53105791,
53106257,
53106360,
53109766,
53112856,
53116148,
53118146,
53118659,
53123767,
53124035,
53132966,
53141786,
53142384,
53147626,
53147704,
53149885,
53150268,
53150486,
53153691,
53154202,
53158690,
53160498,
53163362,
53180118,
53184329,
53185419,
53187644,
53189328,
53191086,
53192074,
53193683,
53196562,
53199847,
53200146,
53200653,
53200665,
53201462,
53201874,
53202870,
53202990,
53204294,
53204567,
53209508,
53209953,
53211559,
53211711,
53211760,
53216207,
53219375,
53220564,
53221769,
53224044,
53225660,
53227926,
53233155,
53236773,
53238714,
53239846,
53243681,
53251413,
53253588,
53256089,
53258547,
53265751,
53270363,
53272928,
53275591,
53277220,
53277764,
53288541,
53289201,
53294704,
53299618,
53321083,
53322348,
53323051,
53324661,
53325990,
53330025,
53334170,
53334584,
53335603,
53336379,
53336670,
53338199,
53340721,
53350543,
53357904,
53360250,
53364046,
53366147,
53379142,
53386907,
53393704,
53401580,
53405962,
53406257,
53412870,
53416667,
53417249,
53420027,
53422037,
53441250,
53453688,
53462241,
53466996,
53472834,
53473937,
53474613,
53479581,
53480059,
53486868,
53488089,
53488431,
53488974,
53493696,
53500680,
53512634,
53512647,
53513282,
53515054,
53530508,
53532477,
53533104,
53533769,
53545023,
53556478,
53566404,
53570348,
53587036,
53601292,
53607452,
53610440,
53619569,
53623536,
53623862,
53628209,
53636453,
53636801,
53647407,
53649759,
53653571,
53659461,
53669708,
53670882,
53676018,
53678650,
53679034,
53680901,
53683622,
53683965,
53684302,
53685706,
53686235,
53686686,
53693863,
53693920,
53698354,
53698606,
53698982,
53699259,
53699329,
53700012,
53700251,
53701142,
53702803,
53703648,
53704347,
53704621,
53704647,
53705283,
53705291,
53705584,
53706971,
53707098,
53707280,
53707565,
53707856,
53708073,
53708999,
53709088,
53709117,
53709292,
53710189,
53710247,
53710438,
53710901,
53712261,
53714443,
53714992,
53715874,
53715948,
53716412,
53717366,
53717973,
53719364,
53721138,
53722432,
53725629,
53727800,
53733728,
53735107,
53737309,
53738234,
53740506,
53744516,
53744762,
53745045,
53746147,
53747489,
53752666,
53752978,
53754078,
53754521,
53760348,
53760389,
53760692,
53765492,
53765595,
53769640,
53771228,
53778517,
53778938,
53781236,
53783015,
53783083,
53787234,
53791142,
53791978,
53792094,
53793797,
53794706,
53798153,
53802315,
53810081,
53819028,
53825442,
53827777,
53829804,
53830539,
53830895,
53832472,
53834041,
53837374,
53839554,
53840734,
53842176,
53844157,
53844340,
53844935,
53845881,
53847298,
53847389,
53847494,
53847987,
53849487,
53850367,
53850977,
53852737,
53854944,
53855906,
53858245,
53861422,
53867655,
53868940,
53869226,
53876443,
53882712,
53887177,
53891002,
53892581,
53893454,
53903108,
53903265,
53906425,
53906725,
53907000,
53907259,
53907575,
53907712,
53909064,
53910063,
53915526,
53916768,
53922522,
53923934,
53924361,
53924777,
53924963,
53925218,
53925638,
53925942,
53926419,
53926705,
53927020,
53927313,
53928181,
53930284,
53931898,
53933229,
53936190,
53937798,
53938118,
53938632,
53940840,
53945267,
53946598,
53948778,
53948899,
53949037,
53951331,
53953084,
53953913,
53954368,
53955988,
53956686,
53958011,
53958841,
53958860,
53959077,
53959161,
53959317,
53959738,
53960014,
53962604,
53963413,
53963587,
53968409,
53968955,
53973234,
53976485,
53978680,
53979221,
53981036,
53982479,
53982779,
53984668,
53985510,
53985885,
53986231,
53987174,
53990602,
53990749,
53991162,
53991814,
53992202,
53994688,
53995394,
54006443,
54008154,
54013656,
54018247,
54020375,
54021315,
54023474,
54023740,
54025135,
54026991,
54027691,
54028025,
54028719,
54032736,
54034586,
54038500,
54039226,
54039698,
54040492,
54041123,
54042026,
54046660,
54048076,
54049933,
54050846,
54052710,
54054321,
54054545,
54055874,
54057091,
54057287,
54057840,
54061344,
54063404,
54071179,
54072310,
54077495,
54078515,
54081420,
54082452,
54083893,
54084012,
54095879,
54096036,
54096613,
54097153,
54098567,
54098729,
54099879,
54103331,
54108200,
54111871,
54115547,
54116100,
54116171,
54117855,
54117971,
54118004,
54118105,
54122710,
54124102,
54127809,
54130612,
54131288,
54136904,
54137479,
54137696,
54138552,
54140349,
54140807,
54140936,
54141661,
54142749,
54145220,
54146107,
54147965,
54152657,
54152900,
54153030,
54167779,
54174805,
54179558,
54181673,
54182015,
54185097,
54187279,
54187317,
54187529,
54189419,
54190243,
54190545,
54192946,
54193234,
54194602,
54196314,
54196348,
54197919,
54198318,
54199105,
54199277,
54199339,
54199620,
54200168,
54201761,
54202834,
54202979,
54203012,
54206758,
54208247,
54209841,
54210881,
54212058,
54214965,
54215063,
54218140,
54219086,
54222944,
54225915,
54226209,
54229347,
54233305,
54236732,
54244942,
54257686,
54276613,
54280450,
54284195,
54285313,
54292095,
54293447,
54294849,
54296790,
54300775,
54301880,
54312630,
54318988,
54322307,
54328999,
54329243,
54336087,
54342685,
54343916,
54354841,
54356029,
54356921,
54361228,
54364545,
54365175,
54366942,
54368146,
54368365,
54371177,
54372606,
54380594,
54381214,
54383499,
54385038,
54386452,
54388776,
54390415,
54392629,
54402808,
54402887,
54402972,
54403608,
54408305,
54409941,
54410187,
54416980,
54417424,
54417923,
54424426,
54425482,
54426481,
54428253,
54428565,
54433783,
54434162,
54437203,
54437493,
54446870,
54456091,
54456998,
54457414,
54460886,
54467088,
54467919,
54472203,
54473184,
54473206,
54475338,
54475364,
54475694,
54476610,
54479153,
54480685,
54494354,
54495235,
54496355,
54499242,
54501901,
54506196,
54509523,
54512030,
54513669,
54514196,
54514411,
54514890,
54515359,
54515639,
54517052,
54517641,
54517983,
54518198,
54519351,
54519662,
54524454,
54525671,
54525965,
54526781,
54526824,
54528555,
54530395,
54530719,
54530987,
54534261,
54534849,
54537520,
54537770,
54537921,
54539003,
54541147,
54543575,
54544256,
54546219,
54547682,
54548054,
54549101,
54550147,
54550371,
54551280,
54552939,
54554940,
54555482,
54556041,
54556064,
54556442,
54556545,
54557103,
54557703,
54557732,
54557827,
54558198,
54561539,
54562069,
54562742,
54562959,
54564379,
54564731,
54566006,
54568695,
54570122,
54572972,
54573954,
54574116,
54576213,
54576451,
54576669,
54577597,
54578514,
54580686,
54584140,
54584440,
54584588,
54584852,
54585041,
54585608,
54586430,
54590548,
54590777,
54594819,
54595881,
54596338,
54597164,
54598597,
54603604,
54604049,
54604429,
54607121,
54608075,
54608229,
54608746,
54608943,
54610146,
54611556,
54613331,
54613860,
54614116,
54615028,
54617775,
54620367,
54620757,
54625872,
54626236,
54635023,
54637135,
54641123,
54644177,
54644919,
54646484,
54647294,
54647652,
54649173,
54649448,
54652722,
54653341,
54653404,
54654414,
54655630,
54656978,
54657862,
54665488,
54665523,
54666441,
54666879,
54667913,
54668146,
54670704,
54673682,
54680746,
54681989,
54683967,
54685397,
54687077,
54688299,
54691537,
54696787,
54697572,
54697653,
54701163,
54701877,
54706573,
54709049,
54710718,
54711550,
54711673,
54712300,
54713250,
54722650,
54723391,
54728217,
54729990,
54731257,
54731387,
54731655,
54732002,
54732023,
54732174,
54732440,
54732664,
54732970,
54733136,
54734741,
54741991,
54743088,
54747838,
54751358,
54752372,
54753570,
54753765,
54756998,
54765589,
54765754,
54788376,
54795087,
54803459,
54818170,
54820360,
54824791,
54826480,
54834801,
54836501,
54840038,
54853143,
54854421,
54854572,
54854954,
54856225,
54856764,
54857999,
54867268,
54871842,
54878399,
54878898,
54880141,
54894205,
54904484,
54908021,
54912054,
54915331,
54916700,
54917296,
54920561,
54922472,
54924700,
54925029,
54925276,
54925455,
54925606,
54925663,
54925664,
54926676,
54926770,
54927259,
54927480,
54928468,
54929387,
54929451,
54929760,
54934716,
54935022,
54935169,
54936845,
54937080,
54938528,
54941598,
54941805,
54942081,
54942214,
54942799,
54942876,
54943370,
54944847,
54946614,
54948598,
54948676,
54949110,
54949150,
54949298,
54949476,
54949843,
54950149,
54950239,
54952703,
54955405,
54957430,
54959147,
54959774,
54960407,
54961248,
54961733,
54965059,
54973393,
54973930,
54976379,
54979995,
54988206,
54992896,
54995648,
54997090,
54999296,
55000873,
55003289,
55004205,
55005682,
55010368,
55010738,
55011052,
55011944,
55012790,
55017036,
55017267,
55017826,
55017917,
55017931,
55019219,
55019845,
55020216,
55021739,
55022256,
55023667,
55024628,
55025882,
55027465,
55027514,
55035033,
55036924,
55038205,
55038348,
55040028,
55042724,
55048021,
55057614,
55058041,
55064645,
55067819,
55069782,
55071861,
55072892,
55092848,
55093339,
55106408,
55113680,
55114609,
55115640,
55115756,
55116754,
55119730,
55119767,
55137642,
55159082,
55187262,
55190286,
55212241,
55213962,
55230716,
55247290,
55254357,
55274544,
55279223,
55280201,
55283610,
55284443,
55285686,
55286130,
55288664,
55289084,
55292159,
55292736,
55294482,
55300575,
55302773,
55312003,
55312192,
55313599,
55317862,
55319821,
55320242,
55320314,
55320987,
55321263,
55321334,
55322579,
55322658,
55332013,
55338347,
55339178,
55343533,
55366093,
55394554,
55401191,
55411862,
55426148,
55426336,
55427750,
55430129,
55449804,
55451089,
55453617,
55467245,
55469596,
55469613,
55471041,
55475933,
55480489,
55483924,
55490654,
55494904,
55495857,
55497342,
55497510,
55497592,
55505782,
55506832,
55513108,
55522995,
55523115,
55524001,
55526529,
55532523,
55559783,
55563004,
55569084,
55569231,
55571726,
55572316,
55572572,
55574156,
55581386,
55584680,
55585064,
55593254,
55600977,
55601275,
55609561,
55613052,
55617164,
55621811,
55621983,
55629084,
55629367,
55631269,
55632520,
55635056,
55636307,
55637488,
55638661,
55639541,
55639709,
55640419,
55641229,
55641838,
55642479,
55643474,
55644808,
55645596,
55646416,
55654418,
55655491,
55656392,
55656921,
55658756,
55659082,
55659358,
55660673,
55661006,
55661790,
55662238,
55662527,
55663074,
55663240,
55664267,
55666162,
55667055,
55667676,
55669172,
55669623,
55670294,
55671285,
55671962,
55675446,
55677132,
55677529,
55677532,
55681478,
55682948,
55683955,
55684179,
55684404,
55688787,
55691209,
55691674,
55695769,
55698897,
55700032,
55701163,
55704253,
55706061,
55707085,
55710018,
55712192,
55713906,
55716491,
55716579,
55717539,
55717882,
55720984,
55721800,
55722000,
55722098,
55723196,
55723785,
55729481,
55730547,
55732523,
55732584,
55733292,
55733808,
55735651,
55736018,
55736687,
55737267,
55777108,
55789901,
55792182,
55824540,
55826394,
55834719,
55838391,
55839528,
55840175,
55841793,
55842258,
55844253,
55847326,
55851596,
55853466,
55853781,
55861799,
55866019,
55866385,
55870465,
55877434,
55877892,
55878883,
55880871,
55883713,
55884242,
55891958,
55901000,
55905055,
55915719,
55916108,
55924258,
55925975,
55931634,
55947327,
55954243,
55957561,
55960487,
55962774,
55963893,
55964281,
55966093,
55969881,
55970536,
55971482,
55971914,
55974293,
55976357,
55985513,
55991019,
55992291,
56001593,
56008419,
56009792,
56010168,
56017104,
56018702,
56023618,
56037240,
56045424,
56072343,
56072688,
56073802,
56076059,
56076840,
56086798,
56088395,
56091484,
56095128,
56098095,
56098200,
56101206,
56101521,
56104118,
56104456,
56106522,
56114624,
56120629,
56124623,
56131445,
56134333,
56137369,
56145738,
56147760,
56152226,
56156805,
56159175,
56161237,
56162604,
56166055,
56171607,
56208548,
56214142,
56216068,
56216100,
56220895,
56222582,
56227012,
56228476,
56229562,
56233515,
56234593,
56236282,
56239218,
56240798,
56254992,
56265074,
56270256,
56271103,
56273315,
56273513,
56283265,
56284556,
56286960,
56289031,
56297815,
56310367,
56324020,
56331134,
56331708,
56333457,
56343466,
56343617,
56344188,
56347913,
56349582,
56359089,
56360037,
56360135,
56360209,
56360681,
56362391,
56364130,
56367615,
56369777,
56375887,
56379662,
56382801,
56388898,
56389270,
56389739,
56391870,
56398552,
56401630,
56408331,
56408365,
56408569,
56408645,
56408727,
56410525,
56412063,
56412260,
56413425,
56414056,
56414479,
56415479,
56415579,
56415727,
56418152,
56418863,
56420075,
56420536,
56420778,
56420785,
56420868,
56420871,
56421496,
56422137,
56423193,
56427185,
56427731,
56428593,
56432196,
56433968,
56434271,
56435117,
56435307,
56435785,
56436902,
56436960,
56438624,
56439072,
56439966,
56444960,
56446721,
56450108,
56452705,
56456186,
56459446,
56459635,
56461020,
56461150,
56462833,
56463272,
56464532,
56467673,
56470793,
56471553,
56473177,
56475494,
56477529,
56482587,
56483102,
56484335,
56485763,
56496265,
56505109,
56509594,
56515334,
56521762,
56527154,
56533374,
56536284,
56537207,
56537493,
56539866,
56541867,
56544217,
56544598,
56549748,
56550055,
56552455,
56555001,
56557986,
56558963,
56562428,
56562990,
56564853,
56566981,
56568147,
56570819,
56570945,
56572197,
56572268,
56574751,
56574805,
56575162,
56579588,
56581000,
56582737,
56583384,
56584386,
56585069,
56588505,
56589467,
56589639,
56590821,
56591672,
56591775,
56592701,
56593285,
56593394,
56594557,
56597691,
56604887,
56610909,
56616555,
56616686,
56620061,
56622208,
56623744,
56636241,
56636901,
56637525,
56649358,
56655408,
56655826,
56656389,
56661506,
56664824,
56677221,
56692825,
56700221,
56703169,
56703407,
56704255,
56713369,
56721084,
56722876,
56732094,
56737527,
56739355,
56763001,
56764398,
56769531,
56776033,
56777731,
56782390,
56782401,
56784457,
56790157,
56818705,
56820301,
56823081,
56823554,
56823573,
56828080,
56830517,
56834472,
56837712,
56839051,
56840358,
56840621,
56846461,
56846659,
56846924,
56850383,
56853156,
56855815,
56858747,
56861350,
56861410,
56863459,
56871590,
56872136,
56872528,
56894664,
56894883,
56899651,
56909014,
56915190,
56916300,
56916903,
56919550,
56922818,
56924118,
56925551,
56926025,
56926157,
56926926,
56927427,
56928956,
56932536,
56935747,
56937302,
56937486,
56937956,
56945021,
56947365,
56953505,
56954101,
56954141,
56955254,
56957143,
56959086,
56983724,
56994413,
57014548,
57036190,
57041337,
57044873,
57048781,
57052060,
57055826,
57056026,
57058524,
57068863,
57073498,
57078760,
57081817,
57084383,
57088468,
57089875,
57094509,
57094923,
57095925,
57096044,
57096316,
57098961,
57099212,
57099943,
57100576,
57103221,
57108398,
57109991,
57110745,
57114865,
57116525,
57116537,
57116877,
57121579,
57123149,
57126983,
57129348,
57131281,
57133499,
57135659,
57136886,
57137030,
57137396,
57138146,
57139198,
57140686,
57140857,
57141128,
57141482,
57146588,
57146967,
57147064,
57147172,
57147481,
57149788,
57151023,
57151147,
57151972,
57152072,
57153965,
57158251,
57159215,
57162414,
57164721,
57170694,
57172508,
57173396,
57173978,
57175694,
57176230,
57176403,
57177465,
57184088,
57186630,
57199317,
57200110,
57201282,
57201649,
57204728,
57209031,
57211018,
57216465,
57218034,
57219641,
57219989,
57219996,
57220409,
57222229,
57222277,
57224635,
57229579,
57233933,
57240914,
57241275,
57243809,
57253590,
57277259,
57282394,
57285246,
57287338,
57311847,
57312069,
57331413,
57375347,
57383971,
57402483,
57417630,
57429408,
57435345,
57437039,
57447265,
57451922,
57454855,
57457398,
57457517,
57458210,
57459369,
57460499,
57460527,
57463149,
57464630,
57466148,
57467042,
57467700,
57473413,
57476335,
57476371,
57477604,
57477771,
57481409,
57490017,
57497695,
57517376,
57518724,
57523162,
57523741,
57524301,
57544781,
57552726,
57554510,
57557010,
57559426,
57563070,
57564529,
57569173,
57570661,
57574954,
57580172,
57581371,
57583256,
57584956,
57585771,
57586165,
57586757,
57590720,
57593160,
57599706,
57605317,
57605762,
57608815,
57610138,
57610286,
57610779,
57613894,
57615588,
57617282,
57618073,
57618449,
57619391,
57621710,
57623917,
57625195,
57626798,
57628290,
57629809,
57630197,
57638482,
57653929,
57656466,
57659530,
57659680,
57675323,
57686041,
57693702,
57693953,
57698770,
57699951,
57700051,
57702205,
57709808,
57710257,
57721487,
57722983,
57724464,
57725063,
57731208,
57739472,
57741636,
57750881,
57759164,
57768955,
57771301,
57774004,
57783744,
57794230,
57802663,
57808635,
57809480,
57826656,
57828888,
57832724,
57833818,
57837371,
57840478,
57848761,
57852572,
57855133,
57855459,
57860231,
57866817,
57873964,
57874365,
57884771,
57887711,
57889601,
57889947,
57891544,
57892660,
57893418,
57893846,
57899880,
57902714,
57905466,
57907278,
57908474,
57918324,
57934716,
57940085,
57940980,
57942282,
57943887,
57949580,
57949926,
57951560,
57951822,
57956847,
57958436,
57962607,
57963167,
57965763,
57967186,
57972822,
57983502,
57985011,
57988313,
57988355,
57989623,
57989796,
57992938,
57992998,
57997465,
57999784,
58000109,
58009960,
58030088,
58044044,
58045169,
58077673,
58078938,
58079567,
58079852,
58089018,
58091983,
58095529,
58098420,
58105163,
58109709,
58115700,
58119453,
58123216,
58126027,
58126779,
58133371,
58137140,
58138573,
58140460,
58140984,
58143566,
58144258,
58149278,
58151847,
58153765,
58156796,
58158391,
58162950,
58165827,
58166047,
58166642,
58168429,
58169512,
58174593,
58176017,
58176659,
58180355,
58181743,
58185576,
58186136,
58186786,
58187127,
58189290,
58191505,
58191754,
58195180,
58205633,
58209464,
58210795,
58210992,
58211032,
58215673,
58215908,
58217089,
58220665,
58221173,
58237365,
58241337,
58243236,
58245732,
58250860,
58253283,
58267931,
58273761,
58279248,
58282943,
58286587,
58288881,
58292459,
58294928,
58300480,
58303350,
58303956,
58313001,
58315865,
58316838,
58319108,
58321736,
58338086,
58342323,
58344251,
58346871,
58347225,
58347438,
58351375,
58352118,
58353894,
58353906,
58354243,
58354423,
58354488,
58355062,
58355611,
58356107,
58356218,
58356585,
58356616,
58356896,
58356957,
58357346,
58363068,
58363140,
58363528,
58364401,
58364665,
58371067,
58371669,
58372224,
58372988,
58377794,
58379379,
58382984,
58388517,
58389234,
58403246,
58405513,
58406875,
58407243,
58408947,
58410405,
58410773,
58411106,
58414367,
58414501,
58415332,
58421184,
58421761,
58430342,
58439494,
58440243,
58440565,
58440956,
58443349,
58443976,
58444373,
58444872,
58445042,
58445779,
58446532,
58447226,
58447631,
58448268,
58448450,
58448478,
58448508,
58448548,
58448613,
58448641,
58449106,
58449517,
58449675,
58449767,
58450074,
58450182,
58450201,
58451337,
58451789,
58452942,
58454206,
58460642,
58463168,
58468307,
58468553,
58469323,
58479055,
58481097,
58481914,
58487023,
58488158,
58497994,
58502248,
58509885,
58517188,
58527814,
58536584,
58536894,
58548642,
58554343,
58555325,
58557445,
58562160,
58565275,
58567943,
58568889,
58569175,
58576776,
58576965,
58577032,
58577384,
58577511,
58577572,
58578288,
58579542,
58581289,
58582245,
58585495,
58586625,
58589690,
58591024,
58596711,
58600322,
58604460,
58607806,
58609699,
58618491,
58619039,
58625439,
58629780,
58636705,
58639761,
58643544,
58645404,
58646720,
58648716,
58651702,
58652938,
58653412,
58655485,
58656211,
58659489,
58660245,
58660566,
58660590,
58662859,
58664093,
58665892,
58667739,
58672370,
58672940,
58674853,
58676136,
58677082,
58677948,
58679171,
58683946,
58684846,
58685103,
58685524,
58686033,
58687072,
58688484,
58695635,
58701516,
58709402,
58711509,
58713263,
58713825,
58721600,
58722643,
58733522,
58734277,
58734910,
58736575,
58741410,
58745421,
58747616,
58748504,
58751139,
58751685,
58752239,
58758582,
58760981,
58765408,
58765818,
58768413,
58772966,
58775206,
58776765,
58797055,
58797946,
58801523,
58803663,
58805794,
58817149,
58819743,
58820824,
58823615,
58828029,
58830279,
58832401,
58836110,
58836563,
58851301,
58853211,
58855198,
58855484,
58855773,
58863029,
58865178,
58868232,
58869776,
58874346,
58879190,
58880151,
58885079,
58886473,
58887045,
58887209,
58887971,
58888742,
58888919,
58891493,
58892827,
58902692,
58909821,
58909982,
58912607,
58913517,
58914845,
58916941,
58917445,
58917612,
58918022,
58918331,
58921758,
58921968,
58923099,
58928570,
58930226,
58937656,
58938917,
58939792,
58940786,
58942955,
58956791,
58966155,
58980867,
58986667,
58990855,
58992097,
59002930,
59008674,
59011142,
59011870,
59014292,
59017318,
59018822,
59019020,
59019189,
59022752,
59026308,
59029102,
59036521,
59038991,
59043329,
59046691,
59046877,
59056358,
59056909,
59065377,
59070202,
59071660,
59071933,
59072823,
59075048,
59079190,
59083306,
59085138,
59090287,
59098463,
59103886,
59110818,
59114111,
59115998,
59118729,
59119138,
59120697,
59124012,
59129310,
59132660,
59133425,
59135697,
59139085,
59140293,
59140772,
59141854,
59142547,
59144101,
59148335,
59148373,
59150554,
59152230,
59155383,
59156326,
59157581,
59157969,
59160039,
59160581,
59160609,
59160703,
59161055,
59161545,
59161577,
59162799,
59163620,
59163648,
59165260,
59165616,
59168072,
59170145,
59181648,
59191469,
59198043,
59200022,
59200430,
59203340,
59213090,
59214277,
59216245,
59232094,
59242699,
59255088,
59264125,
59266492,
59283446,
59284302,
59287635,
59311549,
59315045,
59315642,
59323299,
59325047,
59330438,
59335000,
59353402,
59355023,
59358701,
59359626,
59370097,
59370596,
59370909,
59372387,
59373286,
59374608,
59374792,
59375698,
59376374,
59379454,
59382973,
59386185,
59387193,
59388446,
59402371,
59407870,
59412400,
59414726,
59415474,
59421578,
59423165,
59424294,
59426487,
59427184,
59428124,
59434961,
59436047,
59436173,
59436624,
59456634,
59460352,
59469976,
59494512,
59494944,
59501766,
59503541,
59505813,
59507944,
59508055,
59514240,
59515737,
59515871,
59516890,
59524131,
59526600,
59552857,
59557674,
59563094,
59563121,
59563382,
59563689,
59563701,
59576186,
59576849,
59578039,
59583987,
59584068,
59584421,
59587524,
59590905,
59592922,
59594932,
59596014,
59596985,
59598229,
59598964,
59599043,
59599062,
59600720,
59603124,
59604652,
59605008,
59606632,
59612179,
59614300,
59621485,
59627668,
59635172,
59637487,
59641355,
59641703,
59643988,
59653549,
59660283,
59662135,
59663492,
59666338,
59670084,
59679458,
59680007,
59680403,
59682073,
59683245,
59685048,
59685293,
59685593,
59685622,
59689706,
59692424,
59695526,
59696214,
59697302,
59697317,
59710258,
59714035,
59717544,
59717871,
59735314,
59738428,
59748507,
59751313,
59752291,
59770483,
59770626,
59779574,
59780711,
59787182,
59801534,
59808436,
59813186,
59813851,
59817463,
59817596,
59818142,
59821252,
59835858,
59841819,
59843750,
59844308,
59844882,
59845850,
59846178,
59848686,
59849954,
59850857,
59858953,
59860741,
59861117,
59863735,
59864352,
59864666,
59864930,
59865001,
59865304,
59865485,
59866286,
59866307,
59866717,
59866971,
59869444,
59873045,
59873190,
59888160,
59896570,
59913415,
59919604,
59939474,
59949932,
59959750,
59966167,
59989287,
60010589,
60036658,
60046994,
60049403,
60052315,
60060395,
60064649,
60072245,
60076251,
60080656,
60081275,
60086851,
60087252,
60100593,
60104906,
60116352,
60148272,
60159524,
60187190,
60197377,
60198232,
60198704,
60211752,
60283130,
60297732,
60302256,
60314493,
60342268,
60345892,
60347116,
60384996,
60394349,
60401209,
60401804,
60403301,
60404199,
60406296,
60423442,
60423867,
60425776,
60436123,
60441006,
60445973,
60446761,
60464898,
60465883,
60466027,
60467180,
60468127,
60478415,
60479358,
60485706,
60485891,
60497791,
60506091,
60507325,
60509477,
60514575,
60532491,
60536609,
60539523,
60542899,
60552919,
60553613,
60554186,
60574454,
60581440,
60585068,
60591262,
60630674,
60633353,
60655901,
60657187,
60684713,
60709780,
60725484,
60725897,
60775003,
60796490,
60802305,
60808503,
60816505,
60822322,
60823593,
60864547,
60876558,
60877785,
60878944,
60891486,
60892076,
60892882,
60893756,
60898699,
60907091,
60910445,
60911143,
60911223,
60922827,
60927793,
60930577,
60931036,
60937440,
60970733,
60976988,
60986286,
60986740,
60988412,
60993078,
60997416,
61005180,
61005645,
61005969,
61006093,
61006475,
61009296,
61009806,
61009886,
61010113,
61013650,
61015469,
61017378,
61032289,
61040225,
61048279,
61048740,
61049617,
61050274,
61061005,
61068187,
61069950,
61071548,
61094990,
61129046,
61136730,
61150122,
61153301,
61155505,
61159997,
61180673,
61189100,
61198274,
61211181,
61212515,
61218880,
61219952,
61225659,
61228106,
61228894,
61229011,
61234260,
61236002,
61249382,
61271096,
61274566,
61278383,
61301092,
61307196,
61308323,
61310160,
61314334,
61317485,
61329685,
61333745,
61333897,
61338596,
61339216,
61340324,
61343281,
61343458,
61343934,
61344446,
61344597,
61345114,
61345854,
61346542,
61346779,
61347933,
61348915,
61350839,
61351196,
61351560,
61353593,
61354221,
61354502,
61355071,
61357319,
61358208,
61360695,
61362328,
61362868,
61363418,
61363529,
61364339,
61364390,
61374273,
61376907,
61381352,
61381418,
61381710,
61389448,
61392193,
61392916,
61413929,
61416289,
61417452,
61421406,
61439278,
61440967,
61441762,
61445360,
61450853,
61451427,
61454017,
61458239,
61458833,
61459453,
61459747,
61461618,
61478204,
61489683,
61489757,
61490286,
61491324,
61492502,
61499784,
61504506,
61507636,
61507940,
61509305,
61512215,
61512698,
61514337,
61522650,
61527979,
61529078,
61529096,
61529533,
61530903,
61531075,
61532218,
61532874,
61535530,
61542567,
61548211,
61550636,
61552070,
61552135,
61553794,
61554289,
61554555,
61554702,
61556608,
61556705,
61556833,
61558897,
61559138,
61561983,
61563637,
61564294,
61564468,
61569191,
61569443,
61570352,
61570482,
61571565,
61571604,
61573304,
61574218,
61575871,
61579024,
61580248,
61583210,
61585208,
61610533,
61621275,
61621570,
61623909,
61633253,
61638928,
61640275,
61658625,
61663895,
61665314,
61680249,
61684988,
61691108,
61703811,
61715416,
61719039,
61721383,
61741810,
61757896,
61776166,
61788290,
61804693,
61806289,
61807239,
61819560,
61832132,
61833824,
61840029,
61841051,
61842443,
61844478,
61845507,
61863528,
61866978,
61867013,
61867207,
61867628,
61867661,
61870040,
61870240,
61872235,
61872405,
61872514,
61872689,
61872705,
61874510,
61875547,
61875935,
61877601,
61878787,
61879066,
61879442,
61880357,
61881383,
61881516,
61882214,
61883762,
61884362,
61885863,
61885879,
61887268,
61888957,
61889326,
61889604,
61890812,
61890974,
61891537,
61891909,
61892254,
61900005,
61903519,
61908287,
61908582,
61908743,
61910152,
61910924,
61913304,
61914888,
61921139,
61923173,
61924655,
61929651,
61934063,
61938980,
61940136,
61952482,
61960600,
61966597,
61969061,
61972561,
61972799,
61973302,
61976447,
61978035,
61978346,
61978989,
61979176,
61980103,
61982583,
61984003,
61984632,
61987160,
61987631,
61988162,
61988216,
61990045,
61991991,
61992818,
61993126,
61993222,
61993804,
61993805,
61993993,
61997844,
62001930,
62002152,
62002227,
62002849,
62002914,
62002944,
62003601,
62005799,
62005940,
62006009,
62006052,
62007136,
62007326,
62007341,
62007389,
62007611,
62009182,
62010673,
62012875,
62013671,
62014926,
62015004,
62020337,
62024307,
62025147,
62025151,
62025287,
62026381,
62026549,
62029784,
62029981,
62036066,
62036430,
62041541,
62044015,
62045123,
62047798,
62048281,
62056654,
62057035,
62061929,
62063578,
62064146,
62064334,
62064942,
62065281,
62065544,
62067364,
62068293,
62070552,
62072107,
62073119,
62080575,
62080743,
62081066,
62081151,
62082027,
62082956,
62089627,
62090610,
62093028,
62096727,
62098255,
62101721,
62115546,
62126725,
62127314,
62128257,
62128856,
62129496,
62129516,
62132046,
62134487,
62135647,
62136371,
62136606,
62137817,
62140644,
62145304,
62145777,
62147600,
62156242,
62156983,
62157732,
62158975,
62159336,
62160159,
62160676,
62161005,
62161696,
62162059,
62162663,
62164532,
62166465,
62167517,
62168492,
62170882,
62173223,
62173713,
62174589,
62175688,
62176605,
62177070,
62177144,
62179078,
62182348,
62183854,
62184831,
62185997,
62188449,
62190553,
62195165,
62197170,
62198322,
62198963,
62199059,
62206982,
62211451,
62213597,
62215219,
62217478,
62224475,
62225986,
62229315,
62237475,
62241375,
62244561,
62246262,
62247385,
62249559,
62250613,
62251704,
62252134,
62252774,
62253957,
62257317,
62270442,
62270875,
62275631,
62277113,
62282023,
62298209,
62302817,
62304934,
62322548,
62336000,
62361849,
62399414,
62408862,
62424700,
62428286,
62428625,
62432049,
62433738,
62434081,
62434134,
62438267,
62439113,
62439617,
62439926,
62440595,
62447376,
62448019,
62449839,
62452326,
62452665,
62453304,
62454023,
62457766,
62465639,
62479638,
62489689,
62522649,
62532617,
62541924,
62543478,
62548291,
62559992,
62585435,
62589362,
62594644,
62602280,
62610221,
62614155,
62619992,
62620313,
62621770,
62625669,
62626964,
62627927,
62630189,
62632070,
62639415,
62642806,
62643853,
62644917,
62645898,
62646453,
62646491,
62646770,
62646829,
62655778,
62656552,
62657283,
62658820,
62661488,
62661839,
62662118,
62662145,
62662167,
62662282,
62663085,
62663290,
62663543,
62664030,
62664733,
62665176,
62665765,
62666543,
62666561,
62666816,
62668216,
62668337,
62669406,
62671018,
62671364,
62671650,
62671978,
62672900,
62674349,
62674715,
62675604,
62680178,
62680971,
62681673,
62682656,
62683375,
62683580,
62684003,
62684125,
62684402,
62686450,
62692222,
62692810,
62694120,
62695877,
62698351,
62698560,
62700089,
62701648,
62702450,
62703165,
62703567,
62704215,
62704500,
62704740,
62704814,
62706453,
62709305,
62714618,
62715028,
62715195,
62715366,
62720047,
62720375,
62722405,
62722970,
62724805,
62725532,
62731688,
62735099,
62737873,
62739520,
62739827,
62740434,
62742262,
62743075,
62745612,
62748811,
62749170,
62750661,
62751423,
62753789,
62755093,
62755383,
62755432,
62755563,
62759695,
62762053,
62762181,
62762592,
62762683,
62762698,
62762874,
62763096,
62763242,
62764381,
62764545,
62764736,
62764788,
62764931,
62766826,
62767127,
62769098,
62769221,
62769238,
62773825,
62774164,
62774826,
62779777,
62780954,
62781568,
62784645,
62784998,
62787035,
62787071,
62788830,
62788958,
62789946,
62790274,
62791227,
62797438,
62797492,
62805104,
62805528,
62806340,
62807484,
62808440,
62809114,
62811063,
62811245,
62811321,
62811866,
62815164,
62815842,
62818335,
62818394,
62818961,
62819190,
62819866,
62822221,
62823141,
62824273,
62825066,
62825211,
62825894,
62826270,
62828364,
62829662,
62830364,
62830766,
62832786,
62833270,
62833668,
62833689,
62835954,
62839607,
62840285,
62840484,
62842287,
62842580,
62842597,
62843254,
62843275,
62843436,
62843454,
62843738,
62843932,
62844000,
62844672,
62844811,
62844978,
62845290,
62845311,
62846023,
62846891,
62848643,
62850359,
62850454,
62850701,
62854635,
62854675,
62854736,
62855992,
62856312,
62857974,
62858410,
62858578,
62858661,
62859952,
62860496,
62860608,
62861210,
62862429,
62863817,
62863941,
62864029,
62865747,
62866114,
62866251,
62868109,
62871862,
62872203,
62872349,
62872430,
62873067,
62875378,
62875493,
62876666,
62877606,
62880314,
62880654,
62880751,
62880832,
62881236,
62881631,
62882088,
62883094,
62883128,
62883248,
62885969,
62887665,
62894562,
62897035,
62897583,
62898722,
62899387,
62900201,
62900704,
62901058,
62901078,
62902718,
62904743,
62905771,
62906605,
62907508,
62910240,
62910666,
62911600,
62912039,
62915449,
62915546,
62915957,
62917367,
62917467,
62917861,
62918005,
62918084,
62918186,
62918507,
62919167,
62920918,
62921620,
62921888,
62924342,
62924519,
62928250,
62928932,
62929538,
62932207,
62940461,
62941175,
62941391,
62944351,
62944571,
62944633,
62944837,
62949140,
62953354,
62954037,
62955748,
62958060,
62959677,
62964437,
62973177,
62974451,
62985735,
62993946,
62998229,
62999183,
63003225,
63005502,
63006398,
63011258,
63011380,
63012197,
63017984,
63018540,
63021091,
63027571,
63042197,
63044364,
63044891,
63046372,
63049740,
63051311,
63052181,
63052320,
63052636,
63053338,
63054239,
63055963,
63056184,
63056606,
63056901,
63057421,
63058816,
63060457,
63061523,
63062960,
63064291,
63066776,
63068281,
63069776,
63070280,
63072350,
63072744,
63074173,
63074477,
63075110,
63081183,
63083773,
63085229,
63088528,
63089129,
63089754,
63090779,
63091996,
63092101,
63092606,
63094620,
63098865,
63101212,
63104355,
63105481,
63107545,
63109671,
63109869,
63110156,
63110171,
63112875,
63116195,
63120837,
63121171,
63123269,
63124102,
63124139,
63124242,
63130784,
63134244,
63134511,
63136464,
63136826,
63151899,
63160316,
63164133,
63182633,
63195926,
63207538,
63208729,
63210286,
63219224,
63232911,
63236986,
63238391,
63239667,
63250306,
63250553,
63253317,
63255878,
63256188,
63259057,
63265817,
63267572,
63272697,
63278493,
63280187,
63282076,
63284618,
63284897,
63285314,
63288505,
63288832,
63289117,
63289310,
63290278,
63291292,
63291662,
63292942,
63295531,
63297977,
63300136,
63300604,
63302767,
63309281,
63312141,
63317466,
63329118,
63350272,
63365552,
63375378,
63384173,
63392935,
63393499,
63394503,
63396055,
63396657,
63397668,
63398299,
63398517,
63401448,
63417298,
63422975,
63430834,
63439094,
63440334,
63443652,
63447404,
63448975,
63458674,
63461513,
63468434,
63473146,
63477188,
63478482,
63479195,
63479228,
63489305,
63494795,
63498814,
63501373,
63502400,
63505767,
63507185,
63512054,
63512632,
63513698,
63514356,
63516884,
63517775,
63518112,
63519519,
63521079,
63521819,
63522901,
63525093,
63527381,
63532974,
63535511,
63545959,
63553262,
63553644,
63557964,
63585324,
63587866,
63588723,
63624175,
63660382,
63662454,
63664340,
63666249,
63667604,
63667850,
63684767,
63697790,
63711122,
63721039,
63735195,
63735327,
63736451,
63746658,
63749622,
63752059,
63757044,
63757569,
63758574,
63761431,
63762642,
63764247,
63772642,
63772792,
63779230,
63784840,
63787653,
63790882,
63792458,
63794847,
63797026,
63810629,
63815408,
63816195,
63821848,
63841145,
63850045,
63852294,
63852885,
63853316,
63862787,
63866833,
63867103,
63869147,
63871056,
63871913,
63872146,
63874224,
63874506,
63875014,
63875650,
63878826,
63880366,
63880899,
63883603,
63884321,
63890502,
63892897,
63895573,
63896281,
63902912,
63907305,
63913318,
63916302,
63916615,
63917081,
63917737,
63918561,
63918829,
63920377,
63921376,
63922092,
63922656,
63924952,
63929092,
63931873,
63935676,
63936458,
63937447,
63938863,
63939431,
63941997,
63942829,
63943024,
63944324,
63945906,
63946153,
63947324,
63947483,
63949319,
63949740,
63951351,
63953248,
63957125,
63958310,
63960923,
63961062,
63962390,
63964694,
63966020,
63967681,
63968938,
63972627,
63973841,
63983041,
63985662,
63989889,
63992236,
63993548,
63994903,
63999034,
64000810,
64000971,
64001710,
64004101,
64006804,
64006866,
64007526,
64008729,
64010153,
64013670,
64014897,
64021249,
64022794,
64025963,
64027767,
64028214,
64028817,
64032336,
64033848,
64033957,
64034301,
64034982,
64035012,
64035413,
64038207,
64041815,
64048654,
64053174,
64054515,
64059332,
64064420,
64068094,
64074982,
64077526,
64087503,
64089582,
64090933,
64091579,
64093646,
64093905,
64094859,
64095218,
64096248,
64096533,
64103045,
64105158,
64105657,
64109247,
64111687,
64112530,
64113300,
64114477,
64118628,
64118959,
64126025,
64131224,
64131976,
64144543,
64144597,
64146451,
64147179,
64148996,
64149116,
64149794,
64149996,
64150431,
64151351,
64151921,
64152244,
64152629,
64154416,
64155263,
64163285,
64169657,
64169978,
64170288,
64173907,
64175105,
64175480,
64175921,
64178444,
64185879,
64186417,
64187203,
64188206,
64188359,
64188870,
64192440,
64192528,
64202587,
64203546,
64211012,
64213483,
64217272,
64218151,
64218742,
64219657,
64220408,
64229727,
64250930,
64258829,
64300943,
64305979,
64309395,
64310608,
64312476,
64313119,
64316938,
64317985,
64324036,
64327439,
64330750,
64331329,
64335964,
64336617,
64336725,
64336792,
64337662,
64338513,
64338825,
64340755,
64341437,
64342249,
64346797,
64347716,
64351532,
64352282,
64353052,
64353365,
64353571,
64353926,
64354155,
64354843,
64355819,
64357069,
64358049,
64368413,
64383923,
64392396,
64394306,
64399752,
64403624,
64404142,
64408082,
64411508,
64416466,
64427459,
64437143,
64457197,
64462146,
64467593,
64469410,
64470202,
64482237,
64489980,
64492778,
64496728,
64498888,
64505282,
64507493,
64508696,
64509306,
64509904,
64511252,
64511420,
64516486,
64516898,
64517369,
64518073,
64519456,
64520406,
64520449,
64521013,
64521279,
64521416,
64521650,
64524565,
64525208,
64526218,
64526650,
64529326,
64529656,
64531338,
64533712,
64533892,
64535176,
64537042,
64540144,
64544190,
64544400,
64551161,
64551813,
64552335,
64552430,
64554635,
64555099,
64555100,
64559578,
64560103,
64565249,
64567256,
64567261,
64567903,
64568678,
64569747,
64577366,
64582268,
64586019,
64586217,
64586448,
64587677,
64588421,
64590059,
64590361,
64590588,
64591688,
64594160,
64594850,
64597902,
64598655,
64599827,
64610739,
64611298,
64614258,
64615462,
64616542,
64620824,
64621463,
64623083,
64623917,
64632225,
64632334,
64632433,
64632561,
64637109,
64638125,
64638743,
64647661,
64647705,
64655437,
64660977,
64665269,
64667710,
64673408,
64682436,
64687448,
64688549,
64688957,
64688984,
64691028,
64693603,
64695643,
64697533,
64700322,
64700443,
64701764,
64702497,
64702617,
64704188,
64704527,
64704600,
64705402,
64705879,
64705998,
64706822,
64707103,
64710940,
64712469,
64715387,
64716141,
64716360,
64716471,
64719382,
64720982,
64742412,
64752895,
64753590,
64756704,
64772365,
64777326,
64780606,
64790455,
64802196,
64826586,
64838918,
64840547,
64842238,
64845452,
64858337,
64860816,
64865593,
64870309,
64876369,
64876435,
64879255,
64882251,
64882964,
64883749,
64884629,
64886054,
64886938,
64892178,
64899733,
64905984,
64909460,
64912722,
64914042,
64914425,
64916591,
64920569,
64921516,
64936548,
64936985,
64941525,
64941678,
64941936,
64943601,
64943731,
64944392,
64944689,
64944990,
64945056,
64945573,
64947047,
64947276,
64947349,
64948689,
64953107,
64955139,
64958840,
64964833,
64965315,
64970243,
64972570,
64976042,
64979215,
64979799,
64981340,
64982741,
64985484,
64986665,
64986994,
64988201,
64988577,
64989726,
64990189,
64990781,
64990809,
64990925,
64991245,
64991471,
64992564,
64992638,
64993011,
64995817,
64997522,
64997939,
64998124,
64999405,
65004059,
65004917,
65006511,
65006623,
65009295,
65011006,
65012352,
65012527,
65012761,
65013927,
65015472,
65023638,
65025127,
65025491,
65028590,
65029894,
65037662,
65038000,
65041273,
65048168,
65049074,
65053256,
65054514,
65055290,
65058159,
65060270,
65066203,
65066293,
65069479,
65076651,
65081420,
65082246,
65083987,
65088166,
65094537,
65105327,
65111189,
65111318,
65120485,
65129136,
65136120,
65140843,
65149354,
65154806,
65155323,
65157746,
65185206,
65214902,
65215609,
65226768,
65236762,
65240539,
65250002,
65262756,
65265060,
65271194,
65271793,
65273285,
65275206,
65277040,
65278325,
65281847,
65283305,
65283919,
65284044,
65289389,
65291900,
65293974,
65296624,
65297915,
65309403,
65313793,
65314547,
65317597,
65323280,
65330943,
65337579,
65355251,
65365655,
65365741,
65376928,
65389597,
65416393,
65434215,
65437333,
65443789,
65446177,
65448477,
65450765,
65460333,
65470470,
65481175,
65489200,
65504398,
65507359,
65507612,
65511012,
65511345,
65514305,
65516436,
65516953,
65520126,
65520179,
65521536,
65523721,
65526371,
65526805,
65532630,
65533986,
65534109,
65534882,
65535026,
65536185,
65536186,
65536873,
65537113,
65538846,
65539605,
65539942,
65540519,
65540708,
65541243,
65542409,
65543331,
65544038,
65546258,
65558010,
65560424,
65568855,
65573406,
65582635,
65583610,
65593414,
65598855,
65601445,
65607332,
65612707,
65612993,
65621786,
65623725,
65624692,
65633033,
65633434,
65633928,
65645730,
65650232,
65659911,
65663285,
65664071,
65666796,
65668425,
65670692,
65671355,
65671363,
65674355,
65674395,
65676752,
65677379,
65679261,
65680492,
65680745,
65685331,
65685463,
65686785,
65687868,
65690996,
65691396,
65705949,
65708292,
65712780,
65713066,
65713580,
65713603,
65714616,
65714641,
65717173,
65719652,
65720075,
65720697,
65720849,
65721073,
65721278,
65723344,
65723777,
65723897,
65724019,
65724728,
65726002,
65726092,
65726873,
65729249,
65731286,
65731811,
65733307,
65734167,
65734866,
65736010,
65737282,
65737386,
65739155,
65739179,
65745203,
65745300,
65745307,
65745342,
65745533,
65745915,
65747608,
65749004,
65750158,
65750952,
65750987,
65751004,
65751655,
65753639,
65753981,
65755191,
65755840,
65757212,
65760808,
65761533,
65764083,
65764425,
65764947,
65765443,
65765685,
65765926,
65766343,
65767190,
65767465,
65767529,
65767784,
65768564,
65768779,
65768822,
65769213,
65770054,
65770736,
65771019,
65771421,
65771690,
65774370,
65776162,
65776258,
65776382,
65776858,
65777427,
65781397,
65788674,
65789639,
65791309,
65792705,
65792889,
65801086,
65804140,
65814875,
65815804,
65818236,
65819477,
65821141,
65823564,
65823903,
65833808,
65834278,
65835657,
65848117,
65852134,
65857159,
65858513,
65864455,
65865041,
65867143,
65867992,
65868196,
65869207,
65871337,
65872393,
65878421,
65878501,
65878663,
65878951,
65879707,
65880788,
65888273,
65888724,
65889819,
65890555,
65891092,
65898643,
65909084,
65909954,
65912660,
65915115,
65920978,
65922117,
65922890,
65923706,
65923756,
65924436,
65926215,
65933162,
65941957,
65944801,
65947254,
65948336,
65950029,
65952188,
65952933,
65956031,
65961130,
65964566,
65965971,
65967461,
65969289,
65970728,
65976790,
65980465,
65981168,
65982421,
65985510,
65985723,
65986145,
65986170,
65986895,
65988751,
65989539,
65989957,
65990062,
65990421,
65991413,
65991499,
65992862,
65993840,
65995065,
65996187,
65996597,
65997615,
65998805,
65999681,
65999975,
66000036,
66000506,
66001054,
66001111,
66002278,
66003911,
66005152,
66007663,
66007985,
66013122,
66014825,
66015934,
66018349,
66018676,
66019183,
66019546,
66020946,
66023004,
66023185,
66023701,
66024345,
66025748,
66027513,
66028141,
66028593,
66029542,
66029567,
66030484,
66030723,
66030988,
66031507,
66033054,
66033562,
66034578,
66035874,
66036671,
66037909,
66038618,
66038876,
66040786,
66046878,
66051538,
66051588,
66051750,
66056191,
66059098,
66059892,
66059893,
66060443,
66060709,
66060952,
66063791,
66066013,
66068861,
66070830,
66074227,
66078503,
66080315,
66096598,
66100651,
66100856,
66112850,
66115826,
66117589,
66122979,
66137913,
66138461,
66143502,
66143619,
66143763,
66146243,
66151818,
66158117,
66163179,
66168007,
66186297,
66199460,
66200335,
66205363,
66208350,
66211447,
66212447,
66215495,
66221987,
66223527,
66223709,
66225186,
66236873,
66239904,
66240127,
66240634,
66241523,
66241922,
66242521,
66242799,
66242859,
66242989,
66243091,
66243704,
66247436,
66248642,
66249357,
66249386,
66249389,
66252418,
66252872,
66253200,
66253406,
66253425,
66254547,
66255696,
66256804,
66259183,
66261184,
66261818,
66262058,
66262094,
66262789,
66262989,
66263180,
66263641,
66263871,
66264402,
66264841,
66264860,
66265150,
66265764,
66266222,
66267392,
66268007,
66268008,
66268499,
66268849,
66270792,
66277571,
66278677,
66279238,
66281171,
66282081,
66284034,
66284556,
66285774,
66286923,
66287738,
66293864,
66299004,
66302629,
66304363,
66305114,
66306210,
66311035,
66312967,
66315791,
66317676,
66325271,
66326014,
66327320,
66327760,
66328336,
66331356,
66331379,
66331421,
66338879,
66348402,
66354883,
66356054,
66364231,
66365588,
66388631,
66422099,
66422720,
66426496,
66432760,
66435945,
66437925,
66438940,
66441195,
66443685,
66445100,
66445266,
66447770,
66449486,
66450514,
66451101,
66451196,
66452357,
66452781,
66455281,
66455627,
66457663,
66458262,
66458934,
66459874,
66460573,
66463429,
66463900,
66466307,
66468986,
66470061,
66470510,
66471920,
66473792,
66475765,
66482546,
66486061,
66491579,
66492587,
66493203,
66495027,
66495644,
66495774,
66496163,
66496995,
66497121,
66497707,
66498129,
66498327,
66499735,
66500366,
66506371,
66513979,
66514036,
66515608,
66516758,
66517990,
66520138,
66520935,
66523096,
66526364,
66528825,
66541299,
66543564,
66544217,
66544855,
66545336,
66546266,
66547155,
66547314,
66547526,
66547668,
66548279,
66549012,
66549246,
66549336,
66549394,
66550593,
66550927,
66551164,
66551342,
66551379,
66553326,
66554863,
66568823,
66571030,
66572220,
66579799,
66587490,
66588333,
66590061,
66592236,
66592971,
66593032,
66595134,
66595136,
66595365,
66598732,
66599087,
66599381,
66599424,
66601033,
66601983,
66608281,
66610359,
66610620,
66614437,
66619967,
66620765,
66621963,
66622795,
66623449,
66627856,
66629627,
66630683,
66631319,
66635064,
66640547,
66644359,
66644814,
66644941,
66645646,
66646762,
66647800,
66648536,
66649246,
66649845,
66651103,
66651467,
66654049,
66654260,
66655298,
66656527,
66657334,
66657444,
66657542,
66659256,
66659613,
66660101,
66660953,
66670624,
66672358,
66674845,
66675222,
66677327,
66677643,
66680257,
66682235,
66682794,
66683183,
66683750,
66684881,
66687378,
66689868,
66690759,
66691573,
66692897,
66695549,
66695557,
66695663,
66699865,
66700426,
66700580,
66701597,
66707283,
66708159,
66712452,
66718491,
66718702,
66722053,
66723673,
66724380,
66725923,
66727414,
66728646,
66730249,
66730980,
66732037,
66734446,
66735908,
66736805,
66736853,
66738517,
66741978,
66742385,
66742798,
66743387,
66748754,
66749257,
66750794,
66751731,
66753663,
66753822,
66757720,
66759190,
66760976,
66761338,
66761614,
66762244,
66764132,
66767040,
66767998,
66768832,
66770597,
66771849,
66775576,
66776366,
66778168,
66778432,
66780845,
66781952,
66783644,
66784501,
66785898,
66786695,
66787106,
66787198,
66787653,
66787758,
66788398,
66788483,
66788842,
66789836,
66789843,
66793539,
66795356,
66796212,
66796361,
66798750,
66801693,
66801906,
66807961,
66809409,
66809499,
66809558,
66809653,
66810602,
66812675,
66812840,
66812889,
66813013,
66813283,
66813415,
66813708,
66813849,
66813919,
66815183,
66815836,
66819006,
66821341,
66829587,
66831691,
66832199,
66832581,
66833473,
66841192,
66851309,
66855457,
66857818,
66857848,
66858049,
66858485,
66858663,
66859224,
66859368,
66859683,
66860071,
66860943,
66863013,
66863582,
66863654,
66868571,
66868949,
66868991,
66870220,
66870437,
66880004,
66887185,
66888537,
66890373,
66895962,
66897147,
66897197,
66898075,
66898507,
66900680,
66901179,
66901457,
66901875,
66901891,
66902834,
66904237,
66907531,
66908977,
66909512,
66911496,
66925343,
66927573,
66929529,
66929760,
66934291,
66934649,
66936779,
66937260,
66941140,
66941499,
66944522,
66944624,
66945237,
66945533,
66945773,
66947115,
66952635,
66954464,
66955750,
66956122,
66956576,
66957207,
66957505,
66958516,
66959603,
66961825,
66962672,
66965220,
66967876,
66970371,
66970704,
66970828,
66971422,
66971563,
66971582,
66972010,
66972322,
66972909,
66974616,
66976673,
66976965,
66985581,
66987506,
66988211,
66990193,
66993664,
66994398,
66998227,
67000627,
67000896,
67002387,
67003667,
67004008,
67006161,
67006593,
67006800,
67007784,
67010269,
67011091,
67011676,
67013100,
67013875,
67015410,
67015746,
67018971,
67019316,
67020012,
67021370,
67024323,
67024337,
67026000,
67027488,
67030873,
67031492,
67031826,
67034601,
67040667,
67040706,
67041396,
67042964,
67043718,
67044472,
67045418,
67046307,
67046792,
67047690,
67048123,
67048367,
67049133,
67049148,
67050801,
67050865,
67061251,
67062704,
67072046,
67078850,
67080534,
67082125,
67082546,
67083414,
67087826,
67096776,
67099396,
67103321,
67107370,
67109587,
67109868,
67119005,
67121312,
67124473,
67128817,
67129563,
67130700,
67133237,
67136506,
67142233,
67142878,
67145305,
67150236,
67151665,
67153081,
67161545,
67162999,
67165422,
67175845,
67184486,
67186310,
67192263,
67199892,
67201130,
67202076,
67207195,
67223325,
67223824,
67223937,
67224625,
67227707,
67229174,
67231720,
67233439,
67237662,
67237913,
67240862,
67243140,
67243692,
67244232,
67244351,
67244687,
67244923,
67245301,
67250191,
67253623,
67253699,
67266824,
67277286,
67277885,
67278245,
67280618,
67284336,
67298369,
67303041,
67311406,
67312685,
67319197,
67321724,
67333155,
67342806,
67368193,
67371055,
67371796,
67373116,
67379962,
67380964,
67383970,
67386524,
67388805,
67389154,
67389327,
67390837,
67392646,
67392989,
67395969,
67396876,
67401092,
67409724,
67417768,
67418026,
67423440,
67425240,
67425281,
67425415,
67425901,
67427764,
67428951,
67429547,
67431796,
67433208,
67433578,
67434859,
67435824,
67436714,
67437525,
67441752,
67444879,
67446207,
67446548,
67446686,
67447615,
67452693,
67452950,
67454923,
67460565,
67464072,
67464945,
67465907,
67465947,
67470027,
67471166,
67471639,
67472400,
67472711,
67472851,
67478683,
67479644,
67483619,
67485481,
67486261,
67487363,
67487401,
67487576,
67487757,
67487976,
67491805,
67492820,
67494252,
67496179,
67496284,
67496505,
67497458,
67497568,
67498450,
67498464,
67500838,
67501603,
67502222,
67502835,
67503796,
67503815,
67505404,
67507496,
67508258,
67508477,
67509486,
67509945,
67510336,
67510903,
67511182,
67511865,
67512226,
67512886,
67513947,
67514397,
67514635,
67514868,
67515218,
67515334,
67515364,
67515535,
67515569,
67515785,
67515948,
67516379,
67516434,
67517414,
67517758,
67518197,
67518704,
67520139,
67520237,
67526785,
67529434,
67529472,
67529822,
67530593,
67531403,
67532245,
67533022,
67533209,
67533669,
67533996,
67534443,
67536019,
67538943,
67539122,
67539350,
67541046,
67541202,
67541306,
67545423,
67550975,
67557153,
67557485,
67558103,
67559023,
67559563,
67559952,
67560416,
67561688,
67561785,
67564919,
67566621,
67572212,
67575071,
67575309,
67575939,
67576148,
67577538,
67582748,
67583453,
67584807,
67585197,
67586310,
67586541,
67587221,
67588053,
67588096,
67589596,
67589994,
67591380,
67591520,
67592851,
67595085,
67597812,
67599826,
67601947,
67602181,
67602863,
67602900,
67605130,
67605695,
67607224,
67610105,
67610360,
67611277,
67612214,
67612367,
67612916,
67613685,
67614291,
67615002,
67615706,
67615931,
67616165,
67616516,
67616833,
67617165,
67618178,
67618369,
67618441,
67620073,
67621536,
67621592,
67622004,
67623414,
67624114,
67625051,
67625873,
67629251,
67632189,
67632995,
67633549,
67633598,
67634739,
67634896,
67635093,
67635746,
67638335,
67638591,
67641166,
67642936,
67646363,
67646954,
67648278,
67653268,
67653457,
67655294,
67655899,
67658397,
67662031,
67678897,
67679033,
67682070,
67688527,
67698155,
67700296,
67700836,
67701539,
67703815,
67704826,
67710700,
67711947,
67714133,
67717834,
67721508,
67722076,
67723960,
67729021,
67729115,
67731593,
67732066,
67732915,
67735974,
67737731,
67737895,
67742208,
67744102,
67744137,
67744197,
67748588,
67755903,
67756341,
67756393,
67762145,
67763270,
67766450,
67766816,
67770837,
67774272,
67775835,
67776454,
67776494,
67778823,
67779904,
67779998,
67780028,
67781006,
67781355,
67781751,
67782315,
67782439,
67782600,
67783116,
67783335,
67783778,
67783981,
67786155,
67789492,
67795446,
67798052,
67802891,
67803466,
67804777,
67804961,
67805248,
67805282,
67806595,
67808266,
67808503,
67809581,
67810062,
67810852,
67811132,
67815436,
67818370,
67819502,
67827926,
67832874,
67838552,
67840617,
67841518,
67842694,
67842781,
67849572,
67849661,
67849663,
67851496,
67852344,
67853095,
67853931,
67854281,
67854436,
67854651,
67855588,
67856589,
67857322,
67860910,
67864815,
67871120,
67873821,
67878123,
67879863,
67880092,
67881415,
67881536,
67881552,
67883544,
67883906,
67885940,
67887625,
67888014,
67888337,
67890249,
67890810,
67891077,
67891361,
67891453,
67893537,
67894126,
67896437,
67899570,
67900980,
67914553,
67916730,
67918235,
67919375,
67921778,
67921902,
67922215,
67923059,
67923843,
67924431,
67925440,
67925803,
67925880,
67926604,
67926861,
67927645,
67928101,
67928757,
67934908,
67941963,
67946088,
67946476,
67947041,
67952682,
67952872,
67956399,
67957617,
67959125,
67960237,
67962379,
67967162,
67968200,
67968740,
67977230,
67983402,
67983921,
67984645,
67984665,
67985700,
67985844,
67986725,
67988056,
67990048,
67991275,
67992085,
67992231,
67993695,
67994345,
67996601,
68002233,
68005492,
68006090,
68008598,
68010852,
68015210,
68015228,
68016299,
68017125,
68018388,
68019316,
68020963,
68022864,
68024468,
68027841,
68032204,
68033255,
68033501,
68037426,
68038090,
68040233,
68041060,
68041535,
68042385,
68045131,
68045147,
68047408,
68049470,
68053862,
68064100,
68064862,
68067448,
68067859,
68067916,
68070301,
68071052,
68071928,
68071976,
68073380,
68073389,
68073658,
68074036,
68074127,
68074930,
68075498,
68075861,
68076704,
68077846,
68080601,
68081219,
68081878,
68092203,
68092654,
68096559,
68100286,
68102296,
68106294,
68108031,
68110540,
68110811,
68111705,
68113203,
68113687,
68114495,
68114543,
68114572,
68115061,
68115082,
68115209,
68115313,
68115752,
68116291,
68116804,
68119566,
68122198,
68122348,
68124096,
68125870,
68126970,
68137175,
68138296,
68139492,
68149101,
68154442,
68156381,
68157034,
68161230,
68164766,
68166297,
68170896,
68171660,
68177289,
68179222,
68181611,
68181747,
68188391,
68190764,
68193374,
68197086,
68198589,
68199079,
68199426,
68200583,
68201363,
68202006,
68202880,
68203305,
68206036,
68206125,
68207935,
68210053,
68218750,
68223438,
68229174,
68233917,
68237007,
68237559,
68237592,
68237830,
68238375,
68239222,
68239455,
68240468,
68242886,
68246802,
68247751,
68252194,
68252356,
68258053,
68258318,
68260861,
68260999,
68262579,
68264253,
68264489,
68270677,
68273488,
68273681,
68274948,
68275476,
68276322,
68278366,
68288657,
68290130,
68297522,
68299461,
68313506,
68316111,
68320807,
68321636,
68324608,
68326011,
68326846,
68329899,
68331170,
68331801,
68334590,
68336426,
68341436,
68345338,
68345615,
68345885,
68346151,
68348331,
68349160,
68350377,
68350670,
68350756,
68350885,
68353116,
68354420,
68355123,
68355852,
68357358,
68357566,
68357624,
68360946,
68361888,
68363965,
68364058,
68364350,
68365265,
68368233,
68370544,
68371455,
68371517,
68371568,
68372155,
68372676,
68373346,
68374558,
68374874,
68375151,
68375329,
68375361,
68376304,
68376472,
68377671,
68378911,
68380231,
68380275,
68381311,
68385632,
68385819,
68386306,
68389146,
68389939,
68390992,
68391396,
68393001,
68393101,
68393435,
68395819,
68396628,
68396772,
68396951,
68396957,
68397236,
68397653,
68397789,
68397800,
68397821,
68397846,
68398490,
68398892,
68398963,
68399194,
68399903,
68400464,
68400942,
68401111,
68402227,
68402667,
68403140,
68403419,
68405763,
68405936,
68406198,
68406371,
68406501,
68406576,
68409745,
68409910,
68410449,
68410585,
68410864,
68412217,
68412964,
68413322,
68413953,
68414051,
68414667,
68414879,
68416346,
68419585,
68420158,
68422049,
68422696,
68423519,
68423539,
68423542,
68424196,
68424870,
68427227,
68427412,
68429334,
68432161,
68433088,
68434351,
68434879,
68434992,
68435451,
68435707,
68435802,
68438552,
68438888,
68439429,
68441131,
68441766,
68441828,
68441864,
68442084,
68442123,
68442126,
68442507,
68442578,
68443232,
68443342,
68444232,
68444486,
68447130,
68447495,
68447890,
68448624,
68449410,
68451179,
68451755,
68453775,
68457143,
68458827,
68460444,
68461453,
68461951,
68465890,
68474275,
68479941,
68480091,
68483054,
68483456,
68487268,
68488991,
68489125,
68489204,
68490110,
68490224,
68490588,
68490986,
68491553,
68492752,
68492882,
68493175,
68493365,
68494126,
68495123,
68496144,
68496564,
68496592,
68497195,
68497719,
68500197,
68500274,
68502345,
68503708,
68504487,
68505071,
68509880,
68516668,
68517296,
68522238,
68522462,
68522496,
68526394,
68526417,
68527421,
68527509,
68528864,
68529069,
68529581,
68530477,
68531379,
68531502,
68531652,
68532859,
68538289,
68542839,
68546638,
68550431,
68555807,
68566935,
68570881,
68571655,
68580825,
68638132,
68646274,
68653494,
68664098,
68671197,
68686128,
68686835,
68686947,
68688815,
68690001,
68690345,
68690951,
68715128,
68734903,
68740169,
68744921,
68747378,
68751121,
68754741,
68755697,
68756052,
68758809,
68759290,
68760224,
68763346,
68767386,
68772688,
68772783,
68772984,
68773432,
68775441,
68777059,
68778270,
68782012,
68783909,
68785353,
68786148,
68794685,
68801839,
68805964,
68813381,
68815508,
68825711,
68831111,
68835682,
68838199,
68841625,
68845204,
68845623,
68847049,
68849859,
68850425,
68850962,
68852876,
68853702,
68854167,
68855306,
68855965,
68856767,
68858374,
68863661,
68864308,
68865436,
68865709,
68867263,
68867676,
68868869,
68871797,
68872440,
68872626,
68873104,
68873400,
68875532,
68878910,
68880449,
68884588,
68890487,
68890549,
68891080,
68891313,
68892536,
68893854,
68893982,
68895177,
68895968,
68895994,
68896901,
68897507,
68900557,
68900815,
68908775,
68909444,
68909483,
68909861,
68909891,
68909904,
68909907,
68911677,
68912156,
68913550,
68915557,
68915596,
68917272,
68918189,
68918742,
68920759,
68921295,
68922825,
68925007,
68925660,
68927440,
68927983,
68929913,
68930662,
68934863,
68935407,
68937151,
68946588,
68947244,
68947551,
68949239,
68949444,
68951833,
68953090,
68955784,
68957609,
68959288,
68960614,
68960810,
68960852,
68960865,
68961764,
68961927,
68961937,
68961974,
68962049,
68962082,
68962246,
68963209,
68963425,
68963450,
68964296,
68966953,
68967293,
68967715,
68968023,
68969568,
68970198,
68970908,
68971790,
68972064,
68972335,
68973551,
68974034,
68974264,
68975896,
68976325,
68976975,
68980265,
68980995,
68981018,
68981755,
68982155,
68982271,
68982638,
68983212,
68984480,
68986359,
68989055,
68989935,
68992401,
68993695,
68996795,
69000299,
69001230,
69001689,
69003813,
69005626,
69005999,
69006652,
69011232,
69012039,
69014253,
69015436,
69015691,
69016580,
69017414,
69018004,
69021100,
69023262,
69023740,
69026696,
69028822,
69030719,
69037262,
69041106,
69042023,
69043000,
69045294,
69048275,
69050636,
69058516,
69061106,
69061135,
69061660,
69062398,
69064394,
69068013,
69069696,
69072086,
69073292,
69074470,
69075700,
69076546,
69079897,
69080680,
69083989,
69086294,
69094855,
69096012,
69100111,
69100227,
69100237,
69100390,
69101211,
69102271,
69104214,
69105494,
69107435,
69110514,
69112707,
69114241,
69115548,
69115779,
69116912,
69117479,
69117753,
69119338,
69120215,
69120837,
69121120,
69122861,
69123972,
69123979,
69124056,
69124189,
69124253,
69124643,
69125088,
69125126,
69125643,
69126475,
69128199,
69128407,
69129330,
69129582,
69129998,
69130055,
69130142,
69130244,
69130462,
69130476,
69130870,
69130921,
69131143,
69131145,
69131765,
69131821,
69132214,
69132388,
69133151,
69133997,
69136359,
69136467,
69137430,
69138147,
69138833,
69138874,
69139153,
69140636,
69141273,
69141663,
69144803,
69147001,
69147488,
69147638,
69148557,
69149161,
69149739,
69151424,
69151780,
69152720,
69153340,
69154378,
69154741,
69161097,
69161776,
69173074,
69177930,
69179233,
69180302,
69180891,
69184622,
69185075,
69185172,
69186336,
69187117,
69187270,
69187333,
69187420,
69187441,
69187629,
69187895,
69187915,
69188120,
69188456,
69188623,
69189584,
69189967,
69192658,
69194139,
69195031,
69196034,
69197307,
69197723,
69199688,
69203127,
69203433,
69204583,
69204655,
69205181,
69205275,
69206208,
69206991,
69207398,
69208687,
69212042,
69212437,
69213217,
69214309,
69214705,
69216758,
69217521,
69218481,
69218859,
69219119,
69219559,
69219713,
69219936,
69220593,
69221309,
69222545,
69225955,
69226862,
69233481,
69248534,
69249370,
69250270,
69251454,
69253497,
69254465,
69257919,
69259365,
69260406,
69261386,
69267788,
69275444,
69277879,
69278520,
69289721,
69290333,
69290346,
69293270,
69309973,
69315340,
69321676,
69326910,
69328148,
69329785,
69331128,
69333069,
69340860,
69341711,
69346686,
69347450,
69350233,
69350323,
69354053,
69355974,
69357058,
69362498,
69363648,
69364150,
69369206,
69373964,
69377292,
69382518,
69384991,
69388987,
69396525,
69396999,
69398436,
69401028,
69401075,
69401242,
69403847,
69405443,
69405909,
69406114,
69412350,
69412830,
69412966,
69414615,
69415084,
69416427,
69416722,
69417588,
69417789,
69422045,
69427633,
69430243,
69430714,
69431627,
69432211,
69432248,
69432312,
69432761,
69433094,
69433877,
69434255,
69435754,
69437256,
69437457,
69437854,
69438203,
69438286,
69438611,
69438688,
69439080,
69439653,
69439845,
69441182,
69441433,
69441852,
69446699,
69448862,
69450907,
69452785,
69457593,
69458228,
69458704,
69460153,
69461076,
69461355,
69461419,
69463848,
69464782,
69466915,
69468458,
69470783,
69472333,
69474030,
69474629,
69474912,
69478314,
69483178,
69487396,
69488264,
69494036,
69496513,
69501407,
69505164,
69507451,
69514368,
69536702,
69537978,
69542119,
69564502,
69570090,
69572975,
69574081,
69579611,
69585317,
69586247,
69593007,
69598684,
69605152,
69608707,
69609658,
69611753,
69612538,
69612720,
69613994,
69615286,
69616126,
69618479,
69620933,
69621221,
69623151,
69623966,
69624875,
69625280,
69626169,
69626212,
69626393,
69626904,
69627624,
69628206,
69628622,
69629589,
69629637,
69629669,
69630118,
69630242,
69631641,
69631706,
69632190,
69635555,
69637610,
69639181,
69640435,
69642267,
69644125,
69644727,
69647341,
69648193,
69653570,
69655341,
69661811,
69663053,
69664693,
69667005,
69670514,
69671845,
69672411,
69672499,
69673985,
69677973,
69679135,
69679437,
69680711,
69683866,
69684794,
69688576,
69688977,
69693158,
69696548,
69696714,
69701788,
69704084,
69704805,
69704840,
69705332,
69705620,
69706944,
69707674,
69707908,
69708385,
69709838,
69710389,
69712058,
69714385,
69718926,
69719220,
69723465,
69733351,
69744446,
69769813,
69783707,
69790002,
69797109,
69812219,
69818716,
69820379,
69822179,
69824870,
69825840,
69831997,
69832763,
69838517,
69840153,
69841945,
69849588,
69864891,
69865356,
69866994,
69868603,
69869312,
69869790,
69873319,
69873939,
69874584,
69875785,
69875853,
69876531,
69878113,
69880204,
69880310,
69882839,
69882989,
69885638,
69888002,
69890589,
69891488,
69893145,
69893428,
69898107,
69899066,
69904264,
69908200,
69909442,
69911079,
69911539,
69912337,
69916765,
69917141,
69917288,
69918370,
69919382,
69919392,
69919501,
69921278,
69921591,
69922000,
69923945,
69924447,
69925610,
69926345,
69926473,
69928801,
69929012,
69929025,
69929611,
69931431,
69931541,
69938046,
69938312,
69946331,
69947782,
69948853,
69957632,
69957903,
69958240,
69959018,
69966065,
69967905,
69968052,
69969974,
69970695,
69971507,
69972059,
69972931,
69973013,
69973558,
69974833,
69975465,
69976137,
69976855,
69980870,
69981325,
69982556,
69987574,
69989214,
69989692,
69989939,
69990825,
69990867,
69991224,
69991542,
69998275,
69998804,
69998930,
70000466,
70000779,
70003384,
70004191,
70005114,
70005609,
70005933,
70006788,
70006824,
70007311,
70009525,
70011189,
70011337,
70011939,
70013104,
70025555,
70026281,
70027447,
70028122,
70028576,
70028699,
70028824,
70029268,
70029988,
70030903,
70031800,
70033648,
70033915,
70035205,
70036134,
70036175,
70036683,
70037115,
70039413,
70041226,
70046150,
70047204,
70049442,
70049703,
70050147,
70050427,
70051069,
70051107,
70051201,
70051680,
70052294,
70052882,
70063967,
70070297,
70072140,
70075892,
70077349,
70081107,
70081268,
70104822,
70105992,
70107167,
70116092,
70121014,
70121099,
70122029,
70123942,
70124055,
70126289,
70131252,
70139847,
70148025,
70157911,
70167397,
70167916,
70170084,
70170603,
70206070,
70225494,
70233303,
70238184,
70239332,
70241816,
70252554,
70292282,
70319742,
70346413,
70363560,
70385933,
70391265,
70393765,
70394145,
70397834,
70400789,
70404562,
70405023,
70405340,
70406553,
70408440,
70408923,
70409234,
70409893,
70411417,
70412246,
70413200,
70414715,
70415654,
70421288,
70421738,
70422767,
70423209,
70423498,
70423607,
70424165,
70425287,
70427892,
70430207,
70435012,
70435168,
70435627,
70436556,
70437446,
70437575,
70440087,
70441344,
70441971,
70442340,
70443038,
70443341,
70443632,
70444072,
70444199,
70444315,
70446396,
70447109,
70448098,
70449024,
70449368,
70453052,
70453837,
70456841,
70463309,
70467164,
70468815,
70470626,
70470693,
70474248,
70475844,
70476157,
70476583,
70476675,
70478077,
70484509,
70485683,
70486642,
70488946,
70504727,
70508768,
70508831,
70511477,
70511727,
70512933,
70513989,
70514077,
70514775,
70516357,
70516943,
70519286,
70519415,
70520037,
70524404,
70528987,
70533475,
70536280,
70537590,
70538791,
70539906,
70541180,
70541370,
70542800,
70543662,
70545287,
70546902,
70547459,
70548562,
70548868,
70550173,
70550250,
70550469,
70550839,
70550870,
70550933,
70551962,
70553300,
70554289,
70554337,
70554464,
70555467,
70555839,
70556963,
70557156,
70558166,
70559201,
70559675,
70559919,
70561516,
70562152,
70562180,
70563285,
70563412,
70563528,
70564368,
70564386,
70564498,
70564746,
70565223,
70565294,
70565325,
70565476,
70565763,
70566060,
70566290,
70566926,
70567698,
70569605,
70569838,
70570352,
70570969,
70571698,
70572963,
70575800,
70575858,
70576965,
70577144,
70578120,
70579325,
70579815,
70580634,
70580855,
70581282,
70584443,
70584809,
70586244,
70589772,
70590114,
70590238,
70590261,
70594397,
70594938,
70595362,
70596273,
70597556,
70598836,
70601530,
70602240,
70602396,
70602405,
70602613,
70603321,
70604657,
70607876,
70609112,
70609579,
70611588,
70614766,
70618737,
70618884,
70620078,
70620814,
70621019,
70621350,
70621499,
70621545,
70621888,
70622158,
70622559,
70622725,
70622860,
70623051,
70623742,
70624412,
70628900,
70629102,
70631078,
70631570,
70633942,
70634079,
70635502,
70635650,
70637680,
70641565,
70642092,
70643246,
70645892,
70646355,
70649515,
70660634,
70667945,
70671401,
70682284,
70686987,
70688174,
70689726,
70689822,
70689911,
70692645,
70693446,
70701174,
70701670,
70701786,
70702054,
70702690,
70702720,
70702858,
70703190,
70705213,
70706155,
70706520,
70706859,
70707122,
70707751,
70709682,
70713758,
70716468,
70719774,
70720281,
70729667,
70732771,
70738002,
70739690,
70741741,
70741878,
70742831,
70743645,
70745883,
70748212,
70749127,
70749175,
70749695,
70749977,
70750023,
70750316,
70752824,
70753114,
70754354,
70754882,
70756877,
70757681,
70758099,
70759432,
70760185,
70761159,
70764353,
70764623,
70768370,
70769926,
70773747,
70773801,
70775640,
70777545,
70778394,
70779299,
70779535,
70783317,
70784690,
70785132,
70785139,
70786756,
70788331,
70788374,
70788414,
70790820,
70791632,
70792265,
70792674,
70792725,
70796455,
70797460,
70798347,
70799800,
70802521,
70803467,
70807590,
70812574,
70813379,
70817656,
70818168,
70823911,
70825907,
70832699,
70832829,
70833003,
70833331,
70833394,
70837442,
70840127,
70842829,
70844858,
70848680,
70853984,
70854699,
70855767,
70856215,
70861075,
70861244,
70861897,
70872177,
70875973,
70887068,
70887749,
70887993,
70888082,
70888303,
70888605,
70888748,
70888863,
70888933,
70890876,
70891997,
70894085,
70894369,
70894695,
70894857,
70895154,
70895627,
70895775,
70899455,
70902792,
70904498,
70904781,
70904894,
70906449,
70908554,
70914453,
70916561,
70917325,
70919938,
70921892,
70934443,
70935754,
70959184,
70964458,
70974257,
70977520,
70977666,
70978609,
70979948,
70983782,
70984516,
70985668,
70988137,
70991395,
70995595,
70996437,
70997994,
70998755,
71000398,
71000783,
71004007,
71004612,
71005174,
71007238,
71008575,
71010120,
71011425,
71015480,
71016401,
71024400,
71026213,
71032941,
71037513,
71046403,
71049138,
71056030,
71056363,
71062329,
71062478,
71065283,
71071892,
71106385,
71110433,
71129106,
71132633,
71132812,
71145865,
71146134,
71150779,
71151492,
71151809,
71155109,
71172973,
71173175,
71174567,
71186853,
71187838,
71188027,
71191962,
71192521,
71195465,
71198197,
71199260,
71219091,
71219495,
71221402,
71226344,
71229124,
71244518,
71258382,
71262766,
71264351,
71268508,
71269321,
71269654,
71271514,
71272405,
71272771,
71273241,
71274336,
71275861,
71276566,
71277295,
71279367,
71279827,
71284187,
71284325,
71284864,
71286428,
71287223,
71288144,
71294221,
71294431,
71294861,
71297152,
71297374,
71297828,
71297867,
71299337,
71303576,
71304145,
71308925,
71313440,
71316975,
71320885,
71327190,
71332377,
71333261,
71334135,
71339734,
71341746,
71342959,
71346259,
71347283,
71348209,
71349207,
71349585,
71350512,
71350841,
71351320,
71351597,
71353149,
71353459,
71357071,
71357268,
71371322,
71372516,
71373240,
71374387,
71376356,
71383140,
71389440,
71395721,
71417791,
71419099,
71425158,
71426771,
71428905,
71438786,
71439900,
71441768,
71443858,
71445404,
71447652,
71448609,
71448633,
71448822,
71449010,
71455495,
71458391,
71465468,
71466349,
71467299,
71467405,
71470058,
71471658,
71476110,
71476482,
71481548,
71488215,
71507768,
71511009,
71514541,
71517683,
71517740,
71519008,
71522800,
71523284,
71527125,
71529191,
71538521,
71541009,
71542271,
71542746,
71545555,
71545655,
71545992,
71546079,
71546504,
71546575,
71546791,
71547709,
71549467,
71549669,
71549756,
71550425,
71551107,
71551791,
71553392,
71554394,
71556968,
71557082,
71559301,
71559909,
71562177,
71562232,
71572035,
71574090,
71574865,
71577280,
71579729,
71581062,
71600301,
71613018,
71614640,
71615983,
71621269,
71634763,
71640350,
71641782,
71645154,
71661189,
71664635,
71670066,
71671548,
71672207,
71677264,
71680954,
71695259,
71696297,
71697244,
71704516,
71708266,
71714206,
71718819,
71721163,
71722111,
71724477,
71726681,
71727228,
71728640,
71729054,
71731504,
71732066,
71749082,
71749739,
71758947,
71763441,
71770614,
71786583,
71788124,
71788811,
71791903,
71792876,
71798364,
71801911,
71803497,
71803793,
71806581,
71807925,
71809429,
71815745,
71818891,
71823105,
71828595,
71830515,
71832830,
71833996,
71836722,
71838555,
71839559,
71842386,
71864804,
71866298,
71892335,
71896819,
71899385,
71899434,
71899501,
71908552,
71909545,
71912287,
71922152,
71924027,
71924048,
71926975,
71928594,
71928662,
71929113,
71929326,
71929633,
71929752,
71930053,
71930590,
71930698,
71933241,
71934964,
71936058,
71938142,
71938372,
71939789,
71942013,
71942074,
71942292,
71942988,
71944847,
71946292,
71948503,
71949097,
71950837,
71954225,
71957009,
71966483,
71972405,
71972525,
71974790,
71979081,
71982934,
71991719,
72000501,
72000518,
72003215,
72005418,
72007182,
72008405,
72011278,
72013696,
72014216,
72015655,
72015767,
72016001,
72016240,
72016298,
72016511,
72017764,
72018713,
72018729,
72019228,
72020782,
72022089,
72022454,
72023777,
72025046,
72025525,
72026270,
72032173,
72036533,
72042692,
72058260,
72067361,
72076220,
72078183,
72085830,
72089866,
72098323,
72100605,
72101382,
72109906,
72112628,
72113799,
72114998,
72115064,
72121481,
72132068,
72138720,
72141424,
72144648,
72146919,
72152684,
72154451,
72155562,
72165353,
72165736,
72165965,
72172533,
72175965,
72178121,
72179199,
72181508,
72185676,
72192173,
72204821,
72207512,
72208052,
72208264,
72213033,
72215296,
72215587,
72215875,
72215906,
72216219,
72219760,
72220716,
72221770,
72222452,
72225407,
72226341,
72227414,
72228399,
72229002,
72229433,
72230307,
72231127,
72233749,
72234071,
72234257,
72235598,
72237803,
72238237,
72238530,
72239070,
72239992,
72242213,
72246578,
72248003,
72248083,
72249686,
72250016,
72251064,
72252114,
72252526,
72253069,
72253436,
72254296,
72257956,
72261335,
72262144,
72262280,
72263601,
72266002,
72272837,
72273769,
72273906,
72274753,
72284622,
72289169,
72292362,
72294070,
72297298,
72298367,
72298695,
72299565,
72300910,
72301182,
72303289,
72304580,
72306807,
72308720,
72309108,
72309533,
72309698,
72309749,
72309773,
72310117,
72310310,
72311642,
72312035,
72317518,
72317708,
72317802,
72318228,
72318527,
72319272,
72332339,
72338733,
72339917,
72340016,
72340393,
72348588,
72348875,
72350067,
72352117,
72352347,
72359127,
72365267,
72369597,
72385941,
72397339,
72411989,
72421129,
72422151,
72433533,
72444160,
72449877,
72450472,
72454925,
72454992,
72455857,
72466693,
72467139,
72468557,
72473411,
72474555,
72477103,
72484215,
72486089,
72488235,
72490786,
72491395,
72491773,
72500137,
72509520,
72515466,
72518557,
72519986,
72550191,
72553322,
72556006,
72561464,
72580865,
72586449,
72600588,
72603998,
72612126,
72613465,
72618134,
72619694,
72622567,
72628299,
72632645,
72634890,
72636672,
72644658,
72657688,
72660687,
72666601,
72668464,
72668815,
72672088,
72673759,
72673791,
72682250,
72684646,
72687925,
72692204,
72698353,
72700046,
72702143,
72706420,
72707891,
72712745,
72716206,
72718181,
72723102,
72725829,
72726008,
72726423,
72727100,
72727185,
72728034,
72730329,
72731398,
72734535,
72737034,
72746971,
72748276,
72752115,
72756704,
72758306,
72758317,
72758686,
72759121,
72765259,
72768018,
72768691,
72769682,
72770021,
72771159,
72771654,
72778497,
72779803,
72780041,
72780372,
72784634,
72793519,
72795478,
72803507,
72809633,
72820376,
72823114,
72823721,
72823860,
72825647,
72826863,
72830808,
72837598,
72837971,
72838559,
72838928,
72839335,
72839481,
72840833,
72856838,
72865333,
72877764,
72881619,
72891000,
72891814,
72895094,
72901554,
72901833,
72915621,
72917986,
72927486,
72947713,
72951733,
72958440,
72958649,
72959787,
72963461,
72968353,
72979308,
72980905,
72984211,
72984606,
72987925,
72989619,
72991413,
72993863,
72996303,
72998302,
73000534,
73021333,
73028088,
73046928,
73047329,
73047401,
73047964,
73048258,
73048714,
73048923,
73049664,
73050809,
73054933,
73055214,
73057045,
73082614,
73092418,
73097069,
73097393,
73097580,
73098086,
73100015,
73100024,
73100380,
73100977,
73102315,
73103859,
73103966,
73109183,
73109691,
73113975,
73125634,
73129910,
73130012,
73131844,
73132973,
73134844,
73139883,
73142634,
73145709,
73157771,
73157790,
73157950,
73166459,
73173888,
73174326,
73175952,
73176112,
73176273,
73188179,
73192205,
73196470,
73206126,
73207002,
73207351,
73209977,
73227198,
73233795,
73242740,
73247412,
73247830,
73252420,
73276074,
73277495,
73277941,
73279957,
73280777,
73291545,
73292516,
73294149,
73295655,
73296570,
73298427,
73298750,
73299905,
73300468,
73300512,
73308156,
73315237,
73340218,
73344034,
73362354,
73366881,
73367041,
73367530,
73367771,
73369566,
73369608,
73369846,
73370280,
73370919,
73371628,
73376013,
73380105,
73383103,
73392172,
73422812,
73422979,
73424799,
73445253,
73446189,
73459750,
73490500,
73514142,
73521900,
73559692,
73567437,
73569763,
73571521,
73591459,
73596871,
73597930,
73612620,
73613009,
73618287,
73630811,
73633681,
73640736,
73653643,
73658155,
73659474,
73661461,
73669345,
73670286,
73676364,
73678488,
73678781,
73679611,
73683536,
73694027,
73696489,
73701773,
73719247,
73722483,
73723129,
73729304,
73732973,
73733999,
73735538,
73741010,
73741681,
73753940,
73756944,
73798694,
73848783,
73893360,
73903936,
73913759,
73938943,
73945591,
73956683,
73965020,
74009199,
74034535,
74035329,
74045257,
74051689,
74102536,
74146956,
74157001,
74182278,
74185442,
74194670,
74198350,
74198927,
74204221,
74208168,
74210308,
74222988,
74242262,
74258016,
74262065,
74272956,
74285273,
74292793,
74296511,
74320488,
74326247,
74328549,
74335708,
74338133,
74339266,
74355695,
74356077,
74365120,
74366847,
74367871,
74371179,
74371511,
74372640,
74376256,
74377325,
74396360,
74405526,
74423548,
74425790,
74426029,
74432569,
74438409,
74438873,
74441326,
74442841,
74450199,
74452714,
74454584,
74456103,
74456425,
74456785,
74456902,
74457452,
74459621,
74463315,
74464176,
74480570,
74481126,
74482271,
74483771,
74491436,
74503994,
74510629,
74518932,
74529276,
74540962,
74546603,
74554735,
74559740,
74562253,
74563209,
74563539,
74565058,
74570409,
74571763,
74572256,
74580849,
74581430,
74581953,
74583153,
74584411,
74584901,
74585884,
74588102,
74591211,
74592227,
74601979,
74608352,
74614853,
74616456,
74618882,
74621181,
74629059,
74630218,
74634341,
74636132,
74639162,
74642367,
74644905,
74648789,
74650524,
74653588,
74654027,
74657319,
74657755,
74658257,
74659080,
74659443,
74659817,
74660013,
74660272,
74660706,
74660812,
74661537,
74661926,
74663906,
74666051,
74673280,
74674552,
74677530,
74677926,
74681950,
74683950,
74687261,
74687549,
74695694,
74697977,
74700525,
74701383,
74701622,
74703922,
74712191,
74719672,
74722249,
74723228,
74725057,
74731667,
74733534,
74747918,
74750203,
74750324,
74750690,
74756558,
74760028,
74760491,
74761253,
74766989,
74769247,
74769316,
74770899,
74775894,
74777468,
74779530,
74780681,
74785375,
74791866,
74792822,
74798029,
74798030,
74799145,
74799260,
74800722,
74800786,
74800977,
74801261,
74806589,
74807078,
74807251,
74808878,
74811323,
74820128,
74823215,
74825960,
74827616,
74831879,
74838201,
74839478,
74844289,
74852280,
74853296,
74854944,
74865487,
74881415,
74885068,
74886916,
74898165,
74906064,
74913719,
74917554,
74917942,
74918350,
74921264,
74941246,
74960470,
74965631,
74966447,
74966964,
74984587,
74986025,
74986730,
74996813,
75002896,
75007139,
75011836,
75013231,
75019345,
75025937,
75027257,
75027949,
75028424,
75029916,
75032110,
75044882,
75045706,
75049507,
75049601,
75052267,
75052789,
75052953,
75053175,
75054169,
75057446,
75058971,
75059261,
75064383,
75064702,
75069763,
75070745,
75071863,
75072971,
75074115,
75075909,
75077078,
75085598,
75093675,
75097836,
75098656,
75107009,
75107523,
75108818,
75109613,
75109785,
75110285,
75114514,
75120842,
75127149,
75127581,
75129917,
75148237,
75148413,
75150060,
75153297,
75153553,
75155210,
75156938,
75161523,
75162473,
75163345,
75164168,
75166646,
75166915,
75169659,
75169733,
75170276,
75170569,
75171170,
75171336,
75171860,
75171942,
75171954,
75173209,
75173896,
75174618,
75174967,
75181527,
75183085,
75183963,
75187589,
75190420,
75190869,
75197017,
75199158,
75199460,
75206756,
75208669,
75215535,
75216454,
75218231,
75220853,
75224935,
75226117,
75228936,
75234784,
75236385,
75251245,
75253362,
75257428,
75260697,
75261076,
75261315,
75262729,
75263194,
75263986,
75264788,
75264941,
75265547,
75267533,
75270265,
75270874,
75274411,
75275744,
75279966,
75285231,
75289015,
75290177,
75297006,
75298480,
75299187,
75301883,
75302146,
75302649,
75305291,
75306910,
75310990,
75311157,
75313615,
75321549,
75325903,
75331230,
75331809,
75344286,
75347102,
75352053,
75366626,
75373560,
75375088,
75376771,
75397036,
75408861,
75430202,
75450523,
75467306,
75468714,
75470485,
75473784,
75474168,
75474499,
75487237,
75494470,
75502907,
75503335,
75503707,
75516526,
75516553,
75517537,
75541376,
75541449,
75550244,
75553863,
75565077,
75569131,
75579176,
75579859,
75580662,
75582383,
75586938,
75587572,
75588106,
75594678,
75606836,
75623180,
75624147,
75624559,
75625087,
75625830,
75628043,
75628369,
75635198,
75635952,
75637811,
75639279,
75639481,
75639936,
75641211,
75641664,
75642633,
75642874,
75643589,
75645600,
75645702,
75645764,
75646148,
75646611,
75646613,
75646863,
75647331,
75647500,
75647585,
75648356,
75648911,
75649193,
75649281,
75649839,
75653832,
75654010,
75655057,
75655244,
75657983,
75658625,
75659637,
75660342,
75661273,
75661407,
75662244,
75662288,
75663851,
75664025,
75664030,
75664383,
75664565,
75666026,
75666502,
75666749,
75667532,
75668099,
75668967,
75670133,
75670177,
75670447,
75670564,
75673236,
75676969,
75677112,
75678986,
75679384,
75685221,
75686033,
75686450,
75691054,
75695412,
75695699,
75697420,
75698655,
75701725,
75705610,
75705760,
75706573,
75706969,
75709927,
75710102,
75710528,
75710932,
75711123,
75713354,
75714533,
75715682,
75716033,
75716970,
75717464,
75718188,
75718966,
75719743,
75719955,
75720004,
75720053,
75720205,
75720406,
75720599,
75720811,
75721091,
75721112,
75722682,
75723172,
75723664,
75724437,
75724519,
75725361,
75726841,
75726963,
75729727,
75731530,
75734130,
75735305,
75735575,
75735628,
75736735,
75736970,
75737223,
75737913,
75738117,
75738324,
75738969,
75739115,
75739358,
75739694,
75741415,
75741888,
75742024,
75742188,
75742974,
75744596,
75745958,
75747380,
75753674,
75760548,
75765981,
75768412,
75773179,
75774143,
75774219,
75776149,
75781037,
75783377,
75783641,
75785162,
75785210,
75785543,
75785554,
75787024,
75790609,
75792977,
75797168,
75797203,
75797413,
75799886,
75801467,
75805018,
75805497,
75807079,
75807149,
75808277,
75809724,
75810949,
75810960,
75812347,
75813660,
75816744,
75818602,
75818803,
75819471,
75821973,
75822461,
75824810,
75824818,
75826837,
75829901,
75832049,
75833471,
75838634,
75842420,
75844206,
75846950,
75847357,
75847407,
75851736,
75853172,
75853762,
75856272,
75856646,
75858981,
75859189,
75860757,
75861625,
75862849,
75863100,
75864454,
75864771,
75864866,
75866093,
75867090,
75867438,
75869016,
75870721,
75871698,
75872222,
75872731,
75873700,
75874755,
75876252,
75876975,
75878194,
75878896,
75879911,
75882811,
75884728,
75886535,
75888660,
75890132,
75892387,
75893122,
75893420,
75893458,
75897775,
75898107,
75898821,
75899336,
75899410,
75899655,
75899813,
75899879,
75900874,
75901900,
75903511,
75906843,
75907626,
75908223,
75908339,
75909090,
75909602,
75909615,
75909978,
75910849,
75911194,
75911720,
75912570,
75913880,
75914830,
75915840,
75916180,
75918815,
75919047,
75919236,
75919747,
75920625,
75922044,
75925742,
75925836,
75927488,
75929210,
75929415,
75931788,
75932492,
75933920,
75945440,
75945455,
75950825,
75952309,
75955283,
75956481,
75956927,
75957234,
75957550,
75958918,
75959007,
75959552,
75960336,
75963905,
75966072,
75969783,
75970830,
75972074,
75972239,
75973193,
75973924,
75974352,
75976137,
75976717,
75977276,
75982880,
75985249,
75985314,
75987641,
75991126,
75992024,
75995234,
75997067,
76000586,
76001204,
76001844,
76002394,
76002410,
76002590,
76003867,
76004682,
76004854,
76004952,
76005385,
76005830,
76006115,
76006242,
76006351,
76008481,
76009143,
76009221,
76009603,
76009924,
76010011,
76010401,
76010767,
76010912,
76011109,
76012020,
76014616,
76014791,
76015180,
76016209,
76019713,
76019980,
76021259,
76021334,
76022724,
76023133,
76023509,
76024111,
76024297,
76025394,
76026225,
76027473,
76027868,
76027918,
76028086,
76028198,
76029218,
76030219,
76030333,
76030372,
76031695,
76032600,
76032845,
76033096,
76033698,
76034753,
76035721,
76035996,
76038725,
76043910,
76045878,
76045953,
76049126,
76052527,
76058310,
76061933,
76067265,
76068831,
76069770,
76072449,
76083175,
76084160,
76087229,
76087580,
76094128,
76096094,
76098052,
76099274,
76101331,
76105899,
76113649,
76114205,
76115029,
76115364,
76115751,
76115855,
76115955,
76116182,
76116323,
76116573,
76116836,
76119994,
76120814,
76123101,
76124440,
76125420,
76126324,
76126426,
76126448,
76126683,
76127425,
76127997,
76128467,
76128638,
76128835,
76129038,
76129143,
76129453,
76129482,
76129651,
76129874,
76130080,
76130164,
76130522,
76130558,
76130676,
76130895,
76132329,
76136589,
76136641,
76139182,
76143173,
76143997,
76145458,
76145756,
76146504,
76146838,
76147923,
76149285,
76151914,
76152244,
76154214,
76156757,
76156916,
76159103,
76164103,
76170029,
76173475,
76175500,
76180077,
76180151,
76183086,
76184057,
76186022,
76186716,
76187258,
76189764,
76194545,
76195941,
76198624,
76199248,
76206924,
76210889,
76211626,
76214120,
76221629,
76224339,
76226806,
76228359,
76233664,
76233823,
76237917,
76238727,
76238809,
76239032,
76239247,
76239358,
76239458,
76239516,
76239988,
76240242,
76240718,
76243593,
76245838,
76249583,
76256122,
76256505,
76256675,
76256779,
76257572,
76259223,
76260464,
76267820,
76269714,
76272115,
76279036,
76286579,
76288503,
76291377,
76293637,
76295237,
76299929,
76300470,
76301257,
76302200,
76303120,
76307496,
76312384,
76318757,
76324127,
76327059,
76327586,
76331028,
76338212,
76339813,
76343603,
76344761,
76361645,
76367829,
76420091,
76428253,
76449686,
76462439,
76492094,
76518105,
76529411,
76539593,
76553273,
76554579,
76555664,
76559261,
76559593,
76560248,
76561528,
76563517,
76570140,
76585217,
76595161,
76598807,
76600468,
76607070,
76615279,
76637428,
76638848,
76647674,
76652108,
76660121,
76660454,
76665778,
76666950,
76669516,
76673631,
76675424,
76679976,
76685009,
76687018,
76691758,
76693992,
76695100,
76696621,
76697276,
76698627,
76700737,
76701920,
76702043,
76702087,
76704211,
76704368,
76704793,
76705118,
76705300,
76706053,
76706530,
76706559,
76706984,
76707054,
76707342,
76707532,
76707598,
76708284,
76709068,
76710848,
76710923,
76713477,
76713557,
76714405,
76717656,
76718589,
76722364,
76723539,
76728952,
76731094,
76731146,
76732260,
76732382,
76732559,
76732612,
76737647,
76738795,
76739383,
76739424,
76739631,
76740024,
76740370,
76742701,
76743066,
76743138,
76743482,
76746018,
76747658,
76749036,
76750557,
76752522,
76759798,
76760574,
76761193,
76762920,
76766557,
76778013,
76789720,
76790660,
76791829,
76796184,
76797477,
76814103,
76819134,
76821007,
76825524,
76827905,
76845219,
76849024,
76853369,
76853948,
76863642,
76863827,
76865986,
76868611,
76869432,
76871283,
76871618,
76871788,
76875918,
76876767,
76877082,
76879429,
76880521,
76883034,
76884976,
76886593,
76894565,
76894654,
76896520,
76898037,
76899696,
76901029,
76902470,
76903407,
76904008,
76904019,
76905617,
76906140,
76906666,
76913381,
76919434,
76919913,
76920273,
76920416,
76921148,
76922236,
76924003,
76925322,
76925752,
76927800,
76928052,
76928983,
76929183,
76930335,
76932549,
76937895,
76944512,
76947336,
76949499,
76954106,
76954446,
76955638,
76963818,
76969801,
76972513,
76978376,
76984983,
76991398,
76992728,
76992759,
76993028,
76994137,
76996548,
77000763,
77001619,
77002663,
77002948,
77003229,
77003457,
77003917,
77005300,
77006637,
77006943,
77010393,
77010741,
77011215,
77011562,
77012121,
77012433,
77013444,
77013710,
77014460,
77015577,
77017067,
77018520,
77020580,
77020739,
77022186,
77023563,
77025812,
77026929,
77027607,
77032411,
77033674,
77034170,
77036988,
77036994,
77038243,
77040907,
77041201,
77042010,
77042263,
77042367,
77044655,
77044826,
77048223,
77048630,
77049510,
77049908,
77051305,
77051947,
77052519,
77052768,
77054327,
77054337,
77054398,
77054938,
77055733,
77056009,
77056505,
77056632,
77057369,
77058111,
77059445,
77061746,
77065806,
77066348,
77067121,
77067418,
77069034,
77070557,
77070785,
77071392,
77072261,
77074907,
77077620,
77078247,
77078366,
77079146,
77080424,
77082562,
77082630,
77087631,
77088107,
77098293,
77099616,
77106530,
77107584,
77108128,
77108779,
77108999,
77109927,
77120233,
77121382,
77121444,
77132313,
77134347,
77135123,
77137157,
77137869,
77138068,
77143984,
77146163,
77146515,
77148979,
77151330,
77151445,
77151648,
77153511,
77158362,
77163300,
77169230,
77170953,
77172329,
77181903,
77188343,
77191774,
77199798,
77199986,
77202990,
77204327,
77206836,
77212369,
77214269,
77215263,
77215329,
77216228,
77216673,
77217100,
77217817,
77217988,
77218804,
77223904,
77224219,
77225460,
77233896,
77235424,
77241633,
77242619,
77250253,
77250772,
77251159,
77254156,
77256750,
77277486,
77293765,
77301297,
77306969,
77323687,
77329796,
77332699,
77336825,
77337995,
77338787,
77344224,
77344569,
77346184,
77347835,
77348394,
77349202,
77349718,
77349875,
77350656,
77350784,
77354044,
77354714,
77354911,
77355768,
77358277,
77360603,
77361081,
77361347,
77362834,
77363231,
77364120,
77364939,
77371093,
77371409,
77371887,
77372775,
77372915,
77372961,
77373486,
77378075,
77378454,
77379768,
77380837,
77382070,
77386376,
77388652,
77388905,
77391790,
77392443,
77392787,
77393508,
77396768,
77398716,
77399354,
77400017,
77400623,
77400831,
77401286,
77405104,
77405635,
77407091,
77407912,
77409305,
77411625,
77411797,
77412905,
77413217,
77413375,
77414373,
77415266,
77416480,
77418127,
77418751,
77419021,
77419692,
77420250,
77420592,
77421399,
77422386,
77425191,
77430743,
77433189,
77435637,
77436344,
77441665,
77446161,
77456380,
77465239,
77465794,
77473019,
77477837,
77479251,
77479473,
77479718,
77480030,
77480165,
77484317,
77485199,
77486322,
77487193,
77493704,
77493946,
77494511,
77494668,
77494958,
77499078,
77501032,
77515864,
77517541,
77533409,
77547506,
77555374,
77562460,
77563616,
77569599,
77572643,
77574380,
77575660,
77578851,
77579077,
77585069,
77590227,
77590735,
77592679,
77600004,
77600816,
77601277,
77601727,
77603042,
77604783,
77606948,
77608773,
77609760,
77611417,
77611655,
77613311,
77614833,
77620710,
77626456,
77626928,
77631646,
77632131,
77633167,
77633383,
77636164,
77639037,
77639043,
77641680,
77641712,
77644488,
77646993,
77648391,
77649366,
77650176,
77651868,
77654164,
77655142,
77664637,
77668746,
77671487,
77675651,
77681028,
77681361,
77684801,
77693237,
77694973,
77696797,
77708136,
77709036,
77709471,
77713293,
77713738,
77716027,
77719918,
77720474,
77720483,
77720878,
77721172,
77721800,
77721831,
77723506,
77725114,
77726178,
77729197,
77729458,
77729989,
77738259,
77740107,
77740996,
77741537,
77742048,
77748962,
77749455,
77752381,
77761018,
77764326,
77769564,
77774932,
77783171,
77783892,
77785467,
77787090,
77787291,
77792477,
77793236,
77794729,
77799190,
77803083,
77814958,
77816413,
77816917,
77818967,
77825617,
77826872,
77827387,
77827467,
77828022,
77828193,
77831148,
77831329,
77834938,
77835211,
77835584,
77840312,
77844196,
77846535,
77847504,
77847823,
77851457,
77852959,
77855262,
77857235,
77857904,
77858125,
77858928,
77860110,
77861552,
77862454,
77864830,
77866844,
77867079,
77867144,
77867394,
77867449,
77867519,
77867568,
77870289,
77870731,
77874392,
77877142,
77884687,
77886959,
77889570,
77889893,
77890652,
77894806,
77895030,
77898123,
77907094,
77921300,
77934253,
77934385,
77935608,
77937026,
77940398,
77940682,
77941257,
77942977,
77952798,
77953307,
77953761,
77958496,
77959389,
77959649,
77960039,
77960203,
77963728,
77967216,
77968797,
77970999,
77976762,
77976826,
77979457,
77980561,
77981121,
77981725,
77982743,
77984182,
77984592,
77990412,
77991416,
77993576,
77995529,
77996299,
78001931,
78002008,
78002495,
78003301,
78004576,
78005065,
78007103,
78007458,
78007704,
78007898,
78008314,
78012810,
78013169,
78013761,
78014269,
78014989,
78018442,
78019224,
78020073,
78022043,
78026486,
78028531,
78034123,
78034467,
78035282,
78035723,
78037469,
78037575,
78037603,
78038274,
78039179,
78039399,
78039640,
78039994,
78040273,
78042358,
78044030,
78044461,
78048025,
78051872,
78052276,
78056646,
78056953,
78057149,
78061259,
78063834,
78063890,
78071803,
78076487,
78079192,
78079882,
78081802,
78085836,
78086496,
78086812,
78094461,
78097287,
78098000,
78098826,
78104104,
78105902,
78107927,
78113035,
78114447,
78118960,
78121012,
78123485,
78130724,
78134271,
78134990,
78137198,
78138911,
78138957,
78144387,
78146835,
78148918,
78150884,
78151960,
78152475,
78153025,
78158244,
78158559,
78160747,
78160829,
78160840,
78161061,
78161364,
78163310,
78163801,
78164943,
78170846,
78171607,
78171955,
78172987,
78175278,
78177405,
78177709,
78177769,
78177800,
78177999,
78178081,
78178121,
78178869,
78178962,
78179383,
78180698,
78182514,
78183974,
78185236,
78185927,
78189290,
78189678,
78189871,
78190773,
78194174,
78194502,
78194661,
78195594,
78195712,
78199769,
78208004,
78208197,
78209462,
78210751,
78211847,
78213115,
78213596,
78216219,
78219165,
78220156,
78220937,
78221360,
78221533,
78221867,
78224782,
78226240,
78232806,
78234717,
78238255,
78238411,
78238751,
78241148,
78241418,
78242269,
78243902,
78243998,
78245163,
78245398,
78245424,
78245522,
78246445,
78246570,
78248160,
78249166,
78249190,
78249709,
78251291,
78251783,
78254447,
78256087,
78258064,
78258633,
78260530,
78263976,
78268243,
78268526,
78269686,
78270771,
78271861,
78272221,
78274420,
78275707,
78276614,
78278792,
78282087,
78283442,
78284838,
78285262,
78286022,
78286340,
78287849,
78288142,
78289215,
78289259,
78290861,
78293214,
78293523,
78295079,
78310273,
78319655,
78319839,
78325054,
78326082,
78327444,
78328924,
78329519,
78329576,
78330118,
78330607,
78330810,
78332895,
78333059,
78334211,
78334946,
78340285,
78341682,
78342913,
78343016,
78343288,
78352712,
78354233,
78362130,
78367645,
78370821,
78371218,
78377550,
78382590,
78399249,
78410691,
78411078,
78425084,
78431723,
78431760,
78437829,
78438805,
78439045,
78442166,
78446475,
78447927,
78448236,
78448784,
78449500,
78449826,
78450220,
78450699,
78451993,
78452392,
78452461,
78452682,
78453478,
78453523,
78453907,
78453996,
78454160,
78455083,
78455637,
78456350,
78458227,
78458543,
78465515,
78470593,
78471033,
78472130,
78474176,
78476129,
78476584,
78476616,
78476718,
78480048,
78480155,
78483767,
78486663,
78487729,
78488318,
78489877,
78490394,
78493784,
78495970,
78499151,
78500603,
78505075,
78512716,
78512931,
78515871,
78517790,
78518782,
78519650,
78520236,
78520931,
78521090,
78522167,
78523153,
78523578,
78528884,
78529402,
78532459,
78534713,
78535892,
78536231,
78538274,
78541035,
78542418,
78545364,
78546378,
78553194,
78554753,
78561613,
78570954,
78571801,
78572007,
78574261,
78589817,
78592293,
78592610,
78594767,
78595999,
78596701,
78597066,
78598359,
78598958,
78603644,
78611017,
78627225,
78627771,
78630487,
78633639,
78635018,
78636800,
78644450,
78651855,
78654698,
78658360,
78659072,
78660482,
78661602,
78661877,
78662632,
78663890,
78663919,
78665207,
78665502,
78666350,
78666793,
78667150,
78667873,
78668736,
78674309,
78683155,
78693967,
78694962,
78699456,
78726165,
78738949,
78791740,
78792558,
78802347,
78807292,
78811093,
78812785,
78814514,
78816470,
78818673,
78822546,
78825053,
78826643,
78827195,
78829140,
78831280,
78831935,
78832161,
78835470,
78835907,
78836670,
78837328,
78837712,
78837810,
78837908,
78838380,
78838611,
78839937,
78840588,
78841894,
78843155,
78844623,
78849363,
78851539,
78852886,
78854586,
78857824,
78858342,
78858492,
78859623,
78859926,
78861248,
78863541,
78863688,
78868331,
78870116,
78871262,
78871616,
78871626,
78875340,
78876501,
78877007,
78877011,
78877306,
78877726,
78878382,
78878527,
78881273,
78882273,
78884986,
78885194,
78886916,
78887936,
78894194,
78895516,
78895838,
78896256,
78896789,
78897591,
78897930,
78899483,
78902943,
78905542,
78906285,
78906921,
78907465,
78911191,
78911873,
78914620,
78915376,
78916635,
78918903,
78919032,
78920095,
78920430,
78920602,
78920919,
78920927,
78920928,
78920944,
78921017,
78921042,
78921062,
78921216,
78921399,
78921491,
78921607,
78922345,
78924013,
78927132,
78929721,
78929789,
78937580,
78950048,
78951045,
78957457,
78962072,
78964976,
78967976,
78970321,
78974682,
78985269,
78987074,
78994098,
78997652,
79003001,
79007869,
79008836,
79009934,
79016505,
79019162,
79030227,
79030280,
79031442,
79036546,
79039160,
79047590,
79049056,
79055626,
79061201,
79062674,
79064510,
79066390,
79066411,
79066509,
79066962,
79067302,
79070288,
79072023,
79072251,
79078002,
79079878,
79081284,
79084581,
79087516,
79087975,
79090353,
79091910,
79102094,
79106043,
79108660,
79111355,
79113081,
79129070,
79129711,
79132648,
79133134,
79133192,
79133682,
79140325,
79144623,
79144852,
79148297,
79154579,
79162224,
79167823,
79174562,
79182772,
79189896,
79198899,
79201420,
79202104,
79216532,
79218469,
79231981,
79234159,
79236169,
79240911,
79241890,
79243614,
79249713,
79251254,
79257644,
79258499,
79267492,
79292132,
79292746,
79304374,
79319653,
79324657,
79329760,
79330587,
79333723,
79335412,
79335894,
79336083,
79336813,
79337845,
79343366,
79344062,
79345103,
79349239,
79351429,
79351954,
79352946,
79353660,
79353706,
79354328,
79357743,
79357803,
79363663,
79364769,
79364881,
79365583,
79365727,
79366607,
79367019,
79367897,
79369613,
79370570,
79371666,
79379420,
79381467,
79383101,
79383510,
79384063,
79388472,
79390228,
79391909,
79400809,
79403314,
79408521,
79411027,
79417552,
79419048,
79421406,
79426112,
79430070,
79436106,
79442120,
79442723,
79471918,
79483293,
79502924,
79509483,
79509855,
79511363,
79512955,
79517906,
79542743,
79557785,
79561798,
79569033,
79573289,
79580784,
79592874,
79596429,
79621792,
79626332,
79627274,
79634251,
79642976,
79651204,
79668449,
79675089,
79679917,
79685267,
79687710,
79692999,
79699536,
79701335,
79703309,
79703821,
79707325,
79711713,
79715320,
79720169,
79720354,
79720899,
79721615,
79722152,
79722153,
79722626,
79723499,
79725771,
79726806,
79727298,
79727770,
79730745,
79732425,
79734812,
79739289,
79740313,
79741120,
79746066,
79746623,
79746677,
79748660,
79753141,
79755467,
79761819,
79769747,
79772546,
79774879,
79780456,
79787249,
79791064,
79795563,
79800120,
79802662,
79815072,
79816627,
79830639,
79871516,
79871861,
79872591,
79904958,
79914189,
79922317,
79931020,
79942331,
79964768,
79966984,
79973894,
79979244,
79981283,
79983775,
79985303,
79994040,
79995225,
80005017,
80006403,
80010602,
80016190,
80016362,
80018516,
80018858,
80020403,
80026817,
80027418,
80033117,
80035259,
80036507,
80036971,
80037210,
80037366,
80037726,
80037763,
80038058,
80038766,
80039706,
80042301,
80043349,
80043502,
80043552,
80043930,
80045070,
80045820,
80047542,
80049800,
80050830,
80053619,
80055484,
80055494,
80057463,
80057535,
80057871,
80058105,
80059560,
80059913,
80066115,
80068481,
80069303,
80091127,
80092098,
80093179,
80094398,
80106357,
80111617,
80112884,
80118401,
80125001,
80136659,
80142649,
80151795,
80157986,
80162098,
80163056,
80163083,
80163465,
80165983,
80166711,
80169104,
80169108,
80172165,
80178363,
80178656,
80180407,
80180608,
80186330,
80187523,
80195494,
80198167,
80204063,
80208220,
80209625,
80214783,
80215558,
80215775,
80219517,
80220101,
80221070,
80221088,
80221197,
80224008,
80224282,
80226778,
80229285,
80234792,
80243325,
80243736,
80249820,
80251063,
80251462,
80253142,
80253834,
80254446,
80262216,
80263078,
80263634,
80266014,
80266718,
80268518,
80268821,
80271213,
80271616,
80273430,
80275031,
80275164,
80277849,
80278283,
80278752,
80280483,
80281522,
80282123,
80284706,
80287945,
80289591,
80293218,
80294451,
80295111,
80295636,
80296320,
80296450,
80297091,
80297177,
80297650,
80297966,
80305694,
80306514,
80309698,
80313398,
80329978,
80332927,
80337259,
80340689,
80367649,
80372019,
80378032,
80392040,
80392932,
80401236,
80410695,
80417270,
80420624,
80423670,
80432406,
80433505,
80435062,
80438544,
80439501,
80439917,
80440577,
80440878,
80446146,
80446990,
80450092,
80456018,
80456527,
80456911,
80459736,
80463931,
80466371,
80466529,
80468284,
80469997,
80474039,
80478249,
80481272,
80485388,
80487410,
80490743,
80494790,
80496912,
80502798,
80506121,
80506568,
80517723,
80518278,
80526428,
80529545,
80532285,
80533132,
80533755,
80536063,
80537377,
80539954,
80541565,
80542302,
80543055,
80543973,
80544495,
80544741,
80549889,
80550231,
80550421,
80553065,
80553974,
80554119,
80554120,
80554291,
80554545,
80554601,
80557907,
80559028,
80561078,
80561298,
80565313,
80568633,
80573367,
80574620,
80580798,
80584101,
80585514,
80589819,
80592092,
80599468,
80600715,
80601871,
80610359,
80611929,
80612503,
80613359,
80618246,
80619759,
80620578,
80621688,
80628814,
80634235,
80636679,
80636806,
80637018,
80637103,
80637275,
80637761,
80640697,
80644412,
80645157,
80651560,
80658573,
80660529,
80663603,
80666441,
80667853,
80673071,
80683808,
80688744,
80689398,
80698481,
80704664,
80709141,
80716985,
80720050,
80732328,
80739140,
80739180,
80739585,
80740368,
80741660,
80744141,
80746292,
80746504,
80748432,
80748528,
80761754,
80762528,
80763008,
80763674,
80779721,
80780862,
80782354,
80789091,
80791301,
80798062,
80799691,
80807858,
80809121,
80810909,
80810984,
80811910,
80818731,
80826331,
80830797,
80833634,
80835610,
80837107,
80844157,
80845009,
80846973,
80849522,
80853231,
80857164,
80861380,
80865839,
80865870,
80868147,
80868778,
80872583,
80876952,
80878146,
80878435,
80882686,
80889173,
80889807,
80893532,
80894133,
80896080,
80905997,
80912254,
80912405,
80912988,
80913216,
80913743,
80916185,
80916872,
80917181,
80918266,
80918933,
80922431,
80924234,
80927571,
80933175,
80933377,
80935058,
80935892,
80939087,
80943678,
80944373,
80946689,
80947411,
80954546,
80954625,
80956939,
80958059,
80958078,
80970105,
80972286,
80974590,
80978243,
80991306,
80993270,
81000337,
81005898,
81017804,
81025617,
81027224,
81036263,
81036819,
81039104,
81043473,
81055563,
81068344,
81072651,
81073305,
81074047,
81074270,
81074859,
81074930,
81076081,
81076742,
81077190,
81079679,
81080956,
81081057,
81082058,
81084181,
81085086,
81085539,
81097419,
81098935,
81115166,
81117860,
81118978,
81120635,
81121266,
81123507,
81124965,
81126116,
81129255,
81132185,
81133589,
81135641,
81138882,
81146778,
81147285,
81148435,
81149155,
81150756,
81150945,
81152516,
81154512,
81168369,
81169986,
81185462,
81200265,
81201150,
81201920,
81205781,
81207684,
81209133,
81215479,
81215586,
81216044,
81228448,
81233060,
81235158,
81252075,
81252883,
81262133,
81275125,
81275504,
81291565,
81297364,
81298493,
81300423,
81302056,
81306331,
81309202,
81315234,
81357069,
81384753,
81418691,
81433124,
81439560,
81439965,
81441732,
81449348,
81450656,
81462743,
81464862,
81468011,
81468535,
81468972,
81469589,
81469819,
81469849,
81473574,
81477245,
81486759,
81499406,
81499754,
81514409,
81516507,
81524276,
81527361,
81539201,
81539428,
81543193,
81546981,
81560596,
81565973,
81567624,
81572643,
81575750,
81581667,
81598765,
81599190,
81601444,
81615918,
81619146,
81621870,
81622318,
81624128,
81631468,
81633691,
81637013,
81645502,
81653351,
81659544,
81665195,
81670606,
81674997,
81677803,
81678004,
81679260,
81680363,
81681514,
81682996,
81690995,
81691463,
81691925,
81692740,
81706194,
81709074,
81714328,
81717613,
81720011,
81724611,
81726215,
81736585,
81737742,
81743688,
81753707,
81768918,
81769159,
81772115,
81772256,
81774037,
81778813,
81782321,
81786321,
81789261,
81800319,
81842747,
81843048,
81868951,
81869993,
81878851,
81895258,
81896203,
81918257,
81924598,
81925980,
81931149,
81931988,
81941615,
81942688,
81943595,
81944576,
81946839,
81947459,
81950119,
81951174,
81951332,
81955615,
81958802,
81966677,
81972435,
81997169,
81999376,
82000374,
82001499,
82002712,
82005877,
82009061,
82010720,
82012726,
82017275,
82025652,
82025714,
82026373,
82027193,
82027563,
82029116,
82032686,
82036503,
82038588,
82040361,
82040848,
82042530,
82045328,
82052867,
82053988,
82057619,
82058424,
82061287,
82061684,
82066485,
82068891,
82072203,
82073396,
82077484,
82078234,
82085568,
82086295,
82089336,
82090285,
82090359,
82094514,
82098012,
82101523,
82102275,
82107471,
82108325,
82109622,
82111392,
82111495,
82112923,
82113223,
82113275,
82114318,
82114576,
82115233,
82115745,
82120080,
82122614,
82126441,
82129478,
82139210,
82141775,
82143722,
82149494,
82150677,
82150833,
82155839,
82155990,
82158077,
82169806,
82169876,
82170843,
82172698,
82174134,
82176903,
82177967,
82182117,
82182512,
82182654,
82183167,
82183709,
82184487,
82184637,
82185811,
82190086,
82190610,
82191242,
82192698,
82192706,
82194454,
82198116,
82203392,
82203857,
82204464,
82209846,
82218637,
82218844,
82219934,
82220896,
82222407,
82229305,
82231663,
82234353,
82243570,
82245528,
82247142,
82250563,
82259455,
82272335,
82276730,
82285522,
82287548,
82292112,
82292304,
82340161,
82345478,
82346964,
82357320,
82364833,
82386057,
82399162,
82404630,
82460946,
82470138,
82476217,
82477631,
82502482,
82508410,
82511757,
82512138,
82513469,
82518702,
82519009,
82520468,
82521854,
82521908,
82522166,
82524887,
82525041,
82527363,
82528142,
82528143,
82528732,
82533225,
82537866,
82541104,
82549971,
82556339,
82560051,
82566110,
82570699,
82572686,
82575442,
82575873,
82589849,
82592006,
82594641,
82598698,
82610560,
82611552,
82613133,
82613839,
82616134,
82620003,
82620394,
82625408,
82627237,
82635237,
82635741,
82635855,
82637965,
82639319,
82642298,
82642736,
82643057,
82646662,
82648481,
82652174,
82653464,
82658637,
82662374,
82662556,
82662696,
82664009,
82666990,
82667608,
82669636,
82672553,
82674064,
82678532,
82681774,
82681801,
82682951,
82687294,
82688331,
82695630,
82695651,
82696333,
82706936,
82710632,
82714615,
82716509,
82720506,
82734628,
82735636,
82739310,
82739424,
82740849,
82741870,
82743333,
82744052,
82744083,
82744092,
82744304,
82749880,
82750764,
82753505,
82753514,
82753930,
82754463,
82755532,
82757630,
82757704,
82760082,
82765904,
82767177,
82770467,
82770776,
82773176,
82773264,
82820305,
82820938,
82826259,
82831394,
82832486,
82833768,
82834686,
82834886,
82835060,
82836674,
82838037,
82839400,
82840895,
82842348,
82845182,
82845501,
82848545,
82851785,
82854172,
82854746,
82854970,
82855467,
82856036,
82856283,
82858820,
82863209,
82864779,
82865836,
82867512,
82868115,
82869124,
82870438,
82870656,
82872124,
82876173,
82876574,
82877194,
82878763,
82883470,
82883479,
82884090,
82888050,
82888938,
82891866,
82891971,
82892629,
82893742,
82897176,
82898723,
82899317,
82900614,
82907344,
82908471,
82910251,
82910368,
82910417,
82910649,
82911041,
82911815,
82911988,
82912289,
82912334,
82914583,
82914855,
82916958,
82917818,
82917836,
82918248,
82919069,
82921057,
82922791,
82922972,
82924882,
82926829,
82928291,
82929348,
82929673,
82930274,
82931750,
82931884,
82933011,
82934112,
82936848,
82937396,
82946153,
82947893,
82950410,
82954984,
82955416,
82960649,
82964639,
82967634,
82970526,
82973251,
82976083,
82976624,
82979357,
82980999,
82981708,
82985644,
82988039,
82990554,
82990848,
82994098,
82994186,
82995903,
82995958,
83005523,
83005565,
83006095,
83014601,
83015517,
83015951,
83019275,
83019531,
83019773,
83019777,
83019781,
83020184,
83020371,
83020615,
83021645,
83021804,
83022706,
83023695,
83023875,
83024114,
83026196,
83029468,
83029560,
83033474,
83033674,
83033829,
83033866,
83034938,
83035196,
83036017,
83038103,
83046182,
83046694,
83046850,
83049469,
83049998,
83052006,
83052767,
83053690,
83053887,
83054654,
83059840,
83064042,
83064251,
83064409,
83066330,
83068301,
83071299,
83071540,
83072819,
83073808,
83075918,
83078378,
83080031,
83081391,
83081521,
83082645,
83084200,
83084652,
83085701,
83088091,
83089621,
83090785,
83094292,
83094918,
83097826,
83100569,
83100666,
83100831,
83102373,
83103449,
83104522,
83104627,
83107226,
83107317,
83107490,
83107922,
83108021,
83108993,
83109127,
83109658,
83109866,
83110239,
83110592,
83111048,
83111266,
83111732,
83111936,
83112181,
83113188,
83113489,
83113756,
83113939,
83115848,
83116970,
83118204,
83118552,
83118893,
83119684,
83120615,
83121270,
83122298,
83122969,
83123350,
83125915,
83126666,
83127065,
83129873,
83130511,
83130985,
83131458,
83132182,
83133685,
83133768,
83135794,
83136151,
83136690,
83138760,
83138960,
83140563,
83141426,
83142742,
83143053,
83143207,
83143387,
83143572,
83143617,
83144734,
83144854,
83144900,
83145591,
83146357,
83147124,
83148428,
83148651,
83148964,
83149166,
83149334,
83151105,
83151788,
83154234,
83154585,
83155103,
83155837,
83156628,
83156957,
83157179,
83157248,
83157319,
83157372,
83157512,
83157663,
83157831,
83160040,
83161617,
83165823,
83170055,
83174068,
83177168,
83178529,
83186039,
83186204,
83188192,
83191278,
83191594,
83193049,
83193096,
83194141,
83194253,
83197100,
83197525,
83201936,
83202236,
83210340,
83210412,
83219084,
83226150,
83236638,
83237110,
83239304,
83246442,
83264363,
83269649,
83275668,
83277648,
83298899,
83314010,
83315516,
83316057,
83318078,
83319080,
83323542,
83329518,
83330280,
83331117,
83341810,
83352819,
83356273,
83358434,
83359467,
83361387,
83361979,
83362081,
83367767,
83369750,
83377308,
83384497,
83400010,
83414722,
83419889,
83422069,
83423017,
83430673,
83445980,
83449020,
83454498,
83455695,
83460847,
83460859,
83462760,
83462916,
83463031,
83463521,
83463814,
83464157,
83464223,
83464373,
83466145,
83468065,
83469968,
83471295,
83472412,
83472755,
83476212,
83477907,
83492076,
83496026,
83498150,
83501660,
83513058,
83529132,
83539268,
83544010,
83551073,
83556888,
83557896,
83561932,
83567109,
83569406,
83575460,
83627742,
83630682,
83643978,
83665667,
83667063,
83679866,
83680695,
83686623,
83686874,
83701419,
83701672,
83703911,
83706428,
83727694,
83739062,
83740040,
83740194,
83740996,
83741069,
83741515,
83746778,
83753515,
83760223,
83763054,
83764141,
83769543,
83772522,
83777528,
83778383,
83780367,
83780415,
83780550,
83780633,
83780777,
83781590,
83781872,
83781970,
83784333,
83785496,
83785742,
83788125,
83788939,
83791149,
83795866,
83796438,
83802749,
83803250,
83806322,
83807068,
83810294,
83810944,
83812723,
83815043,
83816454,
83816520,
83819919,
83826730,
83832528,
83838490,
83848619,
83864156,
83864892,
83865153,
83876310,
83876518,
83876875,
83903644,
83907525,
83908054,
83908554,
83922077,
83925407,
83931902,
83960587,
83961925,
83962713,
83963011,
83963441,
83966112,
83973443,
83974089,
83974819,
83975123,
83975985,
83978317,
83982276,
83992857,
83998693,
84027555,
84047430,
84047628,
84049469,
84050257,
84070836,
84071730,
84079332,
84123622,
84124175,
84124364,
84124918,
84126019,
84127491,
84128890,
84170288,
84176630,
84192316,
84203022,
84204229,
84205614,
84242840,
84274562,
84275859,
84280578,
84294236,
84303353,
84311527,
84313261,
84315090,
84315299,
84318135,
84324614,
84333060,
84334621,
84336585,
84340574,
84352863,
84354436,
84367963,
84368204,
84371057,
84410546,
84411166,
84446207,
84490718,
84492793,
84505962,
84513230,
84518720,
84524921,
84532236,
84546565,
84547649,
84560420,
84565704,
84572394,
84594336,
84595127,
84598065,
84599005,
84602544,
84603103,
84603526,
84603810,
84604649,
84605038,
84605376,
84605450,
84606142,
84618668,
84620374,
84623356,
84623402,
84624507,
84624799,
84625530,
84626952,
84630534,
84630748,
84632156,
84632496,
84632739,
84633052,
84634380,
84635314,
84635941,
84640816,
84648522,
84649759,
84649966,
84654550,
84658663,
84658836,
84665219,
84667694,
84667865,
84676384,
84677806,
84682409,
84688726,
84694649,
84701951,
84702969,
84719388,
84745300,
84745570,
84749123,
84753300,
84758257,
84758521,
84763566,
84763974,
84764811,
84767909,
84770154,
84771112,
84771793,
84772043,
84772099,
84774156,
84777113,
84777276,
84779576,
84783438,
84791616,
84791694,
84795697,
84807526,
84809623,
84814157,
84818096,
84818235,
84828359,
84833204,
84833862,
84834262,
84835036,
84835571,
84836276,
84837708,
84838018,
84838296,
84839851,
84839951,
84841378,
84841501,
84841789,
84842215,
84844631,
84845861,
84848844,
84849500,
84851465,
84852892,
84855324,
84858108,
84863665,
84865604,
84868472,
84869426,
84871900,
84872937,
84873680,
84874763,
84882326,
84891048,
84894663,
84917376,
84918499,
84920865,
84922085,
84932089,
84936716,
84939514,
84943455,
84945224,
84945474,
84950204,
84951841,
84951862,
84954528,
84959132,
84962444,
84963174,
84963272,
84964291,
84965789,
84967002,
84967164,
84972280,
84978367,
84978637,
84979681,
84982611,
84982783,
84982800,
84984090,
84986139,
84986706,
84987708,
84996803,
85000533,
85004961,
85005967,
85006100,
85008145,
85011882,
85012286,
85018478,
85020248,
85029964,
85033268,
85033912,
85050515,
85066393,
85069301,
85073434,
85117226,
85123669,
85133536,
85146814,
85150650,
85171055,
85172429,
85175253,
85182713,
85210184,
85210213,
85217231,
85235462,
85277673,
85296922,
85300095,
85302786,
85308592,
85308938,
85322985,
85325779,
85334169,
85334611,
85340290,
85341320,
85344777,
85350755,
85355534,
85355619,
85362080,
85363251,
85364432,
85366139,
85371060,
85373068,
85381371,
85414924,
85416128,
85420681,
85463237,
85488138,
85514617,
85538708,
85578345,
85587526,
85587868,
85601954,
85623867,
85630970,
85632617,
85637707,
85642860,
85685565,
85691120,
85691975,
85699601,
85703374,
85704461,
85705819,
85705883,
85706603,
85711541,
85715658,
85721433,
85727031,
85729292,
85741913,
85743344,
85743350,
85743450,
85743845,
85744087,
85744097,
85744603,
85744769,
85745002,
85745089,
85745339,
85745661,
85748061,
85751259,
85751274,
85757956,
85758164,
85758484,
85758816,
85760976,
85762267,
85765972,
85768935,
85770384,
85770530,
85771467,
85772887,
85775532,
85775883,
85778743,
85782161,
85783984,
85805156,
85806377,
85807085,
85808214,
85808539,
85810678,
85811854,
85826317,
85834282,
85836659,
85836845,
85837138,
85841147,
85841654,
85849797,
85850707,
85861922,
85864380,
85865679,
85868354,
85874273,
85874400,
85874880,
85882568,
85883624,
85885027,
85885920,
85887378,
85890247,
85892013,
85893115,
85894359,
85896083,
85896205,
85900290,
85910413,
85915012,
85917865,
85918445,
85922462,
85926687,
85929500,
85950054,
85961955,
85965209,
85966077,
85972010,
85977920,
86031829,
86041772,
86046335,
86053034,
86057699,
86076019,
86082219,
86087460,
86090587,
86097127,
86099083,
86101718,
86112752,
86113662,
86113967,
86115084,
86119400,
86125011,
86133858,
86136075,
86141560,
86150393,
86152622,
86152965,
86158525,
86162066,
86169741,
86170043,
86176984,
86179006,
86188145,
86199322,
86201146,
86201449,
86203567,
86204740,
86211327,
86234489,
86245445,
86313864,
86336907,
86349532,
86353291,
86385888,
86415827,
86419588,
86425360,
86448453,
86462079,
86477841,
86486664,
86526357,
86535562,
86575146,
86588853,
86594088,
86624789,
86734071,
86743709,
86762935,
86800732,
86810852,
86822507,
86831272,
86860913,
86867576,
86871846,
86883179,
86887441,
86887678,
86894008,
86894745,
86894773,
86897101,
86898296,
86898505,
86898559,
86905327,
86907715,
86912042,
86915119,
86921142,
86922808,
86952316,
86982605,
86982901,
87002766,
87004827,
87006643,
87016262,
87036431,
87048702,
87097727,
87113132,
87134242,
87200651,
87203356,
87210306,
87219066,
87226867,
87237336,
87243053,
87246741,
87250427,
87251682,
87266038,
87278844,
87283942,
87284030,
87285144,
87309617,
87310351,
87312056,
87312431,
87319797,
87321039,
87322465,
87325074,
87326327,
87328100,
87328923,
87329569,
87329979,
87330088,
87330764,
87333816,
87334665,
87335282,
87337986,
87338579,
87339879,
87339976,
87340023,
87343132,
87344204,
87347410,
87347783,
87348844,
87366049,
87368797,
87368809,
87376553,
87381543,
87390135,
87391556,
87402230,
87407828,
87408169,
87411305,
87412374,
87413562,
87414148,
87420416,
87431612,
87435823,
87446290,
87464586,
87472303,
87475945,
87484012,
87491233,
87493361,
87494139,
87502014,
87503327,
87507250,
87512100,
87513733,
87515434,
87515948,
87522038,
87522303,
87523256,
87523576,
87525945,
87526444,
87526481,
87527575,
87529004,
87530483,
87531199,
87537288,
87537518,
87538035,
87543716,
87563875,
87578031,
87578748,
87584725,
87587917,
87599465,
87607724,
87610900,
87616958,
87620418,
87626930,
87668236,
87711573,
87714684,
87722947,
87744934,
87755972,
87767234,
87770127,
87771447,
87774327,
87776862,
87784013,
87789882,
87792014,
87801187,
87804419,
87804739,
87809884,
87812737,
87813468,
87827204,
87834336,
87834737,
87836886,
87837280,
87839014,
87840887,
87843243,
87844007,
87844492,
87844555,
87844627,
87844785,
87844862,
87845160,
87846057,
87846087,
87849177,
87855052,
87857706,
87858626,
87864205,
87869042,
87870920,
87874798,
87886019,
87893162,
87897823,
87900705,
87906615,
87907621,
87928469,
87929005,
87930448,
87930557,
87932884,
87941110,
87948879,
87948924,
87949796,
87950699,
87951116,
87952231,
87952249,
87952811,
87953335,
87953379,
87953422,
87955012,
87955615,
87957719,
87960745,
87967498,
87967814,
87969014,
87972191,
87974495,
87981925,
87986010,
87986316,
87990672,
87991744,
87992415,
88000138,
88000993,
88003486,
88003998,
88009160,
88012693,
88015416,
88016564,
88024667,
88025693,
88031733,
88035252,
88038454,
88041211,
88044853,
88050782,
88050814,
88059294,
88076240,
88084210,
88107069,
88145154,
88179763,
88186496,
88220420,
88235438,
88235880,
88249524,
88288089,
88291981,
88301234,
88303655,
88306798,
88312110,
88321388,
88330967,
88338807,
88353033,
88372789,
88389596,
88395831,
88396864,
88407242,
88411188,
88412244,
88412286,
88417911,
88418021,
88419785,
88434664,
88449194,
88458246,
88460869,
88491489,
88494437,
88494713,
88495959,
88496893,
88516692,
88532195,
88538257,
88542299,
88548181,
88561691,
88567935,
88573229,
88592238,
88593122,
88596497,
88598835,
88599693,
88600154,
88615097,
88617473,
88675353,
88681210,
88684955,
88686521,
88690831,
88705463,
88709658,
88742916,
88749628,
88755457,
88759907,
88760440,
88766054,
88770305,
88790570,
88792786,
88805205,
88806817,
88808854,
88812446,
88820307,
88821487,
88824213,
88825042,
88826367,
88827118,
88828021,
88835783,
88837137,
88837709,
88841433,
88841870,
88842120,
88845988,
88855102,
88861945,
88862076,
88865096,
88888164,
88891438,
88894510,
88894683,
88898304,
88905968,
88906235,
88913201,
88916538,
88922340,
88922542,
88924145,
88927100,
88934557,
88937604,
88941546,
88944185,
88946515,
88949285,
88951259,
88951453,
88951711,
88955504,
88956192,
88961931,
88962694,
88970131,
88974766,
88976028,
88982760,
88988116,
88989881,
88993863,
88994253,
88994449,
88995076,
88995419,
88997254,
88998068,
88999034,
89006876,
89017960,
89019621,
89022955,
89032044,
89033917,
89039219,
89041399,
89043155,
89044564,
89044958,
89047658,
89048489,
89050535,
89050563,
89051657,
89051761,
89053976,
89055110,
89055709,
89058101,
89059245,
89068428,
89069191,
89074111,
89074505,
89076176,
89077113,
89077457,
89083729,
89083846,
89087353,
89089497,
89091005,
89094019,
89094798,
89094993,
89095353,
89096889,
89097129,
89097184,
89099100,
89099376,
89099502,
89099556,
89100859,
89101851,
89102500,
89104574,
89105081,
89105515,
89108140,
89110234,
89112237,
89117089,
89119242,
89120196,
89120689,
89120916,
89125522,
89132538,
89132668,
89160448,
89161339,
89161500,
89166608,
89179954,
89183937,
89184436,
89192839,
89196170,
89206641,
89212283,
89214641,
89217497,
89224352,
89225051,
89225804,
89227051,
89228657,
89229058,
89231102,
89231459,
89232527,
89234531,
89235567,
89238285,
89238325,
89238566,
89238970,
89239884,
89241009,
89241961,
89246580,
89247870,
89248625,
89250755,
89251592,
89253625,
89253986,
89254427,
89254691,
89259425,
89260675,
89267823,
89268770,
89268955,
89270701,
89271982,
89273284,
89274374,
89275238,
89275601,
89276007,
89276903,
89277959,
89278342,
89281021,
89281598,
89282649,
89282908,
89283564,
89283739,
89284692,
89286261,
89286746,
89286876,
89287188,
89287758,
89288344,
89288665,
89290097,
89290421,
89291114,
89291508,
89292022,
89293281,
89296534,
89296789,
89303735,
89305144,
89306682,
89308291,
89309370,
89309863,
89309984,
89311624,
89312324,
89314838,
89314936,
89315279,
89319692,
89319772,
89319967,
89322299,
89322311,
89323138,
89323580,
89323665,
89324858,
89326528,
89327387,
89332249,
89334348,
89336142,
89341799,
89342120,
89342646,
89344939,
89347086,
89347933,
89349836,
89351699,
89368721,
89369751,
89378125,
89381815,
89382707,
89384081,
89384459,
89384857,
89385408,
89385418,
89386219,
89389240,
89390138,
89390207,
89392405,
89393234,
89394009,
89400610,
89403833,
89404759,
89405710,
89406738,
89407663,
89410611,
89415308,
89419215,
89421636,
89424244,
89424511,
89426052,
89427288,
89428536,
89430262,
89430403,
89431344,
89432334,
89434119,
89437092,
89438321,
89438645,
89440335,
89447939,
89454042,
89463360,
89481899,
89497696,
89500099,
89515845,
89520364,
89523033,
89523259,
89523740,
89536175,
89537969,
89538656,
89540271,
89540696,
89542981,
89544414,
89544812,
89546724,
89547078,
89547596,
89547771,
89548612,
89550996,
89553243,
89555223,
89556542,
89559133,
89561300,
89564702,
89568642,
89569057,
89569363,
89572876,
89574091,
89582449,
89592558,
89601688,
89615181,
89617317,
89635123,
89645548,
89649246,
89657769,
89668884,
89669615,
89684844,
89687410,
89688388,
89690908,
89696103,
89698004,
89699416,
89701395,
89702019,
89706117,
89709782,
89713057,
89713494,
89713947,
89720965,
89725112,
89725519,
89727697,
89729109,
89731311,
89734877,
89749105,
89749384,
89756604,
89768082,
89784231,
89789012,
89798294,
89800234,
89806152,
89820169,
89821843,
89822743,
89834001,
89835163,
89836198,
89837532,
89838000,
89842515,
89845486,
89847561,
89851600,
89853891,
89857477,
89859517,
89861996,
89872853,
89874054,
89879520,
89883800,
89898080,
89902115,
89910767,
89917091,
89918193,
89923512,
89924681,
89925480,
89932154,
89933141,
89937323,
89941051,
89943229,
89943268,
89956584,
89958658,
89970086,
89970686,
89973103,
89973922,
89981364,
89986611,
89993104,
89995149,
89996946,
90003110,
90016871,
90018771,
90039789,
90043784,
90049704,
90061402,
90068862,
90077186,
90088858,
90128788,
90137706,
90141860,
90149729,
90154456,
90156111,
90156128,
90157075,
90160738,
90165374,
90165495,
90166300,
90167530,
90168239,
90168329,
90169742,
90170517,
90173248,
90173954,
90173974,
90174077,
90175821,
90176326,
90177264,
90179484,
90187416,
90188717,
90189392,
90189462,
90191043,
90192025,
90195089,
90195544,
90199041,
90199932,
90203037,
90213331,
90213646,
90213955,
90223267,
90239729,
90244861,
90248931,
90257793,
90263499,
90264463,
90266563,
90267977,
90268004,
90274947,
90279409,
90289423,
90298991,
90301153,
90306101,
90308423,
90309108,
90318264,
90318730,
90320710,
90321108,
90325447,
90325894,
90326651,
90326872,
90327521,
90328285,
90328475,
90329299,
90330697,
90331746,
90332595,
90335218,
90336146,
90337207,
90337752,
90338959,
90345313,
90345540,
90346725,
90348942,
90351132,
90355554,
90355981,
90356121,
90362034,
90363685,
90368362,
90370598,
90372913,
90373693,
90374662,
90379835,
90380065,
90383113,
90384936,
90387380,
90388727,
90389894,
90392859,
90396322,
90397834,
90398937,
90399111,
90399255,
90399491,
90400803,
90402775,
90411423,
90411689,
90421156,
90440164,
90447942,
90449038,
90454196,
90462863,
90494152,
90495772,
90499790,
90508105,
90520594,
90528231,
90529876,
90547938,
90552915,
90562193,
90564480,
90565202,
90576838,
90580520,
90581423,
90583065,
90583956,
90585394,
90585900,
90591872,
90595610,
90596274,
90598660,
90609118,
90611375,
90614753,
90619525,
90622365,
90622653,
90623838,
90626795,
90627176,
90628421,
90628532,
90629849,
90631012,
90631138,
90632159,
90637858,
90639738,
90639906,
90644556,
90644855,
90648379,
90650562,
90653193,
90653379,
90656013,
90662518,
90663488,
90664304,
90668075,
90668140,
90674730,
90680612,
90682720,
90683730,
90696790,
90698206,
90723641,
90730777,
90731138,
90733716,
90744271,
90765288,
90767902,
90769200,
90773391,
90775699,
90777629,
90780764,
90781322,
90785292,
90787760,
90790971,
90793553,
90795380,
90798357,
90798902,
90800222,
90801027,
90801188,
90801233,
90801934,
90802069,
90802487,
90804119,
90804260,
90805978,
90806377,
90806489,
90807716,
90808906,
90809840,
90811264,
90811770,
90812623,
90814433,
90818353,
90822385,
90824915,
90825322,
90826996,
90827323,
90832163,
90837579,
90841431,
90845683,
90845730,
90849109,
90854169,
90861505,
90863490,
90863936,
90865621,
90866274,
90871196,
90874403,
90880156,
90881379,
90881639,
90881840,
90882220,
90882961,
90883567,
90883725,
90884840,
90885508,
90886170,
90886266,
90886336,
90886587,
90888685,
90893197,
90894371,
90897906,
90901405,
90901819,
90902384,
90903208,
90905067,
90915058,
90916013,
90916241,
90924175,
90926810,
90933557,
90935124,
90940827,
90942927,
90943135,
90949977,
90958629,
90958932,
90963011,
90963571,
90971442,
90987440,
91002226,
91003401,
91034320,
91047776,
91051525,
91056212,
91067147,
91068950,
91075699,
91082790,
91085376,
91085914,
91102060,
91111067,
91113175,
91114013,
91126078,
91131876,
91133403,
91141980,
91146006,
91163514,
91165419,
91180964,
91181376,
91214648,
91220320,
91223144,
91228725,
91236377,
91258900,
91261375,
91265636,
91273410,
91307524,
91319602,
91321035,
91322541,
91333017,
91334370,
91335242,
91336152,
91336629,
91336998,
91338412,
91342504,
91345683,
91356203,
91356543,
91359217,
91365138,
91365520,
91367085,
91370136,
91370277,
91370331,
91370413,
91370836,
91370970,
91371059,
91372044,
91372942,
91382612,
91383591,
91386384,
91388023,
91396086,
91397503,
91401836,
91403614,
91404595,
91407605,
91408496,
91417733,
91423942,
91424098,
91424534,
91427043,
91431780,
91433717,
91434130,
91434152,
91435523,
91436407,
91437062,
91439532,
91440828,
91441374,
91442986,
91443059,
91446988,
91450388,
91455561,
91457087,
91459328,
91464907,
91479238,
91499403,
91510012,
91516405,
91522907,
91551922,
91552088,
91552145,
91552674,
91564821,
91565487,
91566300,
91567035,
91567238,
91572075,
91573137,
91573750,
91575536,
91581842,
91582875,
91588353,
91600320,
91605578,
91606550,
91614415,
91618423,
91621051,
91622516,
91622976,
91626320,
91628575,
91629062,
91632484,
91632604,
91635013,
91641082,
91645124,
91652913,
91656525,
91656990,
91657129,
91660366,
91661901,
91661963,
91662020,
91662898,
91662905,
91663409,
91663725,
91664210,
91664492,
91665306,
91665414,
91666777,
91667077,
91667229,
91667258,
91670019,
91670248,
91670400,
91671059,
91671256,
91671406,
91671527,
91672377,
91672539,
91672642,
91672689,
91672730,
91672883,
91673080,
91673481,
91673545,
91673680,
91673710,
91674604,
91675293,
91676433,
91679476,
91681037,
91683675,
91686137,
91686160,
91691306,
91691622,
91696740,
91698613,
91699935,
91708372,
91711189,
91715540,
91737209,
91746907,
91755085,
91767606,
91770297,
91770524,
91775637,
91776465,
91779008,
91781398,
91782861,
91784130,
91784869,
91792561,
91796960,
91797688,
91803996,
91806570,
91809201,
91819524,
91826225,
91827678,
91830187,
91835320,
91840078,
91841584,
91842728,
91843778,
91844293,
91844537,
91844596,
91845016,
91845112,
91845476,
91845588,
91845759,
91847595,
91849132,
91849409,
91849642,
91849665,
91849835,
91850034,
91851238,
91855074,
91856507,
91860885,
91861448,
91864488,
91864729,
91865993,
91867443,
91878567,
91881078,
91884671,
91893397,
91894071,
91903378,
91905392,
91906260,
91906717,
91914528,
91914821,
91918597,
91920624,
91922725,
91928781,
91930195,
91933412,
91933450,
91934387,
91934492,
91934606,
91935006,
91937811,
91938004,
91945056,
91945335,
91953587,
91966062,
91970972,
91974733,
91976429,
91982797,
91984204,
91988794,
91989723,
91989773,
91990881,
91992436,
91994684,
91999237,
92002435,
92003592,
92004062,
92005227,
92005285,
92005563,
92005965,
92006100,
92006747,
92006900,
92007495,
92008362,
92008592,
92011579,
92013475,
92013891,
92017263,
92017527,
92017922,
92019237,
92020258,
92021161,
92022569,
92023779,
92024113,
92025221,
92025608,
92026022,
92026178,
92027695,
92028824,
92029815,
92029857,
92030080,
92034781,
92036875,
92042129,
92045864,
92046905,
92048102,
92049480,
92049546,
92053275,
92054412,
92055424,
92058629,
92061602,
92064545,
92066898,
92066905,
92070888,
92072088,
92072496,
92073895,
92074047,
92074345,
92074589,
92079536,
92079874,
92081917,
92090361,
92093585,
92095186,
92097597,
92097808,
92102833,
92103045,
92103639,
92104122,
92104841,
92107205,
92108066,
92108303,
92108843,
92109897,
92110842,
92111746,
92112155,
92112363,
92115590,
92123030,
92125659,
92131415,
92131706,
92134250,
92136220,
92137831,
92139612,
92143049,
92143689,
92145063,
92148338,
92159453,
92169695,
92171459,
92172860,
92173426,
92178005,
92178652,
92179677,
92180274,
92183772,
92184587,
92185409,
92187041,
92192288,
92193137,
92193705,
92193784,
92193980,
92198924,
92199740,
92203743,
92205774,
92206956,
92216833,
92217655,
92220722,
92221588,
92222482,
92223813,
92226475,
92227260,
92231423,
92233433,
92235670,
92235870,
92236999,
92237361,
92237573,
92238551,
92238797,
92239023,
92239287,
92240638,
92241661,
92241964,
92242856,
92244917,
92247913,
92253228,
92258984,
92261660,
92263636,
92264746,
92270735,
92271853,
92272859,
92273880,
92276996,
92282094,
92283028,
92284300,
92286405,
92286796,
92286841,
92286846,
92287142,
92287315,
92287509,
92287836,
92288411,
92288517,
92290574,
92291308,
92295396,
92299029,
92299697,
92300229,
92301622,
92302354,
92303500,
92304432,
92304438,
92305012,
92306112,
92306188,
92306327,
92306590,
92308721,
92309129,
92311130,
92311989,
92312571,
92323105,
92324995,
92325836,
92326885,
92328447,
92333279,
92336893,
92337002,
92337474,
92338015,
92338541,
92341859,
92342247,
92342291,
92342363,
92342878,
92345164,
92346546,
92348436,
92350293,
92351136,
92355891,
92357935,
92361343,
92361618,
92362209,
92363686,
92364496,
92371788,
92378530,
92378606,
92383240,
92386121,
92386493,
92387852,
92391521,
92393842,
92395664,
92399900,
92400090,
92402150,
92402285,
92402945,
92403675,
92404904,
92405219,
92408981,
92409732,
92411715,
92416517,
92416561,
92423873,
92424325,
92424705,
92425922,
92427394,
92428529,
92430296,
92430816,
92430921,
92432713,
92432917,
92433239,
92433824,
92434478,
92434492,
92435527,
92435699,
92435738,
92435870,
92435893,
92436149,
92436418,
92436699,
92436906,
92437632,
92437948,
92438647,
92439198,
92439347,
92439829,
92440188,
92440585,
92440749,
92441141,
92441289,
92443237,
92444131,
92444370,
92445189,
92449683,
92449896,
92451948,
92451951,
92453585,
92454289,
92455071,
92456770,
92457717,
92462081,
92462254,
92462426,
92466765,
92467043,
92468856,
92469401,
92469519,
92469995,
92470038,
92470221,
92470361,
92470369,
92470441,
92470591,
92470732,
92470766,
92470796,
92471009,
92471251,
92471555,
92471985,
92472717,
92474292,
92476120,
92479301,
92481830,
92484842,
92488313,
92490099,
92491890,
92495233,
92497271,
92499065,
92499365,
92501393,
92501434,
92501937,
92502602,
92507702,
92507906,
92508763,
92510181,
92511345,
92513766,
92514001,
92515027,
92516396,
92518756,
92520227,
92520613,
92520848,
92522245,
92522442,
92522852,
92522948,
92523547,
92523657,
92523814,
92540651,
92542960,
92544307,
92548257,
92551086,
92551779,
92552738,
92554880,
92561762,
92562373,
92562413,
92563456,
92564049,
92566673,
92569733,
92578308,
92582449,
92583687,
92585005,
92588335,
92588725,
92588821,
92592388,
92592759,
92592903,
92593119,
92594272,
92594985,
92595922,
92597368,
92601834,
92605133,
92608418,
92610196,
92611226,
92616234,
92619989,
92625188,
92627849,
92628379,
92630947,
92633394,
92637493,
92641777,
92654030,
92664991,
92668567,
92671952,
92674194,
92674839,
92677159,
92684605,
92701153,
92705979,
92706589,
92708518,
92723787,
92726153,
92730360,
92735104,
92737426,
92741892,
92742480,
92743721,
92745457,
92749281,
92753276,
92756325,
92757160,
92757268,
92761758,
92771159,
92775347,
92789489,
92814714,
92820960,
92836412,
92857731,
92863417,
92864721,
92871302,
92897825,
92928584,
92933232,
92934134,
92935232,
92935482,
92935661,
92936717,
92937025,
92937434,
92939273,
92940386,
92945255,
92946154,
92946789,
92947071,
92948543,
92949173,
92949246,
92949966,
92951522,
92952268,
92953629,
92954743,
92957819,
92960185,
92966677,
92971453,
92973824,
92978961,
92985443,
92987057,
92990458,
92992294,
92995153,
92995530,
92995918,
92996622,
92997713,
92998540,
93003948,
93011569,
93012720,
93013378,
93013400,
93013966,
93015065,
93015349,
93016066,
93016747,
93019264,
93025578,
93025917,
93026848,
93028614,
93030622,
93033818,
93035578,
93040076,
93042342,
93045609,
93051954,
93052305,
93054282,
93056379,
93058398,
93058425,
93058520,
93058541,
93058887,
93061046,
93062714,
93062725,
93063384,
93064287,
93064918,
93065054,
93067057,
93067459,
93067992,
93069545,
93070021,
93070755,
93074594,
93075493,
93075972,
93076281,
93078171,
93078965,
93079276,
93084552,
93085978,
93088347,
93090043,
93090241,
93092308,
93092407,
93092493,
93099572,
93100577,
93100780,
93102667,
93102805,
93104209,
93104456,
93106268,
93107001,
93107134,
93107342,
93107393,
93108411,
93109700,
93111670,
93112520,
93112575,
93112667,
93113292,
93113360,
93113534,
93115666,
93115783,
93115910,
93116139,
93116927,
93119319,
93120915,
93120985,
93121402,
93121745,
93121775,
93121942,
93121954,
93122596,
93124341,
93124613,
93125549,
93126088,
93126410,
93127771,
93129888,
93130518,
93133434,
93139693,
93142052,
93148013,
93148207,
93148437,
93151523,
93152059,
93152106,
93156524,
93163910,
93165392,
93166119,
93166429,
93167188,
93168388,
93170179,
93171205,
93173029,
93173569,
93173916,
93174087,
93182669,
93182890,
93183546,
93184880,
93186260,
93186857,
93191370,
93191405,
93195650,
93197582,
93198794,
93201230,
93201436,
93207129,
93207413,
93208079,
93208155,
93208223,
93209243,
93209465,
93209548,
93209559,
93210462,
93212439,
93214735,
93215953,
93217923,
93218827,
93220968,
93223209,
93223401,
93227537,
93229513,
93230470,
93235138,
93235174,
93237410,
93237673,
93241680,
93243646,
93245218,
93246411,
93249426,
93249523,
93251195,
93251649,
93256973,
93259634,
93259812,
93260031,
93265838,
93270854,
93271248,
93272997,
93275462,
93276062,
93277042,
93277731,
93280598,
93282097,
93284660,
93285370,
93286322,
93288360,
93290685,
93292397,
93292418,
93292774,
93293307,
93293775,
93295209,
93296971,
93297893,
93298111,
93298814,
93299157,
93299684,
93299738,
93300271,
93301086,
93303695,
93309060,
93310183,
93312479,
93313316,
93313392,
93315762,
93316557,
93324917,
93328024,
93328542,
93332929,
93337569,
93340673,
93344512,
93345170,
93345650,
93346529,
93346722,
93346988,
93352160,
93353525,
93353954,
93358309,
93358616,
93358872,
93360627,
93362019,
93364559,
93372045,
93373791,
93374134,
93374565,
93376276,
93378692,
93380150,
93385599,
93386803,
93388000,
93391743,
93392072,
93393807,
93393884,
93396152,
93402389,
93402415,
93402648,
93402881,
93406789,
93406901,
93407651,
93413100,
93417495,
93420125,
93437869,
93440602,
93443323,
93445310,
93446456,
93458548,
93460074,
93467696,
93468969,
93469212,
93472063,
93478685,
93482269,
93491268,
93494833,
93497428,
93499733,
93505299,
93518511,
93522145,
93522995,
93524509,
93528184,
93528414,
93529860,
93529956,
93530499,
93530732,
93531912,
93532537,
93533008,
93533969,
93534444,
93536170,
93538378,
93541256,
93543444,
93548516,
93549252,
93550180,
93551228,
93553867,
93553916,
93554121,
93554213,
93554680,
93555017,
93556157,
93556231,
93557830,
93558463,
93567662,
93569182,
93571608,
93573978,
93574511,
93576249,
93576854,
93577009,
93579526,
93579724,
93581431,
93583177,
93583223,
93583921,
93585113,
93586311,
93588555,
93589777,
93590761,
93593037,
93593129,
93596112,
93597247,
93599489,
93601712,
93602258,
93602324,
93603203,
93604223,
93604465,
93604544,
93604785,
93605006,
93605780,
93607271,
93607692,
93607973,
93610123,
93610656,
93612194,
93612657,
93612880,
93613512,
93613905,
93615243,
93617826,
93619387,
93622561,
93622965,
93623437,
93623786,
93624844,
93624929,
93626578,
93626790,
93629194,
93631243,
93636702,
93641822,
93650913,
93658933,
93662664,
93665354,
93667458,
93677235,
93678876,
93681919,
93681936,
93682674,
93683503,
93684351,
93689097,
93690890,
93691799,
93695679,
93698222,
93702265,
93714395,
93714754,
93718276,
93718301,
93726366,
93733729,
93741975,
93742232,
93744621,
93745625,
93747759,
93748702,
93759027,
93767174,
93768672,
93771961,
93776500,
93777240,
93779835,
93781660,
93782197,
93784721,
93787693,
93788067,
93790305,
93790769,
93791357,
93792154,
93794710,
93796726,
93798475,
93801113,
93802088,
93806000,
93806234,
93806778,
93806780,
93807443,
93807502,
93807787,
93808167,
93808435,
93808745,
93808875,
93808978,
93811354,
93811429,
93812289,
93812431,
93813417,
93813517,
93813952,
93816278,
93816340,
93817688,
93817718,
93818313,
93819141,
93820335,
93820520,
93822907,
93823869,
93827301,
93827317,
93828845,
93829214,
93829879,
93830860,
93831760,
93832314,
93833084,
93834443,
93836046,
93838441,
93839345,
93839976,
93841700,
93842108,
93843988,
93845027,
93845361,
93845379,
93846248,
93851937,
93853609,
93854016,
93854282,
93854761,
93859949,
93860556,
93861674,
93861913,
93862068,
93862358,
93864343,
93864419,
93864505,
93865389,
93870921,
93873834,
93877498,
93881241,
93881250,
93884105,
93886158,
93886795,
93887287,
93887326,
93887443,
93887469,
93887656,
93888124,
93888654,
93888875,
93889195,
93889753,
93889875,
93891040,
93891779,
93892175,
93892405,
93895174,
93895312,
93895870,
93896043,
93896842,
93896906,
93897061,
93901436,
93901845,
93902664,
93903554,
93904399,
93906971,
93908177,
93910409,
93915285,
93918758,
93919364,
93922101,
93924202,
93924453,
93925451,
93925612,
93926040,
93926978,
93927340,
93927401,
93927707,
93929083,
93930101,
93930426,
93930905,
93935899,
93937921,
93941103,
93946956,
93951568,
93957046,
93958932,
93963429,
93963571,
93970010,
93973004,
93974450,
93975764,
93976321,
93977297,
93977699,
93981028,
93981624,
93981987,
93984240,
93984649,
93985161,
93989685,
93989821,
93990415,
93990885,
93991131,
93991285,
93991413,
93991481,
93991935,
93992100,
93992177,
93992781,
93993552,
93994752,
93995168,
93997129,
94009346,
94019189,
94022432,
94025348,
94030179,
94033020,
94033918,
94036551,
94038901,
94040768,
94042686,
94043618,
94044129,
94050743,
94053337,
94054607,
94054661,
94055577,
94055859,
94056795,
94058483,
94058660,
94059552,
94059705,
94059998,
94060176,
94063587,
94064261,
94072126,
94072937,
94073157,
94073278,
94073753,
94076560,
94077263,
94077469,
94077506,
94081990,
94082848,
94089429,
94090159,
94090369,
94093889,
94094185,
94094787,
94096188,
94096856,
94097608,
94098024,
94099106,
94099590,
94100356,
94101923,
94102541,
94104186,
94105588,
94105900,
94106617,
94106705,
94106813,
94107744,
94107883,
94108807,
94109888,
94110106,
94113039,
94115248,
94115452,
94115461,
94117454,
94118685,
94118832,
94118906,
94119801,
94119917,
94119926,
94120039,
94120631,
94121010,
94121189,
94121394,
94121423,
94121563,
94122027,
94122049,
94122418,
94123557,
94124813,
94126180,
94126627,
94128060,
94128609,
94129216,
94129489,
94130498,
94133004,
94133747,
94134840,
94135048,
94135413,
94136910,
94137760,
94137967,
94138125,
94138988,
94140109,
94141282,
94141463,
94141512,
94142054,
94142170,
94143026,
94145470,
94146898,
94147203,
94148082,
94149729,
94151572,
94152543,
94153758,
94154819,
94155197,
94155773,
94156231,
94158022,
94158067,
94161036,
94162901,
94162909,
94163838,
94165470,
94167770,
94169861,
94170141,
94171325,
94171597,
94172521,
94173489,
94175851,
94180034,
94183233,
94184004,
94185157,
94185248,
94186509,
94186660,
94187610,
94188145,
94191339,
94192936,
94193628,
94195210,
94199185,
94200782,
94200860,
94201607,
94202721,
94202781,
94210217,
94211355,
94215358,
94215823,
94217235,
94221050,
94221314,
94222208,
94222269,
94223249,
94224519,
94224922,
94225250,
94225544,
94225801,
94225996,
94227281,
94227361,
94228180,
94229965,
94230736,
94230926,
94231605,
94231816,
94231895,
94236252,
94241620,
94242498,
94243421,
94243523,
94243780,
94244485,
94244532,
94244612,
94245760,
94246318,
94246410,
94246462,
94247091,
94247111,
94247629,
94248246,
94249088,
94249317,
94249790,
94250425,
94250516,
94250927,
94251478,
94255168,
94255326,
94256548,
94257632,
94258576,
94258861,
94259450,
94260280,
94261209,
94264219,
94264359,
94264898,
94267197,
94267268,
94267676,
94268053,
94268697,
94268896,
94268970,
94270644,
94270646,
94270692,
94271276,
94271405,
94272016,
94272031,
94274712,
94275127,
94275356,
94276321,
94276638,
94276685,
94276737,
94277192,
94277497,
94277634,
94277966,
94278225,
94279111,
94279293,
94279830,
94280151,
94281365,
94283601,
94284536,
94284595,
94286377,
94288830,
94289427,
94290241,
94294133,
94299474,
94305103,
94338817,
94342540,
94348760,
94363337,
94373633,
94378965,
94398191,
94399987,
94407544,
94419676,
94442258,
94453182,
94457725,
94458851,
94465232,
94471700,
94472310,
94475210,
94481630,
94484352,
94486740,
94486965,
94486971,
94487159,
94487382,
94487802,
94488218,
94488667,
94489034,
94489128,
94489268,
94489344,
94489469,
94489824,
94490039,
94491129,
94491179,
94492331,
94493200,
94494104,
94494838,
94495987,
94496234,
94496271,
94496370,
94496828,
94497415,
94497576,
94497968,
94498270,
94498974,
94499109,
94503832,
94506338,
94507089,
94507910,
94508816,
94509187,
94509492,
94510250,
94510506,
94512364,
94512561,
94513940,
94515789,
94518987,
94520085,
94520520,
94520573,
94521826,
94522200,
94523531,
94524665,
94527707,
94528248,
94528399,
94528610,
94528877,
94529651,
94530087,
94530101,
94530162,
94531416,
94532978,
94533554,
94534004,
94534075,
94534149,
94534269,
94534300,
94534818,
94535783,
94535802,
94536377,
94536419,
94537239,
94538127,
94538192,
94538817,
94540829,
94541046,
94542092,
94542123,
94545433,
94548446,
94548533,
94550918,
94551856,
94552155,
94552703,
94553363,
94554419,
94554789,
94554880,
94554909,
94555248,
94556220,
94556552,
94558939,
94559710,
94559937,
94560243,
94560327,
94560964,
94561484,
94561826,
94561867,
94562958,
94563250,
94563598,
94564502,
94564627,
94565534,
94565647,
94565698,
94565724,
94566084,
94567547,
94568952,
94569014,
94570380,
94570588,
94571281,
94571933,
94572212,
94574716,
94577144,
94577291,
94577545,
94578513,
94580896,
94582307,
94582382,
94582606,
94583219,
94583595,
94584361,
94584632,
94584840,
94586613,
94586824,
94588624,
94589113,
94589847,
94590705,
94590840,
94594710,
94596311,
94596477,
94596557,
94598439,
94598681,
94598953,
94600872,
94601377,
94602093,
94602144,
94602886,
94603579,
94604509,
94605741,
94606766,
94607909,
94608586,
94608743,
94609581,
94610376,
94610916,
94615476,
94615878,
94616783,
94618958,
94623633,
94624245,
94624554,
94624684,
94626689,
94626982,
94629628,
94630766,
94633286,
94633740,
94634008,
94634523,
94634848,
94635072,
94635396,
94635450,
94635504,
94636437,
94636484,
94637451,
94638721,
94639037,
94639247,
94641397,
94645269,
94648331,
94649346,
94650491,
94652740,
94659358,
94662551,
94664639,
94665503,
94666284,
94668413,
94671829,
94671853,
94672611,
94673695,
94677357,
94677613,
94678857,
94679283,
94679972,
94682860,
94683025,
94683254,
94683738,
94686039,
94687785,
94688913,
94689337,
94689499,
94689597,
94690151,
94690690,
94690800,
94692047,
94694971,
94696729,
94702469,
94704530,
94706273,
94707153,
94707625,
94708853,
94710331,
94710747,
94711624,
94717125,
94717132,
94719114,
94719232,
94719256,
94719344,
94719636,
94719650,
94720259,
94720838,
94720876,
94720927,
94720973,
94721003,
94721781,
94721846,
94723103,
94723209,
94725758,
94726039,
94726883,
94729380,
94730909,
94730981,
94731030,
94732432,
94732753,
94733021,
94733077,
94733196,
94733272,
94733474,
94733729,
94733829,
94733832,
94736028,
94736983,
94737667,
94737821,
94740228,
94741246,
94741785,
94743116,
94743538,
94744293,
94745333,
94748965,
94750032,
94751456,
94752590,
94753360,
94753659,
94753705,
94753831,
94753949,
94754601,
94754979,
94755846,
94757329,
94758036,
94758167,
94758540,
94759100,
94759492,
94759561,
94759610,
94759624,
94759658,
94759909,
94760725,
94763231,
94766378,
94766828,
94767598,
94773996,
94774420,
94776987,
94777090,
94781112,
94781676,
94784614,
94786085,
94788412,
94792761,
94793176,
94797994,
94800666,
94803371,
94807077,
94807529,
94809362,
94819669,
94820272,
94838795,
94840501,
94844279,
94844440,
94845400,
94845814,
94845898,
94847768,
94848607,
94849891,
94856218,
94856321,
94858311,
94862442,
94863329,
94865416,
94866511,
94866926,
94866929,
94888824,
94890949,
94891627,
94895954,
94907876,
94909784,
94910241,
94911795,
94915730,
94922624,
94924610,
94928015,
94928356,
94928453,
94928460,
94929176,
94929653,
94929995,
94930612,
94932042,
94934696,
94935298,
94935746,
94937347,
94941272,
94943954,
94944333,
94946682,
94948832,
94951745,
94952702,
94953677,
94953865,
94954401,
94955272,
94955921,
94961764,
94964487,
94965462,
94965538,
94965656,
94965936,
94966932,
94967204,
94967222,
94968790,
94969920,
94970907,
94972059,
94972828,
94981913,
94993014,
94995066,
94996666,
94997235,
94999511,
95001537,
95001798,
95002350,
95003129,
95003255,
95003498,
95004271,
95010075,
95010291,
95010407,
95010881,
95011356,
95012467,
95014125,
95028331,
95035655,
95037318,
95048341,
95048465,
95051129,
95052984,
95063468,
95067003,
95077553,
95078312,
95086145,
95087525,
95096471,
95099559,
95104797,
95111268,
95112846,
95116362,
95121942,
95128700,
95128734,
95143173,
95145743,
95146039,
95154696,
95173688,
95176390,
95178250,
95184107,
95197809,
95198435,
95198495,
95202115,
95206621,
95208586,
95208895,
95209003,
95210513,
95217408,
95221226,
95229705,
95237499,
95242035,
95253607,
95266405,
95272321,
95274660,
95284621,
95288904,
95292016,
95300617,
95301483,
95302643,
95307925,
95308608,
95309508,
95311755,
95314631,
95316822,
95318099,
95319979,
95321085,
95322015,
95322045,
95322705,
95323350,
95323488,
95323720,
95323986,
95324266,
95324679,
95324782,
95324851,
95324856,
95325127,
95325172,
95325666,
95326154,
95326158,
95326278,
95327373,
95327971,
95328018,
95329393,
95329481,
95330924,
95333718,
95334389,
95334651,
95335195,
95335749,
95336164,
95336203,
95337559,
95338839,
95340424,
95340969,
95341618,
95342358,
95343365,
95343431,
95343592,
95343799,
95344332,
95344703,
95344730,
95344795,
95344956,
95345818,
95346097,
95346868,
95347116,
95348337,
95349647,
95350472,
95350907,
95351216,
95354009,
95354550,
95355148,
95356949,
95356958,
95357333,
95357631,
95359273,
95359299,
95360376,
95361891,
95364849,
95368006,
95368481,
95371206,
95372140,
95377055,
95379176,
95380427,
95382481,
95383541,
95383600,
95383852,
95385628,
95386120,
95391262,
95394546,
95396033,
95396068,
95396883,
95400276,
95400427,
95401425,
95402947,
95409010,
95409178,
95410414,
95411179,
95424456,
95427098,
95429454,
95434127,
95435138,
95435798,
95436561,
95438488,
95438601,
95439904,
95440334,
95440523,
95442545,
95447117,
95447482,
95449867,
95450665,
95452861,
95456200,
95470605,
95470642,
95470864,
95473386,
95473919,
95486849,
95487178,
95488027,
95494645,
95494826,
95507106,
95508702,
95509766,
95512826,
95513613,
95514057,
95515464,
95524204,
95526325,
95526554,
95533260,
95533985,
95536491,
95536904,
95537375,
95537378,
95537920,
95538704,
95541014,
95541253,
95541400,
95541797,
95544214,
95544559,
95545714,
95546819,
95546939,
95548130,
95548591,
95551395,
95551704,
95551849,
95554317,
95554589,
95556031,
95556284,
95556353,
95556574,
95563001,
95563366,
95564494,
95565457,
95565514,
95571913,
95572020,
95573167,
95573520,
95573680,
95575144,
95575322,
95575618,
95575897,
95577475,
95578811,
95579203,
95580011,
95581261,
95582376,
95583913,
95589007,
95590901,
95592425,
95593130,
95593187,
95594598,
95595242,
95595666,
95595981,
95596204,
95597709,
95599054,
95599243,
95600364,
95602129,
95602917,
95604325,
95604456,
95606690,
95606987,
95608153,
95608533,
95609100,
95609329,
95610949,
95611703,
95613805,
95614866,
95619357,
95621169,
95621477,
95622669,
95623660,
95623746,
95623822,
95624248,
95625341,
95625816,
95625918,
95626041,
95626517,
95627108,
95627256,
95627605,
95627835,
95627977,
95628322,
95628465,
95628822,
95629142,
95629272,
95629586,
95631896,
95632202,
95633690,
95633982,
95634096,
95634748,
95635409,
95635554,
95638101,
95642405,
95642530,
95643612,
95646214,
95647434,
95647609,
95649863,
95650513,
95652313,
95652426,
95652657,
95652909,
95652948,
95653496,
95653873,
95654302,
95655965,
95656291,
95657400,
95657641,
95658106,
95658944,
95663407,
95673384,
95677543,
95678378,
95678739,
95678906,
95680546,
95680664,
95681746,
95683203,
95683280,
95683320,
95683341,
95684045,
95686055,
95689889,
95690403,
95690546,
95692073,
95692973,
95694092,
95694527,
95694671,
95694769,
95695051,
95695543,
95696159,
95697226,
95697281,
95699581,
95700307,
95704970,
95705699,
95706817,
95707494,
95710151,
95712055,
95716612,
95717339,
95718771,
95723174,
95726292,
95729830,
95731365,
95732308,
95733780,
95733808,
95736628,
95736934,
95737267,
95738116,
95738300,
95738321,
95738896,
95739608,
95740875,
95742383,
95745399,
95748087,
95750136,
95750283,
95750298,
95751053,
95751471,
95751691,
95752050,
95752748,
95753739,
95754057,
95761850,
95765392,
95766397,
95767206,
95767806,
95768193,
95768289,
95768509,
95768735,
95769933,
95770235,
95770381,
95772885,
95773906,
95774626,
95781685,
95783245,
95788086,
95788145,
95789299,
95789411,
95791963,
95797933,
95799375,
95801045,
95802226,
95802863,
95810474,
95811382,
95819081,
95826685,
95826871,
95849272,
95849281,
95854050,
95858840,
95859596,
95860387,
95861101,
95861528,
95867826,
95877649,
95877827,
95880911,
95882081,
95886533,
95889653,
95890475,
95896885,
95897918,
95899279,
95905897,
95916098,
95916860,
95918328,
95918791,
95918907,
95919469,
95920099,
95920255,
95920573,
95921708,
95922136,
95922617,
95926377,
95928589,
95929493,
95929641,
95932493,
95933040,
95936802,
95939756,
95941333,
95942260,
95942502,
95943067,
95943404,
95949974,
95954757,
95956475,
95957318,
95961597,
95964306,
95965360,
95966571,
95966694,
95966727,
95967146,
95969257,
95969566,
95970920,
95972321,
95972599,
95972919,
95972990,
95973614,
95973701,
95974121,
95975164,
95976962,
95977226,
95980835,
95981903,
95984480,
95985148,
95986027,
95986352,
95987713,
95989159,
95990252,
95990360,
95990566,
95990658,
95990718,
95990763,
95991580,
95992359,
95993079,
95993293,
95993549,
95993842,
95994050,
95994403,
95996211,
95996557,
95997111,
96000146,
96000458,
96000542,
96000738,
96005049,
96006090,
96007473,
96008755,
96009831,
96011298,
96015422,
96015534,
96027790,
96028598,
96029668,
96032218,
96032493,
96034096,
96036004,
96036641,
96037136,
96037300,
96037637,
96040967,
96041101,
96041723,
96042874,
96043775,
96044147,
96044540,
96044774,
96045211,
96045241,
96046035,
96046946,
96047443,
96047514,
96048016,
96048098,
96048256,
96048746,
96049168,
96049540,
96049842,
96050775,
96050918,
96051583,
96051769,
96052032,
96053784,
96054068,
96055120,
96055959,
96057908,
96058202,
96059617,
96061981,
96062092,
96063586,
96070841,
96075005,
96075110,
96078530,
96080309,
96082657,
96084035,
96087581,
96090036,
96090729,
96093617,
96093763,
96095793,
96097129,
96097971,
96098782,
96113082,
96119364,
96120178,
96120183,
96120692,
96122842,
96123185,
96124103,
96124823,
96124968,
96126092,
96127239,
96127727,
96130443,
96130994,
96131464,
96132224,
96132841,
96133125,
96133862,
96133981,
96134191,
96134282,
96134976,
96135462,
96136017,
96136878,
96139780,
96140141,
96143359,
96144871,
96145145,
96145705,
96146068,
96147991,
96148168,
96149346,
96149425,
96149446,
96149710,
96150519,
96150690,
96150735,
96152270,
96152459,
96153026,
96153234,
96153723,
96154310,
96154415,
96154429,
96154517,
96154652,
96155855,
96157409,
96158793,
96158932,
96159469,
96161292,
96161386,
96161623,
96163168,
96163182,
96164192,
96166452,
96167745,
96167962,
96170175,
96170549,
96170746,
96170949,
96177401,
96178835,
96180292,
96189059,
96190264,
96190402,
96193271,
96197873,
96202349,
96206001,
96206377,
96208964,
96210668,
96213110,
96223245,
96223525,
96224705,
96224984,
96227233,
96227706,
96228655,
96230520,
96232140,
96234768,
96236847,
96237096,
96240800,
96244718,
96244964,
96245960,
96246126,
96250077,
96250884,
96253708,
96256847,
96258191,
96258579,
96259722,
96263712,
96266932,
96270493,
96279985,
96287002,
96289394,
96301549,
96302096,
96304858,
96309530,
96311729,
96327340,
96334448,
96336071,
96338526,
96363624,
96368048,
96378938,
96383041,
96384917,
96386333,
96389512,
96392136,
96392258,
96397167,
96398787,
96404900,
96405252,
96405734,
96407438,
96407669,
96408214,
96408274,
96408385,
96409332,
96410318,
96410657,
96411789,
96413306,
96413378,
96413401,
96413703,
96415236,
96416145,
96417502,
96417607,
96417885,
96418482,
96419638,
96419694,
96420034,
96420087,
96420176,
96420830,
96421290,
96422951,
96423643,
96425644,
96426430,
96427517,
96427790,
96429346,
96432010,
96432471,
96432660,
96432832,
96433642,
96434738,
96435719,
96436468,
96436499,
96437430,
96440317,
96440788,
96442251,
96448325,
96452593,
96453689,
96458633,
96462531,
96472351,
96481470,
96486463,
96487957,
96492763,
96493790,
96494806,
96507219,
96511577,
96514193,
96521373,
96521423,
96524065,
96529576,
96531039,
96534193,
96534431,
96541713,
96554384,
96572329,
96573434,
96573513,
96573712,
96573892,
96574176,
96575032,
96580972,
96583814,
96584664,
96591599,
96592411,
96595565,
96638078,
96645536,
96653331,
96655606,
96659258,
96659712,
96659860,
96660123,
96660186,
96660641,
96663125,
96664929,
96677682,
96679518,
96681196,
96706394,
96708799,
96710325,
96729974,
96742439,
96751855,
96756778,
96757031,
96758307,
96758635,
96760045,
96765093,
96766432,
96766597,
96766890,
96772243,
96773513,
96781879,
96808661,
96817050,
96823774,
96835721,
96836645,
96848578,
96853471,
96869194,
96878301,
96880662,
96883248,
96884663,
96887193,
96887994,
96889854,
96890362,
96894315,
96897236,
96898069,
96902157,
96905585,
96906761,
96906878,
96908904,
96910685,
96918042,
96920222,
96928178,
96941571,
96943831,
96944329,
96952176,
96963463,
96964892,
96966451,
96966929,
96971553,
96972304,
96973020,
96974802,
96975045,
96981096,
96982191,
96984348,
96987372,
96990244,
96990490,
96991075,
96997905,
97000153,
97000359,
97004315,
97005774,
97008242,
97011193,
97018282,
97021118,
97021751,
97022285,
97028764,
97031180,
97031199,
97031913,
97032148,
97035533,
97035641,
97035770,
97036545,
97039835,
97040758,
97041786,
97044554,
97045426,
97046731,
97046983,
97047672,
97047917,
97048150,
97048153,
97051538,
97052317,
97056855,
97057533,
97060757,
97061354,
97066578,
97071622,
97075200,
97081319,
97085851,
97086875,
97087804,
97090490,
97092789,
97093854,
97095207,
97095386,
97096031,
97096155,
97096682,
97097505,
97097559,
97097815,
97097861,
97099031,
97099489,
97100922,
97101985,
97102148,
97104555,
97113763,
97116166,
97117283,
97118222,
97124813,
97126124,
97126730,
97136199,
97136206,
97138259,
97140561,
97143199,
97144558,
97145286,
97145459,
97147753,
97148356,
97148535,
97152613,
97157245,
97157725,
97157786,
97163331,
97163627,
97163929,
97164235,
97164309,
97165338,
97168192,
97169609,
97181572,
97184168,
97188903,
97194238,
97194711,
97198343,
97198532,
97208117,
97210689,
97213164,
97215323,
97216856,
97222828,
97230614,
97231725,
97231990,
97245140,
97245365,
97245412,
97247669,
97248894,
97249167,
97252113,
97255476,
97255501,
97255538,
97255807,
97256657,
97258630,
97266512,
97269104,
97272699,
97274434,
97275480,
97277789,
97279671,
97280339,
97280689,
97280714,
97282456,
97282595,
97286949,
97287053,
97287209,
97288232,
97288538,
97289780,
97290493,
97290617,
97290887,
97291103,
97291278,
97291418,
97291585,
97291923,
97292645,
97293825,
97293911,
97295409,
97295989,
97296411,
97297341,
97297908,
97299184,
97299500,
97301439,
97303612,
97305456,
97305641,
97314329,
97316092,
97318900,
97319803,
97320845,
97321522,
97322209,
97323619,
97323954,
97323968,
97324239,
97325332,
97326541,
97327108,
97327123,
97328399,
97328423,
97328540,
97328668,
97328898,
97329035,
97329146,
97329660,
97330504,
97330548,
97330614,
97331198,
97331355,
97331625,
97332677,
97333380,
97334058,
97334132,
97335253,
97335503,
97335687,
97336957,
97336973,
97338151,
97338323,
97338487,
97340566,
97342817,
97344578,
97345134,
97346960,
97358011,
97359373,
97360559,
97360816,
97361235,
97361535,
97362694,
97362838,
97363737,
97365003,
97366794,
97368291,
97368781,
97368850,
97369006,
97369771,
97370398,
97370465,
97373960,
97374313,
97375926,
97378549,
97379089,
97379306,
97381155,
97386122,
97387581,
97387811,
97387913,
97392076,
97392921,
97393282,
97393986,
97394352,
97395898,
97397121,
97397226,
97397230,
97397390,
97397707,
97397722,
97397767,
97397786,
97397884,
97397974,
97397978,
97398042,
97398403,
97398808,
97399990,
97400017,
97401722,
97404783,
97405032,
97405385,
97405745,
97405855,
97406130,
97406297,
97406460,
97407062,
97407577,
97408105,
97409787,
97412396,
97412746,
97413636,
97414048,
97415217,
97415655,
97416686,
97416954,
97417067,
97417284,
97420276,
97420720,
97422259,
97424064,
97424756,
97426778,
97429747,
97430988,
97433383,
97437182,
97438129,
97439620,
97444906,
97446971,
97447884,
97452509,
97452763,
97454448,
97454897,
97455006,
97457475,
97458979,
97459816,
97460263,
97461305,
97461848,
97463358,
97464877,
97466430,
97467050,
97470078,
97471053,
97471725,
97472373,
97472454,
97474429,
97476936,
97476966,
97477271,
97477357,
97477600,
97477601,
97478271,
97478282,
97478628,
97479946,
97480181,
97481498,
97481553,
97483234,
97483380,
97485696,
97485965,
97488986,
97490907,
97491274,
97491384,
97492962,
97495638,
97496227,
97506601,
97512028,
97512250,
97513797,
97520199,
97522367,
97522693,
97523805,
97523814,
97524287,
97524498,
97525273,
97529746,
97533284,
97534658,
97546010,
97550636,
97551894,
97555140,
97561323,
97562470,
97564420,
97566282,
97575332,
97576359,
97581519,
97584851,
97588975,
97598206,
97598304,
97600256,
97600990,
97602774,
97603932,
97607786,
97609049,
97616347,
97616714,
97619536,
97620965,
97622665,
97623102,
97623828,
97623956,
97626547,
97627171,
97627442,
97629821,
97630876,
97632698,
97633351,
97635321,
97636025,
97636533,
97640184,
97640312,
97645084,
97657820,
97659377,
97660828,
97663975,
97681366,
97682067,
97688258,
97688808,
97697509,
97698456,
97701769,
97703536,
97703622,
97703639,
97703724,
97704015,
97704270,
97715415,
97719520,
97724207,
97724788,
97732063,
97735614,
97740952,
97741580,
97743138,
97743519,
97744094,
97745321,
97745981,
97747231,
97748387,
97749923,
97752445,
97770032,
97776894,
97777460,
97779208,
97779739,
97782455,
97783109,
97783851,
97784905,
97785014,
97785017,
97786673,
97791469,
97792534,
97795355,
97796698,
97798068,
97798160,
97800821,
97801781,
97802512,
97803042,
97803265,
97805539,
97805621,
97806392,
97813651,
97813833,
97814153,
97814371,
97814510,
97815946,
97816983,
97819105,
97819424,
97819433,
97819704,
97820490,
97820797,
97820856,
97821118,
97821345,
97821585,
97822673,
97823236,
97823826,
97824672,
97824896,
97825081,
97826012,
97827288,
97828479,
97830246,
97830411,
97830748,
97834754,
97838444,
97838867,
97845144,
97847037,
97847679,
97848382,
97850146,
97850179,
97851200,
97851292,
97851354,
97854475,
97865786,
97866052,
97872411,
97873387,
97874420,
97876800,
97878432,
97884337,
97889489,
97892775,
97896756,
97901262,
97901590,
97901684,
97902242,
97902378,
97903059,
97905028,
97908153,
97909154,
97916400,
97919456,
97920449,
97923528,
97923710,
97924299,
97925355,
97925946,
97936576,
97938533,
97938580,
97940182,
97941091,
97941194,
97942207,
97945608,
97946058,
97953655,
97958857,
97960330,
97964010,
97966676,
97970666,
97971779,
97976696,
97977494,
97985620,
97986502,
97988095,
97992281,
97992575,
97992818,
97993101,
97997837,
97999451,
98001893,
98012953,
98014221,
98016834,
98020717,
98021631,
98022462,
98027735,
98033512,
98040422,
98058842,
98063882,
98065762,
98070998,
98075371,
98079432,
98081990,
98082157,
98092956,
98094513,
98094658,
98097278,
98099305,
98101933,
98104846,
98109249,
98109556,
98111043,
98111060,
98112316,
98117655,
98117894,
98120353,
98120514,
98124406,
98126773,
98127484,
98127650,
98127699,
98130615,
98131892,
98133031,
98134071,
98142192,
98144475,
98144485,
98151109,
98151727,
98154579,
98157780,
98158574,
98159260,
98164931,
98166028,
98166177,
98169470,
98171125,
98171864,
98174551,
98175938,
98176117,
98176354,
98179801,
98182786,
98182802,
98183129,
98183583,
98184286,
98184699,
98184734,
98184838,
98184853,
98185347,
98185375,
98185419,
98185642,
98185661,
98185808,
98186322,
98186502,
98186774,
98186856,
98188853,
98189359,
98189714,
98190626,
98190633,
98192506,
98194786,
98196304,
98197415,
98197432,
98198787,
98199071,
98206522,
98210355,
98210377,
98211010,
98212693,
98214740,
98216418,
98218141,
98219744,
98220856,
98222332,
98223074,
98223555,
98227509,
98229300,
98241211,
98243619,
98244638,
98257005,
98257307,
98257838,
98264821,
98266235,
98267279,
98282308,
98282564,
98286144,
98290002,
98324590,
98327808,
98329482,
98334497,
98337575,
98340398,
98346025,
98348024,
98351434,
98353369,
98353467,
98356275,
98356703,
98362245,
98363995,
98364635,
98365172,
98365529,
98366252,
98366402,
98367036,
98368708,
98374203,
98375372,
98376430,
98376884,
98379196,
98380752,
98383068,
98384581,
98384657,
98386388,
98387223,
98387310,
98387787,
98388343,
98388431,
98388484,
98389449,
98390565,
98390971,
98391073,
98391135,
98391390,
98391402,
98391788,
98393834,
98397100,
98397603,
98398240,
98398265,
98399524,
98399635,
98401146,
98405590,
98405676,
98411012,
98415154,
98416527,
98419324,
98420998,
98421940,
98423460,
98425887,
98430520,
98438410,
98442657,
98452773,
98456416,
98457187,
98464173,
98467561,
98468339,
98473937,
98477578,
98477964,
98478214,
98483076,
98495785,
98503694,
98505550,
98507850,
98515033,
98515180,
98516742,
98517377,
98523009,
98532086,
98537185,
98537332,
98543195,
98545341,
98550545,
98550939,
98556711,
98570958,
98572816,
98574930,
98576338,
98577721,
98578127,
98580877,
98580954,
98582009,
98582136,
98582515,
98583136,
98583417,
98587009,
98588287,
98589435,
98590518,
98591277,
98592313,
98603561,
98606530,
98613844,
98618124,
98620842,
98621965,
98625279,
98625851,
98637272,
98663073,
98666571,
98677244,
98682537,
98690608,
98702428,
98707631,
98712060,
98714509,
98715644,
98718544,
98735718,
98740587,
98740643,
98741859,
98742419,
98743605,
98748042,
98748118,
98750504,
98751768,
98751958,
98752808,
98753266,
98753422,
98754888,
98757553,
98759107,
98759803,
98763665,
98763744,
98769415,
98769492,
98770835,
98772211,
98773026,
98774244,
98776036,
98776493,
98779964,
98782061,
98790395,
98796593,
98802019,
98802822,
98805419,
98807446,
98810815,
98811934,
98815214,
98815656,
98815894,
98816767,
98821852,
98824464,
98826505,
98830281,
98831040,
98833375,
98833469,
98834546,
98834918,
98835361,
98835441,
98836200,
98836730,
98836775,
98836815,
98838412,
98838641,
98839503,
98839974,
98841575,
98841860,
98842871,
98844523,
98845476,
98847056,
98847272,
98848840,
98850270,
98850708,
98851047,
98851272,
98851352,
98852466,
98852767,
98852904,
98853605,
98854346,
98856051,
98856126,
98856217,
98857745,
98857825,
98858581,
98860559,
98860601,
98860724,
98860856,
98863116,
98867316,
98867716,
98868560,
98868898,
98869011,
98869168,
98869559,
98870335,
98870951,
98870952,
98870975,
98870992,
98871026,
98871369,
98871372,
98871811,
98871927,
98872276,
98872316,
98872529,
98873304,
98873787,
98873978,
98875339,
98877040,
98877632,
98878799,
98884129,
98885152,
98886248,
98888967,
98890086,
98891514,
98896534,
98899654,
98900720,
98900776,
98901589,
98901929,
98910625,
98910768,
98912208,
98913558,
98913655,
98913921,
98914503,
98914835,
98914840,
98914991,
98915064,
98915183,
98915404,
98915971,
98917563,
98917608,
98918741,
98919252,
98920476,
98922071,
98922446,
98924489,
98926428,
98927692,
98930058,
98931089,
98932977,
98935157,
98938820,
98939438,
98940750,
98946315,
98949080,
98950104,
98951358,
98952702,
98954600,
98954734,
98955311,
98955602,
98955763,
98956049,
98956857,
98956921,
98957238,
98958016,
98959504,
98962019,
98968178,
98968802,
98968827,
98969863,
98971817,
98972448,
98973144,
98983861,
98992214,
98993155,
98994888,
98999589,
99001671,
99006753,
99008933,
99019043,
99023090,
99024108,
99038368,
99039019,
99039511,
99042740,
99042803,
99050653,
99053198,
99074451,
99087305,
99092361,
99095954,
99096981,
99104861,
99116022,
99125625,
99125665,
99126815,
99127576,
99131117,
99145642,
99147282,
99149225,
99156281,
99162150,
99162642,
99170407,
99173867,
99179647,
99188984,
99197122,
99204476,
99204756,
99212952,
99226024,
99231468,
99237440,
99241913,
99243426,
99244497,
99246649,
99246778,
99248648,
99249724,
99249764,
99252062,
99264913,
99269125,
99276041,
99278033,
99285334,
99285905,
99287929,
99291841,
99296444,
99297669,
99298228,
99298570,
99298944,
99299472,
99299716,
99299741,
99301874,
99304052,
99318100,
99332824,
99337076,
99337205,
99338114,
99343480,
99347313,
99352415,
99352467,
99355530,
99360474,
99362753,
99369006,
99372427,
99372828,
99389059,
99394141,
99394474,
99395246,
99398083,
99409448,
99409611,
99410018,
99410757,
99411898,
99412820,
99412923,
99413721,
99416537,
99417020,
99418391,
99418953,
99419494,
99420161,
99420422,
99421541,
99422066,
99422136,
99422192,
99422331,
99422615,
99422663,
99423063,
99424358,
99426811,
99427905,
99429254,
99431119,
99431683,
99431937,
99432798,
99432834,
99433330,
99433786,
99435059,
99435716,
99436967,
99437043,
99441548,
99442085,
99443291,
99443791,
99445700,
99445792,
99447672,
99450010,
99450846,
99451756,
99452689,
99453016,
99453039,
99453225,
99454421,
99454762,
99455105,
99455121,
99455310,
99456178,
99461518,
99461953,
99472380,
99476848,
99478881,
99489792,
99496461,
99502553,
99506656,
99507289,
99509716,
99527512,
99529991,
99530278,
99536121,
99537270,
99563241,
99566743,
99569620,
99570511,
99573507,
99575763,
99576045,
99577853,
99585951,
99587747,
99588286,
99589093,
99589552,
99589700,
99590811,
99591135,
99591443,
99592145,
99593422,
99594028,
99594415,
99594822,
99595340,
99596336,
99597296,
99598999,
99602098,
99614994,
99616030,
99619389,
99620235,
99623993,
99625685,
99627981,
99628593,
99630460,
99636359,
99643625,
99645056,
99645377,
99646318,
99647607,
99648073,
99648163,
99648261,
99648384,
99649743,
99649866,
99649979,
99650236,
99651378,
99653342,
99654590,
99655974,
99656369,
99657224,
99662750,
99663745,
99664752,
99666046,
99679693,
99693913,
99698477,
99701000,
99703567,
99709385,
99709976,
99710997,
99718054,
99729766,
99738549,
99743638,
99746190,
99746340,
99747988,
99758357,
99772197,
99776057,
99780343,
99780491,
99781689,
99784871,
99786452,
99787727,
99789114,
99792945,
99795409,
99802009,
99805483,
99807561,
99807964,
99810043,
99810290,
99816578,
99821213,
99821638,
99821869,
99823195,
99825428,
99834205,
99837206,
99850781,
99861478,
99872024,
99880551,
99882257,
99883056,
99883565,
99884261,
99898266,
99898942,
99900403,
99902857,
99906250,
99936931,
99940274,
99949227,
99956837,
99975004,
99976498,
99979328,
99982613,
99985853,
99986419,
99997309,
100002545,
100053029,
100054787,
100060398,
100065559,
100069934,
100087241,
100114351,
100129604,
100138970,
100147247,
100162332,
100181994,
100210442,
100220372,
100225311,
100229999,
100232373,
100236015,
100238018,
100243715,
100247108,
100263685,
100264338,
100264627,
100265651,
100266320,
100267439,
100268049,
100268848,
100273270,
100276889,
100278211,
100280456,
100283181,
100289341,
100311848,
100345835,
100354803,
100361368,
100364439,
100366986,
100369387,
100370339,
100370718,
100376150,
100379253,
100379688,
100381976,
100382177,
100382934,
100385717,
100386589,
100387140,
100387250,
100387968,
100388109,
100388835,
100390500,
100399200,
100401106,
100403706,
100405606,
100407284,
100408371,
100410413,
100410954,
100420229,
100425926,
100428732,
100429608,
100433489,
100447527,
100456328,
100456971,
100457528,
100458926,
100466204,
100466748,
100467228,
100469465,
100470936,
100470989,
100472676,
100474985,
100475804,
100479920,
100480991,
100481122,
100481710,
100489156,
100491328,
100493882,
100505648,
100509553,
100512360,
100528939,
100531316,
100538596,
100539027,
100545282,
100553046,
100553746,
100555839,
100556592,
100557491,
100557987,
100566308,
100569172,
100571897,
100572935,
100573070,
100573134,
100573224,
100573881,
100573970,
100576174,
100576883,
100579930,
100584658,
100585733,
100599774,
100599892,
100611048,
100620340,
100622907,
100623666,
100624235,
100624382,
100628359,
100629900,
100631184,
100631228,
100632887,
100635593,
100639250,
100650423,
100665699,
100666292,
100668764,
100671460,
100671618,
100672154,
100674315,
100674704,
100675455,
100676269,
100676952,
100677329,
100677848,
100677932,
100686872,
100687966,
100690298,
100690847,
100691268,
100691369,
100693812,
100695211,
100695276,
100696083,
100696766,
100696812,
100696900,
100696925,
100697786,
100697990,
100699045,
100699393,
100699781,
100701311,
100704513,
100705168,
100705373,
100705523,
100705791,
100706099,
100707059,
100712859,
100713352,
100714073,
100715389,
100716906,
100719276,
100723476,
100724034,
100724240,
100724605,
100724725,
100725596,
100727272,
100727738,
100727861,
100728186,
100728215,
100732771,
100734292,
100737130,
100738420,
100744781,
100750849,
100751289,
100755638,
100756107,
100756850,
100757205,
100757696,
100761596,
100761857,
100770505,
100776621,
100778695,
100779417,
100780664,
100787183,
100787207,
100787445,
100795141,
100800209,
100800830,
100801309,
100809756,
100809861,
100811874,
100812789,
100814678,
100814840,
100815534,
100815952,
100817987,
100818691,
100821044,
100821630,
100821721,
100821767,
100822032,
100822048,
100823404,
100823406,
100829446,
100830231,
100833795,
100835012,
100835094,
100837050,
100838773,
100845647,
100846571,
100853768,
100856096,
100863061,
100866679,
100869097,
100879589,
100883084,
100885120,
100885234,
100885742,
100885933,
100887083,
100903253,
100910394,
100917366,
100919962,
100924628,
100925096,
100938334,
100939059,
100940871,
100946378,
100949650,
100952702,
100954723,
100958872,
100959454,
100960657,
100960662,
100962480,
100964503,
100967296,
100974638,
100978329,
100979820,
100980066,
100981867,
100982044,
100982336,
100982429,
100982462,
100983014,
100983231,
100986365,
100986435,
100986951,
100987353,
100987737,
100987744,
100988713,
100988840,
100989084,
100989247,
100992161,
100992690,
100993181,
100993424,
100994492,
100997503,
100999132,
100999455,
100999589,
101000565,
101003625,
101006192,
101009708,
101014607,
101029693,
101035290,
101038032,
101038056,
101040211,
101041005,
101044030,
101045734,
101046209,
101046935,
101048851,
101050181,
101050478,
101050512,
101050864,
101051334,
101051363,
101052306,
101052736,
101053177,
101053454,
101053634,
101053793,
101053862,
101054222,
101054613,
101054734,
101054901,
101054929,
101055382,
101055589,
101057920,
101063067,
101064870,
101067829,
101068109,
101069039,
101074573,
101076273,
101077510,
101078151,
101082826,
101091962,
101092586,
101093023,
101093371,
101095719,
101097269,
101097596,
101098842,
101113389,
101118054,
101118426,
101119879,
101122813,
101126910,
101129081,
101129591,
101130197,
101130199,
101130442,
101130756,
101131385,
101131594,
101133904,
101134797,
101138159,
101140968,
101142274,
101156059,
101158296,
101162947,
101164730,
101166549,
101170055,
101170929,
101172106,
101181873,
101193400,
101193739,
101200137,
101200258,
101200303,
101200614,
101206542,
101208568,
101210443,
101213520,
101214916,
101215421,
101217259,
101217657,
101217663,
101217802,
101219709,
101220204,
101220624,
101221725,
101221750,
101222210,
101223338,
101223539,
101223738,
101224018,
101225706,
101226175,
101226230,
101227044,
101227922,
101232400,
101232722,
101237780,
101238471,
101238720,
101239023,
101239240,
101239330,
101239987,
101243106,
101243152,
101243424,
101243502,
101246567,
101250738,
101252187,
101254575,
101255106,
101260781,
101264256,
101267030,
101273771,
101277354,
101277706,
101286352,
101287294,
101292007,
101292073,
101299187,
101316078,
101319362,
101320668,
101330400,
101334387,
101337926,
101352828,
101357035,
101361904,
101363751,
101364371,
101367782,
101380460,
101393829,
101394015,
101401230,
101404198,
101406886,
101406901,
101407057,
101410670,
101426563,
101427979,
101428622,
101429933,
101430727,
101431515,
101431655,
101432304,
101432308,
101432388,
101432417,
101432661,
101433264,
101434271,
101434917,
101435465,
101435864,
101436693,
101438313,
101439058,
101439145,
101440482,
101440529,
101440612,
101441053,
101449189,
101449461,
101450022,
101452110,
101452499,
101455142,
101458618,
101459333,
101462686,
101465627,
101466519,
101466826,
101466867,
101467485,
101467627,
101467713,
101468129,
101468386,
101468488,
101468911,
101470517,
101471014,
101471280,
101471537,
101471578,
101472622,
101473588,
101474218,
101474325,
101476677,
101476990,
101477025,
101478562,
101480177,
101480247,
101490610,
101491920,
101493341,
101497292,
101499142,
101499536,
101500126,
101502864,
101504451,
101511808,
101513652,
101514609,
101516046,
101522971,
101524248,
101525111,
101525199,
101525327,
101526649,
101528755,
101535234,
101536139,
101536364,
101536457,
101539111,
101539197,
101539381,
101547304,
101547378,
101548958,
101549704,
101550800,
101550993,
101551476,
101551510,
101553787,
101555443,
101555958,
101557827,
101557952,
101558064,
101558770,
101558877,
101562531,
101562898,
101567097,
101567294,
101571171,
101571382,
101572234,
101573814,
101574369,
101575498,
101578111,
101578208,
101578857,
101579818,
101579857,
101580698,
101581518,
101582534,
101582723,
101582974,
101582982,
101583374,
101584013,
101584446,
101585032,
101585862,
101585991,
101588716,
101591073,
101594746,
101594995,
101597196,
101599044,
101599254,
101599801,
101600161,
101600455,
101600853,
101600899,
101602684,
101602828,
101603333,
101603505,
101604556,
101605793,
101607198,
101610709,
101612722,
101613213,
101613641,
101617036,
101619103,
101620829,
101620903,
101621000,
101622271,
101626667,
101626709,
101627031,
101628485,
101631808,
101632618,
101633236,
101633304,
101633389,
101635013,
101639486,
101640341,
101645558,
101646271,
101647180,
101648331,
101651384,
101660602,
101660639,
101662971,
101665111,
101668424,
101672226,
101675639,
101677511,
101685055,
101685146,
101685639,
101686194,
101686255,
101686394,
101686616,
101686768,
101686810,
101687120,
101687165,
101687197,
101690226,
101693147,
101693235,
101694065,
101694728,
101695313,
101695539,
101696467,
101697289,
101698489,
101699680,
101699919,
101699975,
101700799,
101700864,
101700947,
101701399,
101703024,
101707847,
101714485,
101714995,
101716326,
101725155,
101726199,
101726510,
101733483,
101733935,
101739556,
101743773,
101745968,
101747324,
101760437,
101761121,
101773133,
101774372,
101776998,
101786449,
101788402,
101794162,
101795522,
101802812,
101803950,
101805448,
101817102,
101823941,
101835852,
101837253,
101839070,
101846971,
101847185,
101847555,
101847721,
101851223,
101855746,
101856213,
101858684,
101859359,
101860945,
101871914,
101878880,
101884003,
101886476,
101892317,
101893011,
101893591,
101894349,
101894591,
101904471,
101904842,
101906568,
101909247,
101914316,
101914946,
101915989,
101916337,
101918451,
101919586,
101920852,
101921967,
101922146,
101925077,
101925223,
101926002,
101927533,
101928013,
101928156,
101929124,
101929163,
101929246,
101930015,
101930103,
101931093,
101932038,
101933530,
101936098,
101936979,
101937885,
101939930,
101940911,
101941120,
101941128,
101941351,
101941569,
101942531,
101944233,
101944456,
101944868,
101945074,
101945082,
101945178,
101945516,
101945580,
101945812,
101945886,
101945984,
101946105,
101947705,
101948122,
101948324,
101948340,
101951799,
101952296,
101957006,
101958249,
101958928,
101961563,
101962053,
101963531,
101965385,
101967160,
101974286,
101977524,
101979030,
101982248,
101982707,
101982953,
101983732,
101983887,
101986788,
101991039,
101991673,
101992948,
101993976,
101994821,
101995137,
101995141,
101995717,
101997574,
101997854,
101997916,
101998222,
101998243,
101998315,
102000704,
102001093,
102003202,
102003749,
102003904,
102004806,
102005575,
102005600,
102005661,
102007233,
102007286,
102008885,
102011556,
102013653,
102013967,
102015572,
102015767,
102024825,
102027565,
102035426,
102042149,
102061668,
102062473,
102069361,
102076063,
102081340,
102084915,
102088855,
102095523,
102098811,
102108980,
102110262,
102123974,
102133716,
102199965,
102199994,
102203923,
102206080,
102232940,
102247305,
102295816,
102297399,
102316905,
102320726,
102322795,
102324230,
102344902,
102363334,
102367692,
102374113,
102375691,
102387100,
102391790,
102392293,
102394035,
102396413,
102397001,
102399790,
102400788,
102401735,
102403313,
102408460,
102416490,
102418747,
102421979,
102425820,
102436229,
102453297,
102462695,
102463237,
102464205,
102469200,
102470646,
102472859,
102473888,
102477480,
102477577,
102481085,
102481790,
102486343,
102486694,
102489595,
102490782,
102491335,
102511933,
102514518,
102517031,
102518779,
102520861,
102524802,
102527517,
102529207,
102534727,
102534925,
102535224,
102535361,
102536316,
102541483,
102541868,
102542211,
102542252,
102542842,
102543167,
102543327,
102549190,
102549221,
102549434,
102550894,
102551922,
102552441,
102556439,
102558071,
102559297,
102560847,
102562194,
102563403,
102563525,
102564087,
102564294,
102565926,
102566121,
102567671,
102568728,
102569143,
102569166,
102569238,
102569293,
102569771,
102569868,
102570364,
102571550,
102572046,
102572439,
102574694,
102576157,
102579959,
102580406,
102582898,
102583030,
102583843,
102584746,
102585311,
102585440,
102589089,
102590892,
102591605,
102591659,
102595633,
102595715,
102596539,
102596651,
102599554,
102602787,
102607620,
102617380,
102619671,
102625208,
102625683,
102626559,
102631120,
102641762,
102643136,
102643651,
102647039,
102648519,
102651074,
102653044,
102669482,
102669769,
102677307,
102677982,
102679314,
102680233,
102681663,
102683473,
102686122,
102686160,
102687823,
102688949,
102689460,
102689929,
102690158,
102690440,
102691791,
102694375,
102697070,
102697142,
102697147,
102699719,
102703426,
102704097,
102705154,
102705646,
102705859,
102706239,
102707633,
102709255,
102709529,
102710497,
102711142,
102713525,
102714170,
102716236,
102719243,
102719284,
102719924,
102722408,
102723012,
102723204,
102723280,
102723527,
102723862,
102723895,
102724829,
102725649,
102725730,
102727034,
102727729,
102728105,
102728429,
102729560,
102730127,
102731682,
102731911,
102732173,
102733453,
102733518,
102734457,
102734508,
102736900,
102739563,
102741233,
102742987,
102745385,
102745895,
102746328,
102746564,
102747190,
102750772,
102751907,
102752546,
102752929,
102752931,
102755195,
102756762,
102757239,
102758250,
102758274,
102759729,
102759884,
102759957,
102760260,
102760762,
102761206,
102761218,
102763253,
102765405,
102765799,
102766945,
102767722,
102768634,
102770899,
102774032,
102775618,
102778415,
102781391,
102781480,
102782640,
102784140,
102784496,
102786811,
102787114,
102792811,
102793735,
102794068,
102794865,
102798723,
102799742,
102809019,
102812198,
102817206,
102817280,
102827086,
102828185,
102832284,
102836199,
102840765,
102844238,
102846673,
102847409,
102849576,
102852023,
102852921,
102853854,
102855845,
102864097,
102865500,
102866855,
102867491,
102871125,
102871560,
102873991,
102877414,
102877571,
102878907,
102882122,
102884966,
102889173,
102890193,
102899518,
102901703,
102904738,
102904808,
102912267,
102912771,
102913242,
102922054,
102922559,
102922904,
102922961,
102926476,
102932491,
102932689,
102932915,
102934464,
102938950,
102942761,
102948148,
102948870,
102948964,
102949474,
102950354,
102950628,
102950812,
102950966,
102951276,
102953178,
102955048,
102956687,
102958047,
102958870,
102959348,
102960753,
102963593,
102968408,
102970017,
102971844,
102973928,
102976113,
102981635,
102987758,
102989121,
102991730,
102994439,
102999378,
102999935,
103000761,
103003895,
103012456,
103013609,
103014026,
103014113,
103016659,
103020081,
103022620,
103023697,
103027268,
103028116,
103031060,
103031902,
103036555,
103042462,
103043351,
103043551,
103044017,
103044091,
103047579,
103049486,
103066428,
103067925,
103072187,
103074699,
103080289,
103081265,
103100684,
103101372,
103116570,
103118546,
103129776,
103136750,
103136850,
103141241,
103143651,
103145319,
103148779,
103149915,
103150639,
103155268,
103156152,
103163193,
103163513,
103163556,
103164168,
103164456,
103166455,
103167387,
103172485,
103174537,
103175241,
103177564,
103182008,
103182208,
103188206,
103190889,
103192839,
103198200,
103203138,
103207859,
103209660,
103211342,
103214292,
103216455,
103217042,
103217290,
103217716,
103218526,
103218651,
103220669,
103221544,
103226788,
103227014,
103227465,
103228762,
103228788,
103230076,
103231547,
103232400,
103233305,
103233344,
103234612,
103236945,
103238658,
103239095,
103242249,
103247454,
103249420,
103252774,
103256252,
103258779,
103260870,
103263891,
103272493,
103272689,
103277138,
103287417,
103288284,
103292853,
103294064,
103299020,
103302403,
103305906,
103308824,
103327234,
103330887,
103336403,
103337616,
103339105,
103341839,
103342226,
103342720,
103344489,
103348882,
103352599,
103359103,
103367513,
103368627,
103369508,
103375840,
103377637,
103378954,
103378998,
103379158,
103379661,
103379968,
103380653,
103381667,
103382710,
103383688,
103384787,
103385347,
103385866,
103386046,
103387475,
103389577,
103392736,
103393471,
103394522,
103399272,
103405688,
103419927,
103442977,
103445054,
103452401,
103454523,
103456129,
103457749,
103470886,
103471746,
103472718,
103492753,
103499822,
103502013,
103502816,
103503360,
103504155,
103504355,
103504517,
103506659,
103510078,
103511596,
103511946,
103513198,
103516799,
103518727,
103519663,
103520460,
103522301,
103525554,
103526300,
103527110,
103530300,
103531461,
103533083,
103534791,
103537573,
103537876,
103540612,
103546483,
103546974,
103548081,
103548678,
103548935,
103550894,
103551385,
103551445,
103552876,
103554604,
103555169,
103557350,
103559470,
103559667,
103561099,
103565080,
103565405,
103566186,
103571253,
103571774,
103575234,
103575602,
103576791,
103576945,
103580476,
103581870,
103581986,
103582135,
103587092,
103594116,
103594338,
103598514,
103598526,
103599075,
103599787,
103617234,
103617540,
103617956,
103618888,
103620992,
103621095,
103621470,
103621708,
103623788,
103625413,
103625432,
103626453,
103628904,
103629525,
103630825,
103631206,
103634038,
103634432,
103637632,
103640495,
103641176,
103642154,
103645195,
103648957,
103650462,
103651373,
103651899,
103652266,
103652822,
103654667,
103654675,
103654813,
103659641,
103660655,
103661571,
103662543,
103665001,
103665353,
103665391,
103665984,
103666011,
103667746,
103667818,
103668052,
103669311,
103670917,
103670919,
103671073,
103672067,
103673053,
103673237,
103673562,
103673633,
103674033,
103674450,
103675733,
103676178,
103676996,
103677744,
103678007,
103678177,
103679164,
103680112,
103680372,
103682352,
103683435,
103683613,
103683745,
103684378,
103684804,
103686733,
103686819,
103687944,
103689252,
103690802,
103692261,
103692852,
103693541,
103697089,
103697805,
103697955,
103699217,
103699433,
103700354,
103701885,
103705030,
103705317,
103705375,
103705765,
103706536,
103706838,
103708724,
103709277,
103717908,
103717912,
103719897,
103721514,
103721634,
103722355,
103724808,
103724816,
103725266,
103730132,
103730239,
103730282,
103730944,
103731336,
103732889,
103734887,
103735041,
103735063,
103735692,
103735725,
103735742,
103735744,
103736023,
103736731,
103737068,
103737476,
103737830,
103738586,
103738904,
103739002,
103739576,
103740201,
103740445,
103741101,
103741304,
103741460,
103741636,
103742105,
103742161,
103742510,
103742537,
103743416,
103743531,
103744225,
103744671,
103744728,
103745139,
103745255,
103746162,
103746307,
103746738,
103747015,
103749299,
103749394,
103749557,
103749581,
103749771,
103750090,
103751056,
103751073,
103751324,
103752564,
103752594,
103753810,
103755243,
103756095,
103756220,
103756247,
103757781,
103758019,
103758605,
103759225,
103759854,
103761761,
103763391,
103763723,
103770601,
103771143,
103771799,
103772464,
103772750,
103773406,
103773625,
103774308,
103775203,
103775577,
103777243,
103777676,
103777963,
103779531,
103779851,
103780101,
103780413,
103787093,
103789057,
103791478,
103791914,
103798981,
103799014,
103800639,
103802722,
103803373,
103804339,
103808381,
103812149,
103814332,
103815089,
103815193,
103819952,
103826035,
103828071,
103832253,
103832427,
103833494,
103836974,
103837116,
103838401,
103838494,
103838889,
103838959,
103840207,
103841961,
103844050,
103847613,
103849442,
103851267,
103857393,
103861153,
103866508,
103866907,
103870147,
103873565,
103884749,
103889427,
103891969,
103893662,
103893749,
103894988,
103897218,
103902890,
103909467,
103911202,
103924567,
103924627,
103931946,
103932092,
103933647,
103934928,
103935433,
103935762,
103936171,
103936603,
103936751,
103936852,
103940414,
103950582,
103961020,
103965275,
103966153,
103966203,
103968413,
103971671,
103971883,
103971911,
103978877,
103979821,
103980663,
103982059,
103996746,
103998038,
104000108,
104000636,
104001147,
104004632,
104004862,
104009061,
104013157,
104013662,
104028029,
104029791,
104041825,
104046860,
104049686,
104049738,
104050644,
104051963,
104054127,
104055708,
104059289,
104059417,
104060263,
104060748,
104061561,
104062368,
104063389,
104066032,
104067132,
104068595,
104069603,
104070092,
104071006,
104072699,
104078586,
104083614,
104091591,
104098224,
104109009,
104119053,
104120580,
104142083,
104154834,
104155881,
104158601,
104164697,
104177190,
104178366,
104179725,
104180516,
104194181,
104198107,
104208022,
104210457,
104216861,
104223999,
104225363,
104226859,
104236731,
104251626,
104253217,
104257815,
104260769,
104263347,
104270314,
104276670,
104277727,
104279483,
104279834,
104283167,
104284195,
104295680,
104301082,
104301623,
104301801,
104306106,
104308153,
104315780,
104325180,
104342615,
104345251,
104350628,
104351804,
104352296,
104353675,
104354058,
104354586,
104354841,
104355024,
104355035,
104358710,
104360721,
104365552,
104372916,
104373224,
104373489,
104373564,
104375396,
104376712,
104378844,
104379012,
104380915,
104381104,
104381331,
104382478,
104384375,
104387848,
104388037,
104391306,
104392473,
104397188,
104400493,
104401654,
104408277,
104408426,
104408900,
104409023,
104409331,
104410835,
104411401,
104411916,
104412453,
104412756,
104413458,
104413667,
104413899,
104414372,
104414937,
104416860,
104419426,
104419776,
104421524,
104424019,
104424413,
104424938,
104425328,
104425538,
104425758,
104426716,
104427153,
104428567,
104429772,
104432819,
104433559,
104435352,
104439569,
104440883,
104442300,
104444596,
104444652,
104445150,
104445304,
104445464,
104445493,
104445882,
104446581,
104448517,
104448623,
104448825,
104450406,
104451953,
104452193,
104452329,
104452442,
104452503,
104452662,
104454448,
104454981,
104455248,
104455711,
104456008,
104456761,
104457333,
104457684,
104459288,
104459359,
104459688,
104460008,
104460092,
104460232,
104460276,
104461824,
104463542,
104463840,
104464537,
104465713,
104466135,
104466848,
104467715,
104468832,
104469037,
104469638,
104471104,
104472845,
104473246,
104474337,
104478113,
104480002,
104480521,
104481659,
104481911,
104482788,
104483828,
104485494,
104486229,
104488225,
104490274,
104490512,
104490591,
104492084,
104492157,
104494277,
104495254,
104495840,
104498593,
104498987,
104500623,
104500928,
104503448,
104506170,
104511985,
104512966,
104513665,
104515064,
104517065,
104517852,
104518544,
104522101,
104522423,
104522445,
104524602,
104524842,
104525144,
104526280,
104526520,
104526641,
104527564,
104527805,
104527806,
104528255,
104528964,
104530014,
104530488,
104536494,
104536752,
104543380,
104544948,
104547319,
104548607,
104549956,
104550518,
104551032,
104554787,
104555871,
104556202,
104557164,
104558746,
104560802,
104562772,
104563351,
104564527,
104567141,
104568398,
104575356,
104575420,
104575784,
104576457,
104578428,
104579512,
104579929,
104580220,
104580242,
104581172,
104581430,
104582047,
104582782,
104583416,
104583425,
104583515,
104583596,
104583675,
104584180,
104584457,
104584621,
104584745,
104584941,
104585327,
104585736,
104585825,
104586100,
104586531,
104588650,
104589684,
104590557,
104591916,
104593055,
104593532,
104594591,
104596387,
104596690,
104597785,
104598101,
104598132,
104598436,
104598835,
104599800,
104601680,
104602011,
104606341,
104607959,
104609227,
104610231,
104612050,
104615129,
104616165,
104618763,
104620017,
104621330,
104621765,
104624272,
104626848,
104627056,
104627496,
104627556,
104628227,
104630594,
104630911,
104630931,
104633287,
104633656,
104639195,
104639318,
104642886,
104644891,
104645564,
104645796,
104645831,
104646548,
104647014,
104647030,
104647215,
104647885,
104650144,
104650510,
104651274,
104654053,
104654681,
104655135,
104657188,
104658100,
104658471,
104659034,
104659126,
104660015,
104660086,
104660193,
104660362,
104660737,
104662294,
104663468,
104663699,
104664513,
104664814,
104665323,
104665386,
104665663,
104666078,
104666151,
104666789,
104667668,
104668416,
104669143,
104669394,
104669861,
104670103,
104670213,
104670361,
104670622,
104672916,
104673751,
104674059,
104674065,
104674325,
104674946,
104675042,
104675139,
104676832,
104678013,
104678978,
104680985,
104682337,
104683039,
104683505,
104684918,
104686314,
104687235,
104692618,
104693373,
104694583,
104694960,
104695750,
104695827,
104696003,
104697442,
104697895,
104698434,
104700436,
104700450,
104701177,
104701433,
104701453,
104702648,
104704652,
104704974,
104705230,
104705287,
104705476,
104705629,
104705737,
104706101,
104706108,
104706365,
104706965,
104707069,
104707954,
104708483,
104709511,
104709677,
104709902,
104709908,
104710206,
104710321,
104710683,
104710817,
104710831,
104710954,
104711015,
104711748,
104711957,
104713414,
104713513,
104713551,
104713886,
104714270,
104716633,
104716759,
104716775,
104718382,
104719163,
104720452,
104720868,
104722595,
104723150,
104724660,
104724773,
104727901,
104728586,
104729730,
104732295,
104734588,
104735625,
104735976,
104737420,
104738601,
104739945,
104740842,
104741197,
104741216,
104741789,
104743027,
104743731,
104744243,
104745337,
104746866,
104749356,
104751195,
104752207,
104753459,
104755347,
104759218,
104759626,
104760356,
104763172,
104765047,
104767120,
104777740,
104779819,
104798876,
104802976,
104805765,
104811609,
104815584,
104832343,
104841665,
104842658,
104853231,
104860148,
104864733,
104865465,
104885912,
104890156,
104891107,
104894065,
104918437,
104931131,
104934420,
104934556,
104946549,
104948568,
104949232,
104950602,
104953021,
104959465,
104961098,
104961459,
104963018,
104963312,
104963976,
104964536,
104965076,
104967206,
104974915,
104983200,
104984402,
105001066,
105010564,
105015409,
105017106,
105019657,
105022169,
105023508,
105024109,
105027737,
105030890,
105034622,
105037030,
105039298,
105039684,
105039828,
105040268,
105044458,
105045783,
105047084,
105048407,
105050161,
105050187,
105050276,
105051017,
105051499,
105051533,
105052019,
105052773,
105054010,
105054509,
105054990,
105055807,
105060061,
105060476,
105061438,
105063087,
105065128,
105067841,
105069870,
105070257,
105088515,
105090922,
105093804,
105093899,
105105261,
105106611,
105109720,
105112030,
105120254,
105131085,
105152393,
105168259,
105173793,
105179892,
105187900,
105190098,
105197790,
105202995,
105204839,
105205951,
105207755,
105212393,
105220178,
105222070,
105222518,
105223191,
105233199,
105239938,
105241672,
105242838,
105245246,
105252330,
105254053,
105255137,
105257577,
105263748,
105266626,
105267011,
105267981,
105269420,
105274381,
105279839,
105284379,
105284744,
105287898,
105291981,
105294167,
105294587,
105294651,
105295536,
105296238,
105315109,
105315825,
105316030,
105317589,
105319439,
105322341,
105323819,
105328006,
105328434,
105328750,
105328934,
105330080,
105330209,
105330696,
105331120,
105331186,
105331856,
105331881,
105333847,
105335156,
105336496,
105339509,
105340249,
105340293,
105340559,
105345436,
105346368,
105347083,
105352940,
105358175,
105360899,
105364948,
105369202,
105371205,
105373043,
105375325,
105380481,
105380918,
105383659,
105384464,
105385515,
105388063,
105388897,
105389010,
105390083,
105390670,
105391204,
105391703,
105393037,
105393921,
105394266,
105396700,
105397536,
105398429,
105400689,
105401550,
105402922,
105403657,
105403750,
105405365,
105405657,
105409249,
105410183,
105410811,
105410861,
105410895,
105412701,
105413651,
105414798,
105415452,
105416262,
105417124,
105418000,
105418161,
105422597,
105424696,
105425099,
105425267,
105426188,
105426474,
105427192,
105427669,
105428442,
105429198,
105430660,
105433002,
105437195,
105440188,
105448504,
105452631,
105453767,
105454192,
105454194,
105454847,
105458092,
105459613,
105462900,
105469185,
105473228,
105476922,
105477831,
105481135,
105483777,
105484000,
105485324,
105486270,
105494646,
105498461,
105501475,
105505281,
105505906,
105508799,
105513463,
105513531,
105516680,
105519160,
105523986,
105524337,
105527755,
105536391,
105537987,
105538201,
105538703,
105540986,
105543164,
105543313,
105548156,
105549176,
105549386,
105550437,
105552622,
105554468,
105555242,
105558638,
105561115,
105562472,
105565322,
105571250,
105572564,
105577646,
105583627,
105584474,
105589536,
105596959,
105599593,
105602169,
105604027,
105606432,
105610912,
105611259,
105611555,
105612071,
105613486,
105613521,
105613576,
105614639,
105614891,
105616663,
105624018,
105626150,
105626653,
105634677,
105638033,
105639129,
105639144,
105639241,
105639942,
105641713,
105644340,
105650252,
105651088,
105652884,
105653979,
105654363,
105655205,
105656023,
105657122,
105657743,
105658067,
105658316,
105658559,
105662253,
105663214,
105663358,
105663760,
105666065,
105666323,
105668735,
105670034,
105672072,
105672187,
105672810,
105673270,
105676699,
105682326,
105686470,
105689263,
105690663,
105691591,
105698792,
105702127,
105704060,
105704624,
105704847,
105705643,
105705668,
105705786,
105705904,
105706179,
105706432,
105706614,
105706653,
105707399,
105708787,
105711044,
105713370,
105714500,
105717994,
105718402,
105719050,
105719180,
105719366,
105720084,
105720551,
105721692,
105722544,
105723946,
105725062,
105725063,
105725262,
105726749,
105727799,
105728085,
105728335,
105729140,
105729185,
105729701,
105735642,
105736764,
105737420,
105739413,
105739822,
105740966,
105742163,
105742551,
105743730,
105745227,
105748157,
105749356,
105751747,
105752234,
105752285,
105752713,
105754688,
105755026,
105755029,
105755111,
105756328,
105756595,
105757161,
105760038,
105760309,
105761331,
105761699,
105762222,
105763382,
105763534,
105764187,
105764654,
105765032,
105765234,
105765369,
105765487,
105766428,
105766806,
105770437,
105775149,
105775333,
105783348,
105786886,
105787765,
105788296,
105791794,
105792361,
105792644,
105793850,
105798997,
105801987,
105802432,
105802710,
105807487,
105807610,
105813226,
105813926,
105815273,
105817348,
105817471,
105818137,
105818925,
105820514,
105821687,
105822223,
105824031,
105824241,
105824989,
105825413,
105826569,
105826853,
105828014,
105828982,
105829536,
105830658,
105832144,
105832302,
105832926,
105839399,
105840532,
105840715,
105847838,
105848511,
105848792,
105849785,
105854108,
105854728,
105854753,
105855153,
105857245,
105859408,
105859437,
105860506,
105860554,
105861654,
105863874,
105864970,
105866562,
105870420,
105874933,
105877907,
105880592,
105887287,
105893541,
105895114,
105900394,
105900586,
105901026,
105903448,
105905663,
105908154,
105913909,
105920266,
105925769,
105931831,
105931952,
105933029,
105933427,
105934475,
105934980,
105935298,
105935729,
105936860,
105936894,
105937285,
105942735,
105943036,
105946501,
105949195,
105950916,
105951211,
105951460,
105952460,
105955283,
105956677,
105958703,
105960028,
105963270,
105963584,
105964676,
105966478,
105968192,
105969732,
105970240,
105970298,
105970319,
105971854,
105971882,
105972254,
105972975,
105973204,
105973388,
105974125,
105974950,
105975459,
105980741,
105981954,
105983865,
105988047,
105990771,
105999481,
106001023,
106007418,
106008140,
106009024,
106009448,
106014393,
106014802,
106015670,
106015916,
106018926,
106020543,
106021549,
106021687,
106023646,
106027724,
106028125,
106032256,
106032701,
106034687,
106036940,
106037404,
106038411,
106039524,
106040349,
106041222,
106041394,
106041523,
106042740,
106043822,
106044161,
106047826,
106047885,
106052209,
106053833,
106054523,
106055341,
106057732,
106060694,
106061369,
106064459,
106064659,
106066123,
106066222,
106066379,
106067981,
106070033,
106070284,
106070531,
106071006,
106071346,
106072228,
106073080,
106075392,
106076390,
106077475,
106082361,
106083026,
106083597,
106083658,
106085047,
106085312,
106086467,
106087806,
106087912,
106087948,
106088154,
106090733,
106091806,
106092015,
106092378,
106092573,
106093784,
106097977,
106098335,
106098361,
106100566,
106101314,
106103067,
106103129,
106103546,
106105684,
106107895,
106108017,
106108321,
106109291,
106109866,
106111555,
106112818,
106112841,
106113306,
106113945,
106114498,
106115665,
106116088,
106116634,
106117123,
106117394,
106118067,
106118162,
106119472,
106120155,
106120216,
106120337,
106120582,
106121115,
106121702,
106121830,
106122213,
106122368,
106123664,
106126733,
106127550,
106131692,
106132253,
106133085,
106134182,
106134267,
106134675,
106135768,
106135780,
106136382,
106138293,
106139739,
106140720,
106142424,
106144285,
106149168,
106149860,
106153225,
106154666,
106162625,
106170039,
106172395,
106172524,
106174356,
106175852,
106176899,
106178011,
106178978,
106183190,
106185243,
106185466,
106193946,
106195056,
106196788,
106196918,
106196958,
106198344,
106198428,
106199505,
106199756,
106201002,
106201567,
106206641,
106211831,
106213091,
106213457,
106215600,
106216488,
106217053,
106219286,
106220536,
106220954,
106221309,
106221617,
106223078,
106223541,
106224338,
106225235,
106225845,
106226858,
106227638,
106227751,
106228407,
106228491,
106228564,
106228669,
106229116,
106229230,
106229678,
106229998,
106230496,
106231352,
106232083,
106232605,
106233214,
106236945,
106239094,
106241789,
106244097,
106250539,
106256209,
106256572,
106256982,
106257199,
106257287,
106257972,
106258246,
106258864,
106259167,
106259829,
106259955,
106264335,
106264962,
106266021,
106266242,
106266778,
106266973,
106267537,
106267655,
106268463,
106268767,
106269984,
106270606,
106270628,
106271121,
106271299,
106273051,
106274193,
106275566,
106275599,
106275747,
106276857,
106278839,
106281457,
106282125,
106284912,
106285998,
106288379,
106289138,
106289540,
106292877,
106294370,
106294709,
106297798,
106301209,
106306930,
106307179,
106307643,
106309465,
106311195,
106318703,
106319478,
106322662,
106322752,
106322961,
106326576,
106328111,
106330915,
106335646,
106340324,
106345947,
106353691,
106358096,
106370133,
106372055,
106374197,
106383836,
106387494,
106391775,
106397624,
106405351,
106415398,
106428319,
106444561,
106455257,
106460292,
106460702,
106463985,
106478440,
106478490,
106479228,
106482710,
106496356,
106503209,
106503835,
106509895,
106516064,
106521169,
106521586,
106523279,
106523380,
106528247,
106528492,
106530295,
106535342,
106536338,
106537444,
106537924,
106541357,
106542844,
106544187,
106553799,
106555422,
106556916,
106557473,
106559092,
106560853,
106561327,
106561838,
106562571,
106564815,
106564927,
106565085,
106565345,
106565346,
106565397,
106565508,
106565745,
106566403,
106567268,
106571703,
106575318,
106578579,
106581805,
106584532,
106585260,
106585412,
106590077,
106593025,
106595261,
106595326,
106595846,
106599730,
106601186,
106602031,
106610047,
106615268,
106615627,
106625189,
106625572,
106632580,
106636774,
106649653,
106659906,
106678132,
106696422,
106717781,
106754823,
106846168,
106848028,
106850277,
106851014,
106856473,
106863357,
106867635,
106878669,
106888402,
106888844,
106890224,
106890681,
106895697,
106897604,
106898804,
106900979,
106902034,
106902249,
106902347,
106903166,
106903198,
106904394,
106907280,
106910710,
106920472,
106926216,
106927969,
106931869,
106945460,
106947014,
106949155,
106955307,
106960901,
106960921,
106962607,
106963041,
106971094,
106973660,
106978498,
106981772,
106981979,
106982555,
106983531,
106984126,
106984945,
106985066,
106987549,
106987781,
106988250,
106991831,
107001327,
107032393,
107033375,
107059006,
107080183,
107105493,
107111861,
107116060,
107122961,
107124857,
107126087,
107126739,
107127991,
107133384,
107134156,
107134665,
107134772,
107136215,
107139292,
107142267,
107145186,
107145707,
107146923,
107151611,
107152588,
107152606,
107153293,
107155920,
107156642,
107163073,
107163333,
107164917,
107167002,
107167649,
107167675,
107185098,
107189074,
107192302,
107194303,
107199068,
107227929,
107229606,
107232962,
107234186,
107234787,
107236718,
107238646,
107240824,
107247659,
107249897,
107261575,
107262032,
107270555,
107272228,
107274823,
107276079,
107277523,
107277586,
107277757,
107277810,
107280037,
107280592,
107283768,
107283915,
107284562,
107285629,
107288941,
107289570,
107291467,
107292389,
107295214,
107297244,
107301753,
107304703,
107305398,
107305764,
107309770,
107310927,
107312261,
107313057,
107313214,
107313574,
107314242,
107314788,
107315038,
107315372,
107316128,
107317724,
107323652,
107326391,
107329002,
107329301,
107329610,
107329939,
107329984,
107330395,
107330779,
107330996,
107331113,
107331925,
107332036,
107332313,
107332501,
107334307,
107334592,
107334598,
107335223,
107337089,
107343630,
107349997,
107353295,
107356999,
107363225,
107363252,
107364239,
107370260,
107373607,
107373869,
107373952,
107374893,
107375663,
107375720,
107376067,
107376830,
107378764,
107378789,
107379914,
107380446,
107380511,
107382103,
107382962,
107383613,
107386111,
107391720,
107392001,
107392855,
107394587,
107396289,
107397274,
107397785,
107398822,
107400014,
107401498,
107402370,
107403877,
107405963,
107409202,
107410263,
107412498,
107414025,
107415292,
107423658,
107424981,
107426465,
107428722,
107430058,
107436578,
107436969,
107437865,
107438006,
107442128,
107444120,
107447115,
107448428,
107448568,
107449548,
107450142,
107451375,
107454289,
107454874,
107456460,
107457060,
107457402,
107460440,
107463528,
107467100,
107467846,
107468393,
107469150,
107472306,
107475870,
107478182,
107485288,
107491953,
107492789,
107497900,
107498855,
107500752,
107501012,
107502692,
107505965,
107507404,
107507754,
107507784,
107512067,
107516379,
107516980,
107527865,
107537708,
107543990,
107544510,
107545855,
107547260,
107547709,
107549838,
107555487,
107561142,
107567221,
107568126,
107568193,
107568340,
107569874,
107570307,
107572498,
107573136,
107573262,
107574298,
107576287,
107585975,
107591686,
107592834,
107593347,
107594188,
107610600,
107614994,
107616333,
107623174,
107623895,
107628132,
107628605,
107632304,
107635408,
107637778,
107637931,
107638434,
107639168,
107639710,
107641049,
107642125,
107642454,
107644425,
107644452,
107644513,
107646904,
107648813,
107650472,
107651361,
107651558,
107652395,
107652440,
107652715,
107655449,
107656570,
107657628,
107659441,
107660846,
107662818,
107663639,
107663859,
107665415,
107665830,
107666931,
107668595,
107670514,
107671174,
107673320,
107678324,
107679917,
107680375,
107692573,
107694018,
107695592,
107700560,
107703112,
107710539,
107715874,
107731025,
107734000,
107736263,
107746254,
107764313,
107771528,
107771916,
107771985,
107773245,
107774807,
107774928,
107774962,
107776224,
107777874,
107778365,
107781874,
107782750,
107785452,
107787002,
107788029,
107788270,
107788496,
107789288,
107790037,
107793346,
107793673,
107795441,
107797240,
107798004,
107799458,
107799579,
107799620,
107801675,
107802465,
107807940,
107812051,
107812440,
107813455,
107815796,
107821164,
107829338,
107832844,
107833521,
107834520,
107842557,
107848525,
107869990,
107870079,
107872126,
107872977,
107873628,
107873873,
107874911,
107875506,
107876012,
107877736,
107881379,
107900588,
107903133,
107906608,
107907217,
107914612,
107914962,
107920038,
107925852,
107926534,
107927360,
107929422,
107930148,
107930169,
107941326,
107941989,
107952472,
107953654,
107954305,
107964555,
107971758,
107979972,
107985664,
107987629,
107990710,
108011985,
108024529,
108026740,
108038685,
108049057,
108051640,
108067272,
108067343,
108067859,
108073666,
108077555,
108078605,
108080853,
108080965,
108081224,
108082359,
108082424,
108083777,
108089996,
108090397,
108094082,
108095068,
108095157,
108096487,
108099367,
108100103,
108101818,
108102730,
108103799,
108105655,
108107188,
108108042,
108108197,
108108257,
108108455,
108108492,
108108694,
108109613,
108109654,
108109667,
108110662,
108112918,
108113529,
108115506,
108117529,
108117747,
108118139,
108118444,
108118495,
108118736,
108118976,
108119232,
108119538,
108119658,
108120046,
108120523,
108121754,
108124144,
108125934,
108125965,
108126482,
108127381,
108127554,
108128010,
108129412,
108132607,
108135307,
108138731,
108141424,
108142080,
108144523,
108146808,
108147690,
108152102,
108152207,
108152740,
108156538,
108156818,
108162648,
108165679,
108165877,
108176246,
108176507,
108178108,
108178738,
108179913,
108181121,
108181785,
108185604,
108192049,
108194628,
108195149,
108197993,
108201759,
108203110,
108208109,
108209192,
108209238,
108209263,
108209881,
108210454,
108210798,
108214798,
108215856,
108216622,
108219030,
108219373,
108220268,
108224852,
108226243,
108228724,
108229105,
108230248,
108230500,
108233291,
108234976,
108236002,
108237269,
108239280,
108239734,
108239871,
108240025,
108240227,
108241454,
108241682,
108242292,
108244170,
108245285,
108245892,
108246189,
108248021,
108248622,
108249279,
108250411,
108252386,
108253068,
108253605,
108254964,
108257385,
108259120,
108261530,
108263026,
108263377,
108269894,
108271947,
108274774,
108278130,
108280860,
108282596,
108282720,
108283535,
108288276,
108289278,
108289600,
108292230,
108294752,
108295232,
108295515,
108295651,
108295798,
108298761,
108299452,
108299916,
108299946,
108300900,
108300979,
108301404,
108302859,
108303072,
108304048,
108304116,
108305254,
108305293,
108305873,
108306323,
108307857,
108308038,
108308674,
108308782,
108309779,
108309916,
108310277,
108310459,
108310511,
108310552,
108310838,
108311124,
108311676,
108311709,
108311826,
108312164,
108313345,
108314237,
108314868,
108315134,
108316360,
108319003,
108320942,
108321466,
108321994,
108324697,
108326045,
108326668,
108328247,
108330518,
108331369,
108332059,
108332768,
108335204,
108337827,
108338997,
108340000,
108340688,
108340696,
108340704,
108340806,
108340911,
108341079,
108341398,
108344028,
108345606,
108345739,
108345852,
108349042,
108349820,
108352762,
108356343,
108361456,
108361564,
108362374,
108364397,
108364588,
108365665,
108365776,
108366621,
108370262,
108371969,
108381061,
108388357,
108390949,
108394953,
108402825,
108410416,
108410856,
108411374,
108412354,
108423458,
108429969,
108448085,
108453458,
108457578,
108458044,
108467756,
108469692,
108472343,
108472551,
108472702,
108472985,
108474745,
108475077,
108475926,
108476910,
108480094,
108480508,
108481183,
108483381,
108483680,
108484118,
108485421,
108485689,
108485772,
108486128,
108489843,
108491296,
108491668,
108492358,
108493279,
108494542,
108495055,
108495948,
108496029,
108496209,
108499519,
108501162,
108502034,
108504410,
108505921,
108506201,
108506359,
108512908,
108515206,
108518400,
108519812,
108520818,
108522899,
108524552,
108525388,
108531126,
108536332,
108538002,
108542707,
108543465,
108547902,
108568591,
108570325,
108570643,
108570696,
108570897,
108571108,
108571305,
108572821,
108575354,
108575761,
108576885,
108577436,
108577446,
108578532,
108579546,
108580849,
108581279,
108581846,
108585172,
108586213,
108591422,
108592254,
108593001,
108594980,
108599140,
108610666,
108615192,
108617680,
108617868,
108618504,
108619370,
108620179,
108620538,
108620979,
108623487,
108624121,
108624659,
108625400,
108626322,
108628984,
108629023,
108629638,
108630242,
108630309,
108630339,
108630948,
108632124,
108632264,
108632265,
108632583,
108632660,
108633110,
108633231,
108634108,
108634371,
108634564,
108635556,
108636132,
108636952,
108637384,
108642471,
108646092,
108655589,
108656427,
108660085,
108660698,
108663260,
108666962,
108668421,
108670181,
108679561,
108691258,
108692921,
108695617,
108697312,
108701360,
108702170,
108715541,
108721911,
108728877,
108729287,
108731562,
108734421,
108739811,
108746229,
108750743,
108753968,
108761296,
108770605,
108780678,
108784226,
108785031,
108789424,
108794138,
108798869,
108807021,
108807337,
108810034,
108810691,
108821646,
108823127,
108826030,
108827236,
108834137,
108835286,
108838376,
108849526,
108859330,
108864620,
108865720,
108866804,
108871039,
108872054,
108874940,
108874984,
108876729,
108876953,
108878274,
108878910,
108880577,
108881832,
108883206,
108883405,
108883943,
108883966,
108884089,
108884970,
108886758,
108887533,
108888908,
108889764,
108889826,
108890197,
108890701,
108892622,
108893951,
108894207,
108896291,
108898097,
108899196,
108899543,
108901731,
108903150,
108907110,
108908117,
108909999,
108910002,
108910837,
108910913,
108911744,
108912850,
108913795,
108914076,
108916194,
108917077,
108917278,
108921751,
108922607,
108923200,
108923258,
108925057,
108927003,
108927438,
108927840,
108928094,
108928274,
108928787,
108928967,
108930463,
108930832,
108931243,
108931463,
108931697,
108932454,
108932524,
108932670,
108932784,
108933604,
108933611,
108934478,
108935127,
108935541,
108937138,
108937385,
108958981,
108962131,
108963456,
108965760,
108969619,
108970295,
108980262,
108980878,
108989085,
108993801,
108994810,
109000237,
109003443,
109007405,
109008510,
109014822,
109015530,
109015861,
109022305,
109024876,
109029525,
109030697,
109032514,
109034170,
109037206,
109050016,
109056090,
109061463,
109067648,
109071376,
109073338,
109077136,
109079898,
109080327,
109081671,
109082963,
109086426,
109087929,
109089002,
109089335,
109090066,
109090392,
109091318,
109091359,
109091527,
109093534,
109094141,
109095613,
109095969,
109098156,
109098753,
109099758,
109103365,
109104586,
109105622,
109109080,
109111773,
109115043,
109116176,
109119848,
109120391,
109124429,
109128837,
109129975,
109130475,
109130991,
109132140,
109132689,
109137790,
109139929,
109140146,
109142536,
109143154,
109143917,
109144399,
109145768,
109146549,
109151787,
109151855,
109158045,
109162408,
109162769,
109163634,
109165871,
109168190,
109173980,
109178372,
109180059,
109181536,
109182414,
109185169,
109185362,
109185710,
109186490,
109188971,
109191651,
109195510,
109197440,
109199566,
109199743,
109201715,
109201803,
109203356,
109203457,
109204172,
109204511,
109205346,
109205839,
109205889,
109206551,
109213418,
109214543,
109219995,
109220264,
109220385,
109224173,
109224713,
109225775,
109231594,
109231864,
109232423,
109234244,
109235145,
109237223,
109244550,
109245124,
109245253,
109245769,
109245889,
109246065,
109246928,
109247287,
109247739,
109248604,
109248915,
109248976,
109251240,
109251587,
109254185,
109256176,
109256514,
109258085,
109261641,
109266519,
109270583,
109270761,
109271874,
109272336,
109279404,
109280513,
109281087,
109285427,
109287901,
109288754,
109289230,
109289399,
109289834,
109294889,
109302622,
109307814,
109313404,
109318936,
109319977,
109320266,
109323346,
109324780,
109327555,
109330716,
109330961,
109331875,
109333723,
109334063,
109334128,
109334393,
109334549,
109334642,
109337342,
109339555,
109343433,
109343761,
109350130,
109353297,
109360143,
109362725,
109365443,
109370456,
109372310,
109386920,
109388959,
109389655,
109393053,
109395340,
109397784,
109399109,
109403134,
109410194,
109410416,
109410761,
109411261,
109411491,
109414093,
109415543,
109415656,
109416316,
109418178,
109418384,
109419287,
109428722,
109436424,
109438175,
109442473,
109445568,
109446985,
109447678,
109448555,
109448688,
109448797,
109448861,
109450786,
109450973,
109452704,
109476889,
109477921,
109487683,
109499728,
109509388,
109510099,
109522477,
109535467,
109536385,
109550056,
109555797,
109562387,
109564971,
109570069,
109579319,
109580249,
109581092,
109581532,
109589989,
109600648,
109607112,
109607514,
109608766,
109608770,
109609452,
109610597,
109611217,
109613649,
109613680,
109614686,
109616556,
109616848,
109617238,
109617597,
109618383,
109618525,
109618676,
109618743,
109618902,
109620083,
109622219,
109625721,
109626084,
109628261,
109636374,
109636825,
109637054,
109638653,
109641434,
109642251,
109644348,
109644514,
109645272,
109645583,
109645635,
109645779,
109646104,
109646445,
109647007,
109647453,
109649712,
109650189,
109651429,
109653778,
109654282,
109654945,
109655280,
109656041,
109660756,
109663824,
109663848,
109664964,
109666882,
109667566,
109670257,
109670451,
109671576,
109672757,
109673408,
109673656,
109673864,
109674862,
109675126,
109675597,
109675999,
109677480,
109677533,
109677897,
109677898,
109677933,
109677994,
109678453,
109678704,
109679004,
109679066,
109679219,
109681189,
109686453,
109686662,
109686664,
109689608,
109694498,
109695100,
109700923,
109701467,
109701694,
109709720,
109712746,
109729641,
109731172,
109731340,
109731917,
109732222,
109732494,
109732922,
109734415,
109735168,
109735229,
109735758,
109737731,
109740455,
109740604,
109740691,
109743339,
109748747,
109751007,
109757294,
109758793,
109761595,
109762840,
109765330,
109765369,
109766007,
109767453,
109768954,
109769366,
109771140,
109772031,
109777365,
109782658,
109785927,
109787461,
109788573,
109788990,
109790159,
109790877,
109791628,
109794838,
109794878,
109796852,
109796892,
109797826,
109799965,
109803032,
109805127,
109805219,
109807782,
109811043,
109811139,
109812646,
109816495,
109820303,
109827097,
109827649,
109828469,
109830049,
109831710,
109832643,
109832859,
109834093,
109834316,
109834829,
109836710,
109838671,
109841006,
109841373,
109842012,
109847840,
109847969,
109851695,
109854707,
109858524,
109862341,
109864464,
109867424,
109870743,
109874423,
109874426,
109875916,
109875948,
109876506,
109877431,
109879157,
109891625,
109904996,
109916717,
109916730,
109928660,
109930395,
109932066,
109934404,
109951598,
109980829,
110000432,
110005307,
110006044,
110043250,
110051402,
110057842,
110059572,
110060626,
110064281,
110065964,
110077605,
110083562,
110084593,
110099537,
110119506,
110129101,
110143925,
110149831,
110156697,
110159498,
110171908,
110221508,
110224521,
110250165,
110266681,
110293939,
110342301,
110345435,
110359924,
110486195,
110537084,
110538603,
110555985,
110564505,
110578824,
110608092,
110625046,
110644336,
110645278,
110648179,
110664436,
110672957,
110700354,
110717725,
110726431,
110727309,
110730937,
110733536,
110743763,
110762831,
110791840,
110797916,
110799814,
110802016,
110804556,
110807475,
110811098,
110813297,
110814846,
110816079,
110819758,
110822751,
110826555,
110826679,
110828872,
110830125,
110830521,
110834748,
110836221,
110836922,
110841536,
110841658,
110842737,
110842799,
110843303,
110843658,
110843831,
110847067,
110849921,
110855521,
110856715,
110858515,
110860399,
110860647,
110862169,
110862205,
110862368,
110862857,
110863002,
110863222,
110863612,
110864490,
110865228,
110870864,
110870996,
110872710,
110874124,
110876484,
110882667,
110883835,
110883919,
110885603,
110885613,
110886134,
110887118,
110887632,
110893211,
110896178,
110896312,
110897555,
110897947,
110898272,
110902438,
110907414,
110907802,
110909528,
110912850,
110912966,
110915043,
110915356,
110915751,
110916195,
110917401,
110917801,
110917975,
110919922,
110921196,
110921455,
110921907,
110923493,
110924544,
110927519,
110928059,
110928945,
110931596,
110933175,
110935422,
110945252,
110946206,
110947491,
110950005,
110955714,
110956880,
110957313,
110958808,
110960293,
110962311,
110962322,
110972732,
110975103,
110976132,
110979907,
110988810,
110991978,
111000196,
111015523,
111056146,
111057713,
111066228,
111084221,
111089264,
111099017,
111100916,
111101360,
111105143,
111108360,
111119383,
111126828,
111132099,
111132859,
111140928,
111141188,
111141421,
111142271,
111144825,
111148621,
111149157,
111150125,
111152687,
111162329,
111176240,
111176931,
111180528,
111185333,
111187913,
111192714,
111193928,
111194030,
111196476,
111202390,
111206782,
111209648,
111214717,
111216558,
111221472,
111222794,
111225080,
111225179,
111225393,
111226256,
111232877,
111233530,
111251060,
111254319,
111255241,
111255478,
111260652,
111269072,
111269751,
111269992,
111275866,
111277392,
111278571,
111278913,
111284807,
111287380,
111287692,
111289045,
111291272,
111292404,
111294670,
111295469,
111298273,
111300482,
111308694,
111308794,
111316792,
111318633,
111323529,
111326728,
111327659,
111330130,
111333958,
111334965,
111335367,
111336263,
111340373,
111347781,
111349087,
111352013,
111353380,
111357728,
111359931,
111360748,
111362254,
111362453,
111369615,
111369694,
111372121,
111376350,
111379562,
111380682,
111384053,
111395784,
111395983,
111399480,
111404010,
111404046,
111406413,
111415963,
111416598,
111429628,
111434917,
111435362,
111445974,
111446803,
111455732,
111456267,
111457467,
111472414,
111485650,
111503315,
111515899,
111531643,
111565578,
111566591,
111569951,
111599124,
111599645,
111600871,
111609491,
111613461,
111621554,
111621752,
111622583,
111625070,
111634619,
111643486,
111652217,
111653551,
111664829,
111685479,
111693893,
111753334,
111757171,
111796563,
111797978,
111802618,
111806608,
111807365,
111818237,
111831373,
111860452,
111900734,
112003193,
112010680,
112022044,
112025491,
112049013,
112070412,
112077272,
112083643,
112099933,
112133364,
112153582,
112202749,
112203902,
112255536,
112283877,
112333258,
112338237,
112346808,
112356909,
112380042,
112386116,
112405558,
112450887,
112468610,
112485556,
112490791,
112522208,
112523642,
112526265,
112540072,
112540399,
112540680,
112543522,
112543766,
112547523,
112550879,
112553850,
112562880,
112566972,
112567083,
112569797,
112570528,
112576492,
112586988,
112587856,
112588096,
112588226,
112589846,
112590624,
112591551,
112592422,
112592480,
112592826,
112593669,
112594152,
112599012,
112599981,
112602138,
112605605,
112609050,
112611531,
112618156,
112636389,
112637489,
112638875,
112651835,
112652532,
112656511,
112663188,
112663548,
112666081,
112667097,
112668328,
112671572,
112673184,
112674474,
112674844,
112674874,
112677564,
112677763,
112679984,
112686545,
112687505,
112689253,
112689598,
112691778,
112693768,
112694613,
112696109,
112697725,
112699699,
112702354,
112702522,
112707140,
112709757,
112714400,
112718617,
112722410,
112726904,
112728763,
112730768,
112731964,
112742516,
112746933,
112748214,
112755121,
112755839,
112758927,
112763695,
112764747,
112765065,
112765161,
112765317,
112768656,
112771379,
112771713,
112773866,
112774565,
112775991,
112776741,
112776982,
112777646,
112784894,
112786455,
112787161,
112788019,
112789169,
112791188,
112795595,
112797473,
112797562,
112798027,
112800448,
112807861,
112809150,
112817833,
112819309,
112820164,
112821525,
112822843,
112823090,
112823976,
112824345,
112825712,
112825747,
112825763,
112825845,
112826072,
112826076,
112826128,
112827091,
112827120,
112827442,
112827677,
112827884,
112829049,
112830013,
112831606,
112833279,
112834079,
112835244,
112835355,
112835684,
112835725,
112837120,
112842679,
112842683,
112843232,
112843815,
112847267,
112851005,
112851264,
112856363,
112860285,
112864879,
112865888,
112870701,
112873866,
112877585,
112878566,
112880020,
112880752,
112881235,
112881243,
112881794,
112882141,
112882569,
112884159,
112884774,
112887590,
112887823,
112889212,
112893647,
112893899,
112895434,
112897508,
112897619,
112897855,
112897875,
112897881,
112897925,
112898236,
112898449,
112899357,
112903308,
112903792,
112904113,
112904745,
112907893,
112910855,
112911064,
112912990,
112918229,
112919403,
112921771,
112929076,
112930928,
112931953,
112932621,
112933160,
112936942,
112942202,
112943943,
112944150,
112945171,
112945625,
112946411,
112949144,
112949755,
112952873,
112956853,
112959260,
112959885,
112961113,
112965878,
112971068,
112971454,
112971988,
112972164,
112973169,
112974000,
112976362,
112977857,
112977990,
112978847,
112979155,
112984171,
112987476,
112987731,
112987873,
112988374,
112988447,
112988826,
112989172,
112989820,
112991296,
112991523,
112995781,
112996350,
112999017,
113000912,
113002075,
113003115,
113004451,
113006612,
113007962,
113009297,
113009766,
113010482,
113010846,
113014675,
113020871,
113023947,
113030259,
113031335,
113031665,
113032125,
113034054,
113037298,
113040266,
113040343,
113040629,
113041475,
113041860,
113042290,
113042704,
113047793,
113050136,
113052271,
113056517,
113057840,
113064873,
113066091,
113066690,
113066919,
113068238,
113069296,
113070258,
113071822,
113072231,
113072907,
113074068,
113074779,
113075139,
113076388,
113076681,
113077107,
113077142,
113077161,
113078216,
113082890,
113083151,
113084079,
113084968,
113085699,
113086009,
113086758,
113087018,
113087161,
113087181,
113087846,
113087871,
113088298,
113088439,
113090406,
113090782,
113094811,
113096863,
113097949,
113099320,
113099967,
113106022,
113107981,
113110437,
113110581,
113111712,
113112479,
113113811,
113115602,
113115675,
113116883,
113123098,
113123512,
113123703,
113124089,
113126213,
113127577,
113142894,
113150325,
113156909,
113168670,
113184910,
113192143,
113195162,
113202416,
113209531,
113234771,
113239814,
113258194,
113260105,
113267137,
113269041,
113287139,
113288346,
113292150,
113292458,
113293506,
113296607,
113305073,
113310896,
113311974,
113314284,
113314322,
113316048,
113316886,
113320360,
113322358,
113327179,
113329747,
113332183,
113333285,
113333927,
113334130,
113336462,
113339741,
113340332,
113344322,
113345097,
113345103,
113349458,
113350830,
113351533,
113352925,
113355400,
113358593,
113359065,
113359435,
113360035,
113362817,
113364249,
113370678,
113371456,
113377672,
113383292,
113385206,
113387873,
113392851,
113398397,
113399322,
113400396,
113402014,
113410728,
113414695,
113425137,
113429267,
113429682,
113429732,
113435988,
113439960,
113446317,
113447250,
113447922,
113449139,
113449211,
113453745,
113459598,
113460844,
113461851,
113467647,
113468334,
113468772,
113469753,
113470385,
113477449,
113477705,
113479114,
113480165,
113481714,
113483626,
113490403,
113491240,
113492967,
113493322,
113494004,
113494556,
113495768,
113500637,
113503468,
113506323,
113506982,
113508935,
113509571,
113510354,
113510600,
113511142,
113511302,
113511535,
113511631,
113512365,
113512459,
113514355,
113518182,
113518275,
113520646,
113520707,
113521393,
113521475,
113522999,
113523019,
113524120,
113524479,
113524554,
113525074,
113525626,
113526358,
113530116,
113533376,
113533450,
113533542,
113534476,
113538561,
113540068,
113543037,
113543126,
113544064,
113544550,
113544642,
113546248,
113546283,
113547305,
113547622,
113548156,
113548372,
113548447,
113550317,
113550568,
113550716,
113550753,
113550776,
113550808,
113551150,
113551815,
113552752,
113552763,
113552931,
113553014,
113553721,
113555733,
113559902,
113561091,
113562199,
113562309,
113564528,
113565161,
113565421,
113567007,
113567336,
113567599,
113572671,
113574580,
113574614,
113576058,
113576143,
113580505,
113582907,
113583053,
113585904,
113586050,
113588200,
113593440,
113593928,
113596270,
113601054,
113601632,
113602947,
113603041,
113604400,
113605538,
113606224,
113606906,
113607261,
113609680,
113609769,
113609934,
113610811,
113611060,
113613159,
113613639,
113615202,
113615444,
113615888,
113616235,
113616938,
113619350,
113620834,
113622290,
113625570,
113626227,
113628213,
113630888,
113632005,
113638393,
113638848,
113640048,
113640249,
113641187,
113641541,
113647617,
113648116,
113648842,
113649264,
113649982,
113651427,
113652179,
113655812,
113657278,
113657754,
113659164,
113662094,
113662145,
113662527,
113662609,
113662854,
113662925,
113664886,
113664976,
113666976,
113667200,
113667386,
113668371,
113674653,
113676744,
113677613,
113679091,
113679794,
113679996,
113680033,
113680473,
113682040,
113684877,
113685407,
113685783,
113688345,
113691550,
113691875,
113692149,
113692636,
113693815,
113694172,
113694715,
113697489,
113697993,
113702813,
113704744,
113711131,
113711398,
113714890,
113717855,
113721150,
113722939,
113723442,
113723529,
113726780,
113727140,
113727224,
113727895,
113728485,
113729064,
113729333,
113730686,
113731584,
113731782,
113731786,
113731889,
113732376,
113734358,
113736270,
113736968,
113737484,
113738971,
113739652,
113739655,
113741095,
113741123,
113741464,
113742123,
113742304,
113743303,
113743838,
113744123,
113744383,
113745086,
113745921,
113748437,
113748442,
113750236,
113752155,
113753113,
113753647,
113754732,
113755245,
113756470,
113758763,
113759437,
113761118,
113761880,
113762713,
113765040,
113766744,
113766895,
113768270,
113768336,
113769117,
113771288,
113773645,
113773890,
113774525,
113775655,
113780350,
113787402,
113791088,
113791421,
113794542,
113795725,
113795801,
113797465,
113798123,
113798272,
113800405,
113802613,
113803050,
113803292,
113803318,
113804182,
113804764,
113805922,
113806620,
113806989,
113807595,
113808259,
113808508,
113808774,
113808825,
113808988,
113809159,
113810362,
113810385,
113813167,
113813250,
113813865,
113813968,
113814357,
113814505,
113817054,
113817189,
113817514,
113817516,
113817859,
113818707,
113819118,
113819136,
113819139,
113819628,
113820588,
113820957,
113821185,
113823431,
113823961,
113827021,
113829018,
113832621,
113834743,
113836336,
113836628,
113837436,
113837507,
113837623,
113844690,
113844872,
113847307,
113849253,
113852912,
113854147,
113855152,
113861943,
113864144,
113880287,
113880888,
113886423,
113886803,
113888777,
113890742,
113906012,
113907194,
113907203,
113907312,
113907512,
113911965,
113917267,
113918219,
113921000,
113921936,
113922521,
113923604,
113924677,
113928686,
113932098,
113935239,
113954926,
113957765,
113957845,
113960647,
113963860,
113963890,
113964075,
113966577,
113967453,
113968574,
113969039,
113970470,
113971082,
113972335,
113972622,
113976003,
113980925,
113981177,
113982251,
113982464,
113985893,
113986941,
113987729,
113987970,
113991219,
113991973,
113995642,
113996046,
113997255,
114000476,
114001112,
114002363,
114003385,
114003661,
114008960,
114009054,
114013670,
114015799,
114016030,
114016929,
114018037,
114018069,
114018585,
114020038,
114021555,
114021566,
114022394,
114025781,
114025847,
114028102,
114031767,
114032184,
114035064,
114036092,
114038911,
114040305,
114040436,
114040758,
114046834,
114048668,
114049776,
114050862,
114050989,
114055147,
114060911,
114061587,
114065147,
114069859,
114078945,
114088683,
114090573,
114092132,
114094171,
114096866,
114100134,
114102825,
114114716,
114117802,
114121081,
114125064,
114128809,
114135984,
114138917,
114145392,
114145636,
114154092,
114154366,
114158872,
114160131,
114161421,
114163913,
114167351,
114169361,
114169493,
114169965,
114170232,
114170339,
114172336,
114173887,
114176056,
114177314,
114177854,
114178001,
114178399,
114179702,
114179928,
114179950,
114180424,
114185124,
114188888,
114193749,
114203380,
114203987,
114206122,
114207578,
114208057,
114208593,
114210018,
114210646,
114211563,
114212337,
114215094,
114215143,
114216246,
114216690,
114217379,
114218564,
114219688,
114221304,
114222852,
114226175,
114227270,
114227356,
114228293,
114228396,
114228759,
114228781,
114228811,
114232857,
114233612,
114233749,
114236455,
114239177,
114239685,
114241024,
114241062,
114244720,
114246462,
114246672,
114249463,
114249505,
114250801,
114251679,
114251684,
114251937,
114252707,
114252970,
114254188,
114254230,
114254566,
114254820,
114255325,
114257095,
114257841,
114258839,
114259495,
114259741,
114263505,
114264293,
114266286,
114267516,
114267737,
114268403,
114268820,
114268983,
114269564,
114270068,
114270105,
114270992,
114272876,
114275709,
114276460,
114287796,
114288098,
114288526,
114290761,
114291061,
114295111,
114298850,
114305567,
114309151,
114309268,
114309727,
114311885,
114312030,
114312212,
114313183,
114313385,
114313743,
114314801,
114315141,
114316812,
114319289,
114320967,
114323777,
114325389,
114326956,
114330306,
114331723,
114333630,
114334751,
114335920,
114338476,
114339443,
114340381,
114342182,
114343207,
114349002,
114351672,
114352002,
114355434,
114356251,
114357637,
114359287,
114362168,
114363804,
114364555,
114364927,
114365538,
114366774,
114370075,
114372850,
114373236,
114377718,
114378011,
114378554,
114378557,
114378742,
114379014,
114379514,
114379526,
114379583,
114379701,
114379702,
114379723,
114380569,
114381954,
114385292,
114385961,
114393164,
114394554,
114395699,
114395764,
114396114,
114397622,
114399543,
114399955,
114400433,
114402150,
114402269,
114402933,
114404190,
114406397,
114407700,
114409330,
114410291,
114411389,
114411431,
114412060,
114412288,
114413260,
114413345,
114413480,
114413830,
114416254,
114416533,
114417123,
114417190,
114418616,
114419083,
114419552,
114419888,
114419920,
114419941,
114422853,
114423913,
114425403,
114426446,
114428138,
114429639,
114430332,
114430966,
114437690,
114438037,
114438049,
114439909,
114440212,
114442903,
114443479,
114443488,
114443547,
114443783,
114444149,
114444275,
114444545,
114444573,
114444670,
114444679,
114445279,
114445640,
114445674,
114446574,
114446768,
114446997,
114447826,
114448736,
114449887,
114451214,
114451397,
114451465,
114452836,
114453358,
114453883,
114454792,
114457990,
114458035,
114464369,
114468722,
114473077,
114476085,
114476160,
114480003,
114482564,
114484408,
114488378,
114491271,
114491446,
114495071,
114497953,
114499107,
114501482,
114503555,
114504217,
114504238,
114504698,
114505442,
114506197,
114506381,
114506841,
114507419,
114509935,
114511390,
114512900,
114514114,
114515984,
114520261,
114524352,
114528154,
114528710,
114529051,
114530604,
114531602,
114531957,
114533844,
114537729,
114538619,
114539763,
114543581,
114544052,
114544357,
114544639,
114544657,
114544800,
114545672,
114546330,
114546559,
114547032,
114548789,
114549893,
114551215,
114559054,
114559944,
114560366,
114561168,
114562314,
114565156,
114567755,
114568631,
114568960,
114574860,
114577881,
114579841,
114580029,
114581685,
114582270,
114582430,
114585410,
114586431,
114587074,
114587533,
114588235,
114588578,
114590829,
114590906,
114591748,
114592828,
114592918,
114592988,
114593225,
114593876,
114594815,
114594972,
114595323,
114596023,
114596313,
114596495,
114596685,
114596944,
114597037,
114597116,
114597245,
114597319,
114597657,
114597870,
114598638,
114599352,
114599584,
114600028,
114600279,
114600585,
114601211,
114601219,
114601433,
114601688,
114601897,
114602482,
114603211,
114603822,
114604089,
114604745,
114604991,
114605649,
114605729,
114605904,
114606497,
114607124,
114607302,
114607441,
114608339,
114609448,
114609957,
114610433,
114610761,
114610971,
114611661,
114612044,
114612049,
114612117,
114612242,
114614467,
114615221,
114615504,
114616411,
114617009,
114617056,
114620646,
114621028,
114621555,
114621897,
114622440,
114623519,
114626655,
114631359,
114633071,
114634042,
114636007,
114636761,
114637987,
114638557,
114641786,
114642925,
114644327,
114644472,
114645517,
114647204,
114647486,
114648272,
114648304,
114649001,
114649465,
114649650,
114649810,
114650036,
114650165,
114650406,
114650507,
114651179,
114651260,
114651905,
114652134,
114652230,
114652595,
114653240,
114654212,
114654367,
114656454,
114660313,
114661398,
114664774,
114666684,
114666871,
114671101,
114671417,
114672765,
114675180,
114676230,
114678546,
114679223,
114681191,
114681721,
114682097,
114683139,
114683383,
114683397,
114685019,
114685069,
114685932,
114686634,
114687637,
114689501,
114691510,
114692341,
114692395,
114693151,
114695535,
114695806,
114697264,
114697624,
114698952,
114700838,
114701962,
114701971,
114703028,
114705453,
114707307,
114708446,
114711362,
114711534,
114713966,
114715046,
114716836,
114717085,
114717282,
114717748,
114718724,
114719073,
114726607,
114728485,
114729183,
114729638,
114729758,
114730420,
114730875,
114731673,
114732779,
114734369,
114736287,
114739014,
114740649,
114741440,
114742904,
114743299,
114744153,
114745122,
114746247,
114746459,
114747131,
114749624,
114749918,
114750277,
114752608,
114752795,
114752849,
114753020,
114758085,
114760586,
114760714,
114760931,
114762864,
114763260,
114765813,
114766918,
114768146,
114768514,
114768559,
114768614,
114770373,
114771835,
114775759,
114776278,
114776742,
114780248,
114780716,
114781197,
114781945,
114785104,
114785149,
114785308,
114785504,
114785831,
114786974,
114791595,
114792147,
114793313,
114793827,
114804618,
114809739,
114810729,
114811756,
114812630,
114814259,
114814645,
114814860,
114814942,
114815232,
114816342,
114817629,
114822135,
114822489,
114824044,
114824143,
114824423,
114824721,
114825054,
114826058,
114831016,
114831312,
114831689,
114831905,
114835069,
114835271,
114847002,
114847746,
114851220,
114852145,
114859417,
114861582,
114862055,
114862200,
114862290,
114863416,
114863668,
114870795,
114875584,
114876774,
114882652,
114883061,
114885539,
114886490,
114887346,
114887460,
114887722,
114891964,
114892063,
114894188,
114894799,
114896271,
114897162,
114897830,
114902774,
114904270,
114904704,
114904794,
114906279,
114906579,
114906755,
114906976,
114907175,
114908090,
114912504,
114914925,
114916043,
114923060,
114929806,
114930981,
114931232,
114936356,
114936852,
114940233,
114942587,
114943265,
114943934,
114944619,
114945421,
114945580,
114945937,
114946012,
114946738,
114947625,
114948729,
114949164,
114949227,
114949990,
114950047,
114951233,
114951275,
114951839,
114954934,
114955276,
114956924,
114957157,
114957474,
114958170,
114961052,
114963384,
114963389,
114964812,
114969881,
114973477,
114974937,
114977335,
114978503,
114980165,
114980993,
114982913,
114985195,
114986968,
114988783,
114990435,
114992606,
114997210,
114998391,
114999801,
114999955,
115000276,
115000403,
115001593,
115001772,
115002122,
115002776,
115002983,
115003217,
115003781,
115003782,
115006105,
115006331,
115007590,
115008500,
115009127,
115011799,
115012261,
115012288,
115012755,
115012876,
115012904,
115013015,
115013972,
115013989,
115014548,
115014667,
115014813,
115015072,
115015348,
115015729,
115016131,
115017332,
115018282,
115018653,
115019371,
115022825,
115023256,
115023344,
115026033,
115026881,
115028460,
115030475,
115031670,
115032879,
115033980,
115034114,
115034182,
115034436,
115034538,
115034684,
115035083,
115036828,
115038947,
115040344,
115042364,
115042455,
115042830,
115044036,
115048047,
115050868,
115051698,
115052377,
115056975,
115058950,
115059380,
115062297,
115063321,
115064912,
115066265,
115068110,
115069205,
115069679,
115072441,
115072740,
115086342,
115087269,
115088941,
115089697,
115096017,
115097597,
115097661,
115100980,
115102126,
115102448,
115102495,
115102549,
115102702,
115103782,
115103831,
115105099,
115107017,
115107872,
115108770,
115109866,
115112525,
115113176,
115114128,
115114631,
115114702,
115114792,
115115228,
115115338,
115115552,
115115846,
115116185,
115116273,
115117759,
115118001,
115118061,
115118488,
115118501,
115118706,
115119635,
115120151,
115120641,
115121316,
115121567,
115122267,
115122331,
115123389,
115123963,
115124465,
115129577,
115130214,
115130697,
115132240,
115135097,
115137738,
115137924,
115139186,
115141943,
115143115,
115144138,
115144365,
115145758,
115145994,
115146010,
115146347,
115146350,
115147986,
115148522,
115148635,
115149509,
115149887,
115150890,
115151346,
115151718,
115153333,
115154218,
115154379,
115155395,
115155993,
115156060,
115156154,
115157089,
115160522,
115162359,
115162484,
115162650,
115164311,
115164441,
115164443,
115164604,
115164795,
115164941,
115165062,
115166096,
115167198,
115167409,
115167891,
115168401,
115168516,
115169056,
115169374,
115170258,
115172477,
115173208,
115173379,
115173729,
115173967,
115174659,
115175070,
115176002,
115180053,
115182489,
115185228,
115185337,
115186956,
115192097,
115194384,
115197023,
115197069,
115197148,
115197245,
115198139,
115198810,
115198927,
115199076,
115200585,
115201228,
115201494,
115201998,
115201999,
115202008,
115202106,
115203053,
115203400,
115204517,
115204623,
115205787,
115205802,
115205863,
115205928,
115206164,
115206643,
115207361,
115207461,
115208455,
115209705,
115210960,
115212028,
115212354,
115214191,
115216146,
115221213,
115223092,
115223417,
115223692,
115223964,
115225263,
115226367,
115228279,
115228556,
115229312,
115230049,
115230101,
115230577,
115231933,
115232055,
115232216,
115232493,
115232780,
115233046,
115233053,
115233911,
115234476,
115234585,
115235386,
115235513,
115235546,
115236826,
115238037,
115238946,
115239977,
115240504,
115240958,
115242165,
115242484,
115245059,
115245189,
115245363,
115245463,
115246810,
115249553,
115250596,
115251627,
115252208,
115253321,
115259627,
115260000,
115265707,
115265789,
115266740,
115266820,
115268026,
115268119,
115270461,
115270701,
115271131,
115272842,
115273735,
115274395,
115280260,
115281251,
115286185,
115296962,
115299556,
115301340,
115306759,
115306952,
115307332,
115308764,
115309758,
115311062,
115314097,
115315622,
115326191,
115327999,
115328017,
115333242,
115337789,
115339863,
115342717,
115343089,
115344374,
115348207,
115349155,
115349546,
115350756,
115351223,
115351394,
115351521,
115354343,
115354778,
115355458,
115361215,
115363264,
115363491,
115365110,
115365686,
115373381,
115374032,
115375651,
115375801,
115378636,
115381683,
115383429,
115383505,
115384286,
115386256,
115386666,
115386692,
115387069,
115387663,
115388905,
115392140,
115397238,
115397714,
115398240,
115398716,
115398998,
115400055,
115400362,
115400738,
115400842,
115400958,
115401765,
115401954,
115401985,
115402249,
115402276,
115403703,
115405310,
115409979,
115410036,
115410403,
115410525,
115411153,
115411541,
115411704,
115411732,
115412239,
115412430,
115414570,
115414777,
115415918,
115417657,
115417701,
115421390,
115421832,
115422332,
115422477,
115423858,
115426836,
115427497,
115427606,
115428354,
115428406,
115428584,
115429463,
115429744,
115432604,
115435384,
115435993,
115437071,
115437132,
115438075,
115442987,
115448500,
115453202,
115453597,
115455718,
115456384,
115465829,
115466252,
115466936,
115467842,
115471782,
115473047,
115475752,
115480119,
115482324,
115483473,
115488279,
115490139,
115496952,
115497518,
115498376,
115499398,
115500296,
115502676,
115502844,
115503457,
115506101,
115507916,
115507976,
115510061,
115510095,
115512069,
115512102,
115512421,
115513354,
115518094,
115518349,
115521258,
115522128,
115522603,
115523957,
115529983,
115531414,
115531549,
115533150,
115533590,
115538671,
115540276,
115541474,
115543101,
115544709,
115549246,
115551775,
115552577,
115553557,
115555369,
115556988,
115558011,
115559470,
115559687,
115560450,
115562945,
115564584,
115566270,
115568043,
115569071,
115569840,
115570550,
115571340,
115573471,
115574281,
115575659,
115575802,
115576451,
115577697,
115578365,
115578953,
115579229,
115580346,
115580634,
115581059,
115581397,
115582653,
115583116,
115585182,
115586851,
115587002,
115587481,
115587613,
115587955,
115588034,
115588212,
115588408,
115588627,
115588932,
115589162,
115589549,
115589932,
115590961,
115591385,
115592851,
115593725,
115594254,
115597361,
115599301,
115604126,
115604149,
115605677,
115606113,
115606384,
115609373,
115612867,
115613633,
115614173,
115615599,
115616814,
115622128,
115622626,
115623617,
115624180,
115625219,
115625385,
115627251,
115627921,
115630255,
115630260,
115632892,
115636658,
115637204,
115637245,
115637816,
115642917,
115646625,
115647274,
115651860,
115653488,
115655416,
115655518,
115656442,
115657163,
115663061,
115671205,
115671226,
115672094,
115675632,
115677632,
115678233,
115678437,
115683147,
115686710,
115687512,
115688605,
115689100,
115690358,
115691164,
115692603,
115694566,
115695371,
115696262,
115696601,
115701567,
115705321,
115705857,
115705924,
115706019,
115706800,
115707425,
115709800,
115709855,
115710613,
115711807,
115712037,
115714623,
115716116,
115717789,
115719050,
115721288,
115721623,
115722636,
115724810,
115728062,
115729718,
115730795,
115731028,
115733490,
115736145,
115739619,
115741006,
115742076,
115742467,
115742566,
115743400,
115743779,
115744719,
115745354,
115745653,
115745678,
115745930,
115746379,
115746679,
115747387,
115747484,
115747637,
115747692,
115748283,
115748439,
115748476,
115748684,
115748913,
115749700,
115749854,
115750289,
115750756,
115755074,
115756099,
115756324,
115756739,
115756760,
115757975,
115758253,
115758503,
115758573,
115758762,
115758915,
115759898,
115760137,
115760331,
115760408,
115761500,
115761518,
115762354,
115762852,
115762912,
115764068,
115764808,
115765953,
115767557,
115768224,
115769968,
115770055,
115771194,
115773365,
115774876,
115775915,
115776503,
115776831,
115776976,
115777044,
115779527,
115781909,
115782744,
115784480,
115787468,
115788080,
115789572,
115789833,
115789928,
115789951,
115790459,
115790619,
115791144,
115791208,
115792312,
115793409,
115794622,
115795393,
115796467,
115798757,
115804419,
115805209,
115806587,
115806725,
115807704,
115808390,
115808861,
115809487,
115810242,
115811255,
115812224,
115812290,
115815074,
115815139,
115815342,
115815971,
115816021,
115816799,
115817789,
115818095,
115818967,
115822372,
115822757,
115823605,
115823846,
115824959,
115825108,
115825981,
115830277,
115831017,
115832895,
115833070,
115834751,
115834981,
115835135,
115836133,
115836296,
115836369,
115839547,
115840788,
115841264,
115842638,
115842706,
115842988,
115843518,
115845574,
115846577,
115848892,
115857310,
115857730,
115858975,
115859812,
115862100,
115863688,
115864757,
115866231,
115867101,
115869581,
115875909,
115876970,
115877053,
115877819,
115883513,
115884184,
115886228,
115886643,
115887021,
115887312,
115887463,
115887509,
115887840,
115888041,
115888202,
115888311,
115888483,
115889818,
115891101,
115892545,
115894955,
115898511,
115898540,
115899666,
115901483,
115904291,
115906008,
115906049,
115909654,
115909965,
115910873,
115911442,
115913148,
115918281,
115918669,
115923058,
115923884,
115924010,
115925973,
115926529,
115926742,
115928359,
115928740,
115930399,
115930528,
115932626,
115935039,
115937593,
115938156,
115938298,
115938746,
115940218,
115940324,
115940466,
115940472,
115940482,
115940507,
115940946,
115942101,
115942216,
115943319,
115943368,
115943624,
115943887,
115944051,
115944840,
115945443,
115946041,
115946059,
115946871,
115947032,
115947283,
115947666,
115948906,
115949404,
115949680,
115952125,
115954402,
115954593,
115955860,
115962377,
115973756,
115978310,
115982977,
116005657,
116012200,
116012658,
116014769,
116036547,
116075668,
116099115,
116105255,
116116331,
116127244,
116130617,
116142616,
116157654,
116164364,
116183379,
116187849,
116194561,
116195122,
116200639,
116207614,
116281147,
116283651,
116296381,
116297174,
116297244,
116297446,
116299195,
116300330,
116302016,
116302031,
116302483,
116303206,
116307106,
116307884,
116309881,
116310326,
116313921,
116314867,
116315360,
116315883,
116316171,
116316794,
116317119,
116317761,
116318013,
116318258,
116318598,
116318714,
116318864,
116319481,
116319499,
116319618,
116319680,
116320741,
116323861,
116324285,
116331917,
116333166,
116335085,
116335091,
116336164,
116336815,
116337382,
116338088,
116339132,
116339634,
116339764,
116343288,
116344387,
116345532,
116346123,
116346307,
116346805,
116347581,
116347605,
116348102,
116348259,
116348808,
116348885,
116349182,
116349348,
116349429,
116349723,
116349729,
116350018,
116350456,
116350566,
116351348,
116351415,
116351494,
116351654,
116351885,
116352079,
116352382,
116353015,
116353228,
116353317,
116354286,
116354824,
116356349,
116357838,
116357871,
116359664,
116361217,
116365827,
116366236,
116369341,
116369458,
116371056,
116371339,
116372118,
116375107,
116377619,
116379671,
116381485,
116388371,
116388704,
116390003,
116391857,
116392115,
116392593,
116394123,
116395264,
116399377,
116399699,
116400949,
116401000,
116402271,
116406080,
116406632,
116406732,
116406907,
116408330,
116408576,
116409281,
116409360,
116410788,
116411232,
116416317,
116419086,
116424058,
116425342,
116425435,
116427270,
116431279,
116432350,
116433176,
116435401,
116436870,
116436998,
116437319,
116437873,
116438150,
116438617,
116438656,
116438945,
116440271,
116440320,
116441305,
116441520,
116441670,
116442208,
116442572,
116442893,
116442947,
116443134,
116443918,
116443934,
116444054,
116444319,
116444404,
116444442,
116444452,
116444492,
116444620,
116444690,
116444854,
116444901,
116445005,
116445061,
116445091,
116446007,
116446034,
116446262,
116446582,
116446983,
116447132,
116448472,
116448563,
116450630,
116452211,
116453350,
116456566,
116456950,
116458866,
116459862,
116460729,
116464703,
116465160,
116465267,
116466697,
116467298,
116474836,
116475222,
116478011,
116480313,
116480598,
116486273,
116490504,
116491103,
116493361,
116499625,
116499830,
116502992,
116505718,
116516604,
116518883,
116519567,
116519801,
116519976,
116520154,
116520921,
116525143,
116525880,
116526464,
116527233,
116528394,
116528488,
116530432,
116532491,
116536610,
116539722,
116540245,
116541366,
116543691,
116547828,
116554705,
116562055,
116562226,
116562304,
116563539,
116567541,
116567799,
116568046,
116569008,
116569468,
116569570,
116569878,
116570517,
116570563,
116570779,
116571004,
116571710,
116571829,
116573318,
116575544,
116575595,
116575870,
116577132,
116577380,
116577561,
116580728,
116581005,
116582894,
116583330,
116583402,
116584608,
116588199,
116589069,
116589693,
116590226,
116590970,
116591068,
116591754,
116592159,
116592622,
116594140,
116595476,
116595644,
116596138,
116597166,
116597819,
116598666,
116598960,
116600346,
116600569,
116601504,
116605534,
116607794,
116612781,
116612805,
116615562,
116618663,
116620079,
116620387,
116624752,
116625054,
116627231,
116628104,
116629981,
116634904,
116635431,
116635593,
116635850,
116636492,
116636768,
116636780,
116637486,
116637606,
116638323,
116640043,
116640636,
116641161,
116641512,
116641515,
116643189,
116643635,
116645040,
116645754,
116647725,
116648513,
116649038,
116650966,
116650999,
116651070,
116651115,
116651169,
116651744,
116652646,
116652953,
116654807,
116655417,
116655431,
116655635,
116656211,
116660416,
116660559,
116660592,
116666129,
116666180,
116670598,
116674533,
116680222,
116682711,
116685085,
116685570,
116689734,
116689788,
116694061,
116695541,
116695594,
116696358,
116696683,
116697254,
116698981,
116699212,
116699265,
116699822,
116700164,
116701014,
116701026,
116702813,
116703205,
116704882,
116707500,
116708122,
116708840,
116709760,
116710743,
116711255,
116715457,
116715579,
116717666,
116722148,
116724290,
116726591,
116727290,
116728656,
116730261,
116733863,
116738746,
116739290,
116740167,
116743902,
116746529,
116746993,
116747841,
116748007,
116748206,
116748510,
116753099,
116754118,
116759498,
116771859,
116774737,
116776811,
116787272,
116792524,
116796718,
116800354,
116809980,
116811678,
116813357,
116813804,
116816173,
116823511,
116825925,
116843425,
116847603,
116848501,
116849175,
116849306,
116852627,
116853785,
116854151,
116856698,
116869311,
116869695,
116870039,
116871479,
116874393,
116877543,
116882852,
116883132,
116889048,
116889786,
116889845,
116891275,
116892775,
116892894,
116899967,
116900070,
116900698,
116901405,
116901604,
116902029,
116905021,
116906470,
116910079,
116913938,
116919639,
116919959,
116921226,
116928532,
116928588,
116945514,
116946356,
116948279,
116952604,
116960337,
116964949,
116967769,
116970071,
116977168,
117000357,
117002602,
117002827,
117005964,
117022013,
117028051,
117028175,
117029566,
117037372,
117038337,
117052704,
117054279,
117057930,
117059260,
117061054,
117068826,
117069203,
117071103,
117071163,
117072746,
117073130,
117086067,
117089183,
117092083,
117094031,
117094069,
117095408,
117095970,
117096901,
117097335,
117097914,
117097918,
117098486,
117098978,
117099573,
117100613,
117100844,
117102088,
117102128,
117102234,
117102849,
117104301,
117106607,
117111933,
117112970,
117112989,
117114495,
117117006,
117118470,
117119641,
117119993,
117121165,
117123237,
117123694,
117123944,
117123977,
117125379,
117126980,
117127367,
117127475,
117127693,
117128826,
117129014,
117129758,
117135123,
117135583,
117137675,
117137809,
117137904,
117138274,
117138674,
117138961,
117139276,
117139834,
117140307,
117142907,
117146260,
117148548,
117151450,
117158172,
117158982,
117169496,
117179840,
117181146,
117185330,
117192959,
117193125,
117199091,
117199753,
117199859,
117201416,
117202739,
117209597,
117210215,
117211318,
117211555,
117213067,
117214443,
117215032,
117223067,
117223415,
117227019,
117227458,
117227738,
117232108,
117232960,
117235210,
117237724,
117238892,
117240466,
117241092,
117243703,
117244960,
117247332,
117247464,
117248101,
117251164,
117255231,
117258358,
117259502,
117262241,
117262899,
117263908,
117264787,
117266349,
117267968,
117268507,
117269613,
117270389,
117270805,
117272058,
117275959,
117281016,
117281031,
117282379,
117282574,
117285807,
117286600,
117286930,
117288936,
117292534,
117302136,
117302329,
117304109,
117307123,
117309562,
117309784,
117311155,
117314263,
117314797,
117316521,
117317242,
117318696,
117322605,
117323734,
117325476,
117325503,
117325541,
117326106,
117326107,
117327908,
117328004,
117329772,
117332938,
117333176,
117333326,
117334371,
117335029,
117337358,
117337397,
117339243,
117339566,
117340064,
117341229,
117341693,
117342050,
117342468,
117343585,
117343725,
117346912,
117348299,
117354355,
117355885,
117356517,
117367069,
117367579,
117369433,
117369971,
117372210,
117376175,
117384381,
117384579,
117386743,
117389512,
117389585,
117389836,
117392090,
117392995,
117398071,
117399006,
117399265,
117403063,
117408000,
117408600,
117409134,
117411061,
117412277,
117412680,
117412693,
117412765,
117413620,
117414327,
117415437,
117415704,
117416603,
117419253,
117419511,
117420659,
117422658,
117423263,
117426297,
117426410,
117426534,
117427078,
117427255,
117427971,
117429732,
117429868,
117430726,
117431379,
117431459,
117431625,
117431863,
117432138,
117432643,
117433036,
117434287,
117436000,
117437088,
117437352,
117439304,
117439337,
117441518,
117442475,
117446111,
117446655,
117449058,
117451053,
117451353,
117451577,
117452214,
117453141,
117455125,
117456402,
117459517,
117460814,
117463502,
117464491,
117469643,
117469954,
117471654,
117472899,
117473016,
117473775,
117475019,
117475450,
117477048,
117477088,
117477795,
117478955,
117480726,
117480796,
117480825,
117482888,
117483069,
117486011,
117486756,
117486890,
117487544,
117487587,
117489329,
117490272,
117490330,
117490376,
117490801,
117491691,
117492345,
117497182,
117497360,
117498715,
117501917,
117505252,
117505358,
117505736,
117506216,
117507509,
117508107,
117510801,
117513344,
117515307,
117518226,
117518968,
117520415,
117522501,
117527620,
117528339,
117531572,
117533934,
117534756,
117535312,
117535492,
117536922,
117537473,
117538060,
117542331,
117542869,
117543483,
117544205,
117548806,
117549157,
117549768,
117550380,
117550715,
117550980,
117551137,
117551439,
117551509,
117551642,
117552169,
117553741,
117553928,
117554088,
117554948,
117555554,
117556542,
117557635,
117557778,
117559277,
117559448,
117559681,
117560762,
117561736,
117561869,
117562538,
117563030,
117564075,
117566152,
117566218,
117567101,
117567327,
117567434,
117567437,
117567445,
117567536,
117567735,
117567835,
117568077,
117568499,
117569648,
117569935,
117572503,
117572632,
117573179,
117573182,
117573327,
117573478,
117573659,
117573817,
117573963,
117574134,
117574532,
117574580,
117574585,
117575009,
117575477,
117575785,
117576534,
117576638,
117576847,
117576853,
117576889,
117577287,
117577367,
117577399,
117578100,
117578872,
117579395,
117579504,
117580045,
117582309,
117583233,
117583949,
117586006,
117588595,
117588721,
117589122,
117590155,
117591643,
117594672,
117597956,
117599004,
117599849,
117600009,
117601208,
117601685,
117602070,
117604866,
117605879,
117608056,
117608816,
117608917,
117613923,
117614988,
117615879,
117617461,
117618434,
117621450,
117622651,
117627090,
117629613,
117630218,
117633145,
117635280,
117637430,
117640095,
117640969,
117641970,
117642551,
117642940,
117642968,
117652278,
117657439,
117658986,
117659344,
117660117,
117660795,
117661237,
117661439,
117661959,
117662136,
117662158,
117662962,
117663126,
117663879,
117664628,
117665229,
117666432,
117667118,
117668627,
117669222,
117670110,
117670533,
117670609,
117670717,
117671565,
117671746,
117673153,
117675053,
117675533,
117675575,
117678655,
117680190,
117682478,
117682531,
117684842,
117684897,
117684990,
117685284,
117685994,
117688545,
117690213,
117692805,
117692905,
117693387,
117693716,
117693766,
117694799,
117695501,
117696118,
117696150,
117696467,
117696514,
117696966,
117697062,
117697133,
117697430,
117697467,
117697487,
117697688,
117697840,
117697887,
117698055,
117698090,
117698282,
117699559,
117699935,
117700262,
117700511,
117701734,
117701818,
117702006,
117702053,
117702809,
117703818,
117705049,
117705700,
117705845,
117707197,
117707877,
117708379,
117708515,
117708653,
117708936,
117709093,
117709475,
117709535,
117709748,
117709844,
117709896,
117710248,
117710680,
117711000,
117711012,
117711014,
117711191,
117713183,
117713739,
117714855,
117715095,
117715149,
117715982,
117716303,
117717733,
117718923,
117720381,
117720499,
117720952,
117720999,
117721118,
117721228,
117722047,
117722180,
117724528,
117724563,
117724591,
117724632,
117724766,
117725844,
117726424,
117726559,
117727137,
117727163,
117729450,
117729553,
117731629,
117731823,
117731864,
117732030,
117732103,
117732449,
117733058,
117733310,
117733332,
117734206,
117734595,
117734910,
117735333,
117738384,
117739166,
117744496,
117749531,
117752125,
117754143,
117755591,
117755694,
117756505,
117757089,
117758576,
117759374,
117760044,
117760637,
117760641,
117761480,
117761935,
117762306,
117762340,
117762578,
117762881,
117765119,
117765790,
117769104,
117773240,
117779995,
117781609,
117783739,
117784064,
117784937,
117788367,
117790359,
117790635,
117790978,
117793068,
117795308,
117795361,
117795724,
117796274,
117796614,
117796904,
117801258,
117801867,
117802987,
117809427,
117811236,
117811237,
117814981,
117815539,
117815686,
117817271,
117817371,
117817426,
117818266,
117818691,
117819047,
117819139,
117819189,
117819300,
117819867,
117820087,
117820256,
117821060,
117823482,
117825564,
117825566,
117826023,
117827012,
117827343,
117827635,
117827961,
117830659,
117834264,
117835065,
117836543,
117837190,
117838126,
117839457,
117840001,
117840677,
117840980,
117841426,
117841528,
117842669,
117844604,
117845710,
117847013,
117847267,
117847518,
117848098,
117848445,
117849832,
117850345,
117850682,
117850761,
117852142,
117852389,
117852432,
117853339,
117853382,
117853944,
117854429,
117854612,
117858118,
117862768,
117862791,
117863748,
117864327,
117864505,
117864516,
117867658,
117870431,
117871926,
117872179,
117872342,
117873292,
117873916,
117873937,
117876113,
117876823,
117879591,
117881136,
117881328,
117888598,
117889504,
117893765,
117894231,
117895165,
117895723,
117900102,
117900113,
117900467,
117901771,
117902964,
117903069,
117903156,
117903557,
117904621,
117905610,
117910958,
117911695,
117916065,
117921797,
117923804,
117925538,
117926372,
117927009,
117927169,
117927240,
117927708,
117927771,
117927876,
117928422,
117929003,
117929070,
117929194,
117929730,
117933861,
117934742,
117937680,
117939112,
117942373,
117943128,
117946738,
117950056,
117952278,
117953614,
117957983,
117958179,
117958856,
117959425,
117961357,
117962201,
117965741,
117971557,
117975678,
117976891,
117977952,
117981581,
117981834,
117982673,
117983041,
117984087,
117986563,
117987741,
117988607,
117993521,
117994718,
117996409,
117997288,
117997353,
117997548,
117998169,
117999168,
117999252,
118004032,
118005560,
118007312,
118011736,
118013545,
118017953,
118018479,
118019019,
118019945,
118025477,
118026882,
118027499,
118028014,
118028407,
118029747,
118029839,
118032069,
118033584,
118033954,
118035248,
118038273,
118043068,
118045222,
118054140,
118054440,
118058992,
118059684,
118061190,
118061534,
118061688,
118063206,
118063759,
118063792,
118064307,
118064661,
118064940,
118065717,
118065919,
118068086,
118068769,
118069586,
118070610,
118070990,
118071332,
118071385,
118071541,
118072170,
118075185,
118075785,
118076417,
118076507,
118076633,
118076645,
118076934,
118077109,
118077424,
118077714,
118077992,
118078248,
118080500,
118081635,
118082364,
118082620,
118084795,
118085393,
118086299,
118087279,
118087312,
118088016,
118088168,
118088323,
118088354,
118088720,
118089728,
118095446,
118096519,
118096831,
118096954,
118097538,
118098839,
118099873,
118100845,
118103433,
118112418,
118113224,
118124951,
118125722,
118126176,
118127332,
118127486,
118127577,
118132501,
118133321,
118136376,
118137290,
118137760,
118144054,
118147892,
118152056,
118153010,
118185030,
118191963,
118202035,
118204617,
118207280,
118227017,
118243257,
118244945,
118302869,
118311992,
118318530,
118353314,
118353635,
118355612,
118374887,
118390949,
118402651,
118403747,
118412842,
118417599,
118417760,
118423715,
118429218,
118432215,
118435014,
118435623,
118436555,
118439447,
118440269,
118444206,
118445458,
118448516,
118450323,
118450925,
118451143,
118451390,
118451463,
118451481,
118451682,
118451753,
118451985,
118452089,
118452114,
118452239,
118452319,
118452835,
118453041,
118453383,
118454234,
118455181,
118455442,
118455628,
118456820,
118457329,
118457609,
118458015,
118458196,
118458444,
118458498,
118458664,
118458856,
118458943,
118458978,
118459625,
118459698,
118463780,
118463922,
118465184,
118469177,
118471895,
118472101,
118473480,
118476806,
118477226,
118477354,
118478196,
118479985,
118481473,
118482547,
118483535,
118488040,
118489580,
118490806,
118495903,
118498037,
118498593,
118504221,
118506523,
118508220,
118509282,
118509968,
118510617,
118511448,
118512909,
118513240,
118514004,
118520010,
118520802,
118521563,
118523687,
118524187,
118536543,
118539956,
118541795,
118542958,
118546784,
118547099,
118552409,
118552424,
118552881,
118555870,
118556963,
118557376,
118560334,
118565756,
118565768,
118565958,
118566562,
118571552,
118572348,
118573228,
118573437,
118573663,
118574725,
118574852,
118576702,
118580233,
118580495,
118581196,
118581337,
118585115,
118595984,
118598267,
118599493,
118601919,
118606621,
118609572,
118609676,
118610141,
118610484,
118614661,
118621052,
118622346,
118627857,
118634699,
118643912,
118645093,
118645760,
118649340,
118654551,
118666768,
118686061,
118692411,
118692916,
118702500,
118704243,
118710899,
118724765,
118725284,
118727285,
118734168,
118734957,
118750140,
118751919,
118753061,
118753785,
118753863,
118753913,
118754169,
118754809,
118755624,
118755646,
118755935,
118759280,
118760189,
118762544,
118764494,
118768494,
118768689,
118771287,
118777277,
118780439,
118781853,
118782024,
118782989,
118785543,
118786613,
118789061,
118789436,
118789641,
118791288,
118791315,
118791888,
118800828,
118802647,
118807530,
118811767,
118812110,
118812559,
118814236,
118814517,
118815439,
118816105,
118817229,
118817788,
118818881,
118829198,
118830857,
118831313,
118833120,
118833786,
118835919,
118836361,
118837188,
118837751,
118837901,
118838958,
118839062,
118839622,
118841029,
118841879,
118843524,
118844041,
118845847,
118846833,
118847736,
118848332,
118848870,
118849229,
118849235,
118849329,
118849830,
118850354,
118850764,
118851828,
118855745,
118855785,
118856658,
118862878,
118863224,
118863382,
118863439,
118863467,
118863933,
118865238,
118865389,
118865999,
118867350,
118867352,
118867991,
118868263,
118868731,
118869689,
118871039,
118872748,
118873655,
118873948,
118874240,
118874726,
118874906,
118875902,
118875952,
118876372,
118877725,
118883156,
118885860,
118889907,
118894305,
118896973,
118897318,
118899153,
118899359,
118901523,
118903051,
118905248,
118906872,
118911824,
118913062,
118914637,
118924366,
118927420,
118930021,
118931538,
118936721,
118938422,
118938448,
118942918,
118947454,
118950112,
118951433,
118951908,
118957403,
118961237,
118961379,
118961556,
118962550,
118964737,
118966321,
118966591,
118970480,
118971653,
118972427,
118975721,
118976104,
118977522,
118977645,
118981563,
118981797,
118983909,
118985516,
118985736,
118987368,
118987951,
118988311,
118988370,
118989066,
118993269,
119002497,
119003544,
119005907,
119019090,
119024561,
119035177,
119041474,
119042490,
119044111,
119046731,
119052208,
119061187,
119066697,
119072230,
119074366,
119078995,
119080830,
119081518,
119081862,
119081939,
119081982,
119084192,
119085120,
119087012,
119087275,
119088098,
119088438,
119088559,
119088593,
119088778,
119088942,
119089225,
119089427,
119089644,
119090319,
119091529,
119092618,
119092682,
119094348,
119094588,
119094624,
119095157,
119101582,
119102889,
119108655,
119109876,
119113150,
119113572,
119116543,
119119712,
119120759,
119120773,
119121148,
119121238,
119121292,
119122427,
119122602,
119122694,
119122763,
119123184,
119123199,
119123239,
119123364,
119123494,
119124107,
119125258,
119125519,
119127354,
119130615,
119130790,
119130885,
119131978,
119132033,
119132697,
119135155,
119136100,
119136359,
119136404,
119136453,
119136504,
119136507,
119136513,
119136856,
119137213,
119137544,
119137969,
119138085,
119138111,
119140087,
119142164,
119142689,
119143325,
119144026,
119145362,
119153075,
119155900,
119157937,
119162250,
119164101,
119167792,
119168983,
119170321,
119172679,
119172933,
119183375,
119188316,
119190613,
119191226,
119194501,
119194541,
119194714,
119196417,
119196806,
119201909,
119205605,
119208183,
119211534,
119211769,
119214833,
119216509,
119217048,
119218527,
119222051,
119222151,
119223357,
119224766,
119226100,
119227929,
119228028,
119228814,
119229811,
119230276,
119231274,
119231673,
119231810,
119232079,
119232639,
119232841,
119233313,
119233327,
119233977,
119234428,
119234922,
119235377,
119235697,
119236834,
119239085,
119241250,
119241354,
119242062,
119244676,
119247023,
119247829,
119250283,
119251653,
119252318,
119252544,
119252710,
119253016,
119253390,
119253710,
119254090,
119254514,
119254719,
119254807,
119256127,
119257296,
119262194,
119264015,
119265804,
119265928,
119266381,
119268422,
119268784,
119270282,
119271273,
119271448,
119272696,
119272800,
119273488,
119275179,
119275588,
119276341,
119276971,
119277847,
119279563,
119283230,
119283820,
119283943,
119288125,
119288754,
119288805,
119289075,
119289789,
119290177,
119290351,
119290399,
119290428,
119290760,
119291306,
119292161,
119293051,
119293186,
119293724,
119294661,
119296068,
119296666,
119297450,
119298938,
119299976,
119301302,
119302601,
119302722,
119303380,
119304754,
119306400,
119306665,
119307065,
119307643,
119307780,
119308198,
119309152,
119309957,
119310004,
119310638,
119311314,
119312723,
119313208,
119314669,
119314825,
119314920,
119315274,
119316957,
119317480,
119317581,
119317622,
119318931,
119320148,
119320396,
119320951,
119323353,
119323924,
119326084,
119326088,
119326188,
119327731,
119327859,
119328342,
119330122,
119332038,
119332079,
119333659,
119333896,
119334936,
119336310,
119341261,
119342628,
119343194,
119345910,
119346069,
119346318,
119347222,
119349058,
119350052,
119359296,
119371801,
119376817,
119376972,
119377341,
119379422,
119379765,
119382572,
119384521,
119385945,
119386653,
119390979,
119394123,
119399100,
119399444,
119403031,
119404667,
119404961,
119406547,
119407692,
119407756,
119410707,
119415466,
119415936,
119416063,
119417296,
119417878,
119418744,
119419607,
119420001,
119420155,
119420585,
119420604,
119420608,
119420671,
119421031,
119421801,
119422159,
119422172,
119424825,
119426989,
119428727,
119432288,
119433460,
119433840,
119435524,
119438765,
119451728,
119458069,
119462979,
119463289,
119463618,
119468816,
119475592,
119476702,
119479094,
119483729,
119488443,
119489132,
119491984,
119493293,
119493595,
119494693,
119497404,
119500204,
119500325,
119501619,
119501727,
119502305,
119502403,
119503049,
119504461,
119506031,
119506937,
119508262,
119508975,
119509440,
119510226,
119511556,
119512468,
119512561,
119514038,
119517767,
119520262,
119520409,
119522806,
119529654,
119545739,
119546372,
119547741,
119548065,
119548408,
119548908,
119549076,
119549248,
119556036,
119557195,
119560518,
119562032,
119563528,
119566134,
119569342,
119569366,
119570287,
119570976,
119571032,
119571456,
119573025,
119573057,
119574362,
119574869,
119575686,
119577308,
119577785,
119578966,
119579900,
119580398,
119582841,
119583114,
119583388,
119591732,
119592575,
119592623,
119592909,
119594900,
119596193,
119597946,
119599224,
119602461,
119602858,
119604071,
119605168,
119607701,
119609337,
119613463,
119616291,
119620286,
119633580,
119640771,
119646310,
119648156,
119655157,
119660202,
119660603,
119667186,
119667901,
119668570,
119674293,
119679120,
119679575,
119680080,
119686772,
119691625,
119705207,
119707200,
119708220,
119712390,
119714937,
119724540,
119728691,
119737985,
119746625,
119748546,
119749567,
119751882,
119757012,
119758408,
119762307,
119762980,
119770165,
119771873,
119778059,
119781259,
119783831,
119784402,
119785117,
119790987,
119796423,
119801388,
119805040,
119813575,
119821874,
119826536,
119828325,
119836276,
119836518,
119838393,
119840436,
119842847,
119845806,
119853658,
119856043,
119860130,
119867217,
119867618,
119868388,
119868777,
119870633,
119870832,
119872246,
119872888,
119874363,
119874694,
119878401,
119878566,
119883523,
119884944,
119886216,
119888258,
119888881,
119895413,
119895849,
119895866,
119896351,
119896986,
119899466,
119899840,
119900819,
119901399,
119903664,
119903721,
119905645,
119906185,
119906255,
119906531,
119907089,
119908563,
119909872,
119910033,
119910045,
119911603,
119912082,
119912306,
119913496,
119916435,
119924217,
119925257,
119925809,
119927949,
119929344,
119929436,
119930525,
119931244,
119932376,
119933363,
119934949,
119935177,
119935347,
119935935,
119939587,
119946262,
119951053,
119955245,
119955951,
119957946,
119958490,
119960108,
119962426,
119965992,
119966875,
119967253,
119968840,
119970934,
119972043,
119972273,
119974565,
119975120,
119982158,
119982865,
120003638,
120005252,
120009187,
120017959,
120024902,
120027068,
120054433,
120064921,
120075820,
120095891,
120098978,
120102840,
120103765,
120107019,
120109122,
120113774,
120115046,
120116661,
120120037,
120121948,
120123450,
120124031,
120127194,
120127383,
120130092,
120141864,
120144904,
120148388,
120153446,
120168358,
120170226,
120175680,
120184068,
120186281,
120199284,
120201101,
120210672,
120212166,
120222193,
120238286,
120240577,
120243653,
120258441,
120259666,
120262685,
120267867,
120268024,
120269503,
120271260,
120279307,
120282232,
120285845,
120288766,
120292432,
120300801,
120304340,
120312435,
120312713,
120324961,
120325636,
120326765,
120329031,
120345723,
120347881,
120348279,
120352308,
120358308,
120360412,
120363019,
120365979,
120371387,
120377280,
120380209,
120385918,
120387805,
120389001,
120392827,
120394342,
120394965,
120395342,
120396628,
120398053,
120398083,
120398089,
120398262,
120398545,
120398914,
120402718,
120403514,
120403834,
120404928,
120408875,
120413401,
120419070,
120422450,
120423194,
120423390,
120424540,
120424728,
120425680,
120437986,
120442903,
120443484,
120450815,
120456881,
120463462,
120464203,
120468558,
120473009,
120484670,
120509402,
120516686,
120522253,
120529560,
120548411,
120554597,
120557528,
120563042,
120566432,
120568925,
120570943,
120579367,
120579439,
120579635,
120587987,
120599272,
120600476,
120601628,
120602176,
120602899,
120603240,
120603420,
120603924,
120605140,
120605556,
120605630,
120606577,
120606954,
120608541,
120611131,
120614328,
120615240,
120618268,
120623454,
120625863,
120627473,
120630549,
120631397,
120639704,
120643491,
120644665,
120646465,
120648080,
120648136,
120648194,
120649543,
120650946,
120652694,
120654751,
120655615,
120656437,
120657368,
120659818,
120661345,
120662078,
120674625,
120677172,
120684670,
120689543,
120694296,
120697418,
120697663,
120706912,
120709808,
120721576,
120722811,
120725569,
120742135,
120747341,
120748113,
120748203,
120748733,
120756761,
120757058,
120759825,
120760495,
120774663,
120784774,
120797476,
120798356,
120803058,
120823358,
120840462,
120860011,
120895621,
120902442,
120902995,
120913118,
120920091,
120920404,
120921782,
120926520,
120926699,
120926701,
120933429,
120951158,
120962401,
120965128,
120965920,
120967322,
120967406,
120978818,
120979334,
120980353,
120981252,
120982626,
120983003,
120985481,
120987057,
120988674,
120988741,
120991390,
120992097,
120993421,
120994498,
120997783,
121000578,
121001040,
121003636,
121004866,
121007756,
121010591,
121014700,
121016344,
121016818,
121020191,
121020596,
121021732,
121024335,
121025484,
121032216,
121032703,
121033174,
121033533,
121034127,
121034363,
121038129,
121038320,
121038619,
121041461,
121041851,
121043835,
121045685,
121049557,
121049828,
121050568,
121050789,
121051573,
121051853,
121052694,
121052716,
121053148,
121053774,
121054263,
121055366,
121056361,
121057628,
121059658,
121061650,
121061989,
121074344,
121075450,
121087862,
121088082,
121102727,
121103908,
121109313,
121109651,
121113483,
121113900,
121125365,
121127953,
121133661,
121138183,
121141853,
121141869,
121146189,
121152943,
121154885,
121155215,
121156656,
121159609,
121162449,
121162725,
121162998,
121163007,
121163149,
121163217,
121163504,
121163944,
121164331,
121164434,
121166342,
121166510,
121166672,
121166920,
121167270,
121167385,
121167551,
121167569,
121167795,
121168115,
121170087,
121177299,
121182341,
121184392,
121184500,
121189654,
121192535,
121192634,
121195633,
121199429,
121200582,
121201853,
121203230,
121203705,
121203864,
121210328,
121216207,
121227549,
121229847,
121230450,
121231341,
121233457,
121239968,
121240960,
121241524,
121242057,
121243732,
121243883,
121247590,
121247980,
121248274,
121251994,
121253292,
121256143,
121256335,
121257349,
121257718,
121258093,
121258882,
121260033,
121260981,
121261425,
121264479,
121265814,
121268438,
121268729,
121273177,
121277131,
121277768,
121280152,
121280307,
121284027,
121285797,
121286183,
121286627,
121287813,
121287910,
121288661,
121288704,
121289726,
121289811,
121293000,
121293137,
121295451,
121301715,
121302760,
121305878,
121307492,
121312284,
121317757,
121320687,
121323717,
121323972,
121326360,
121329684,
121331461,
121342807,
121343209,
121345417,
121347991,
121348658,
121352676,
121356973,
121358724,
121363294,
121365565,
121369018,
121371274,
121375445,
121375518,
121375768,
121375863,
121376029,
121376210,
121376731,
121378458,
121378511,
121379721,
121381464,
121381509,
121382515,
121382567,
121382976,
121383850,
121384063,
121384112,
121385166,
121385710,
121385935,
121386205,
121386807,
121387383,
121388303,
121389275,
121391397,
121392139,
121402982,
121404464,
121404916,
121409331,
121415593,
121418114,
121422115,
121422453,
121429453,
121430536,
121432262,
121438754,
121444044,
121445838,
121446190,
121454982,
121459294,
121486528,
121487300,
121487664,
121492208,
121494060,
121500381,
121500966,
121502835,
121506327,
121511473,
121512851,
121536924,
121543521,
121544986,
121545559,
121546644,
121551336,
121555071,
121555962,
121557275,
121559572,
121560100,
121563486,
121566485,
121567132,
121570457,
121573692,
121574337,
121575135,
121577823,
121579100,
121581943,
121583545,
121584151,
121597467,
121598619,
121599193,
121599977,
121604943,
121606695,
121607668,
121611727,
121617614,
121625104,
121631098,
121638010,
121644188,
121650602,
121654916,
121676686,
121694182,
121711824,
121712476,
121714932,
121715403,
121715589,
121716607,
121716656,
121718678,
121721130,
121723844,
121725369,
121729188,
121729786,
121731977,
121733641,
121749092,
121752478,
121755659,
121756040,
121765773,
121766008,
121766177,
121766283,
121767046,
121768910,
121769123,
121770585,
121771061,
121774845,
121777613,
121777719,
121779003,
121782003,
121782404,
121784854,
121785696,
121787546,
121788965,
121789544,
121791941,
121796284,
121799208,
121800951,
121801697,
121816806,
121820211,
121823549,
121826728,
121827256,
121829210,
121829311,
121831275,
121839463,
121842842,
121843668,
121844609,
121845874,
121849978,
121854599,
121854639,
121857428,
121859125,
121859831,
121863137,
121863392,
121864582,
121872174,
121873654,
121906395,
121908145,
121910284,
121910839,
121914511,
121915889,
121917809,
121927676,
121939080,
121940299,
121944322,
121947804,
121956169,
121963594,
121968005,
121980224,
121982552,
121988310,
121989254,
121989747,
121991577,
122006061,
122013280,
122016231,
122018617,
122025219,
122025225,
122030780,
122030849,
122031488,
122034596,
122035921,
122037494,
122040821,
122041401,
122043383,
122043972,
122044509,
122045232,
122045660,
122045929,
122045946,
122045950,
122046229,
122046387,
122046633,
122050107,
122051194,
122051960,
122053026,
122054691,
122056902,
122056938,
122058040,
122059094,
122061194,
122061628,
122070791,
122073847,
122075415,
122075801,
122076567,
122079354,
122087020,
122087445,
122093901,
122098979,
122105917,
122128452,
122133441,
122139047,
122139097,
122141585,
122142823,
122145737,
122146361,
122146660,
122146933,
122147204,
122147416,
122147831,
122148388,
122148483,
122148908,
122149455,
122149598,
122152329,
122152731,
122153458,
122153822,
122154966,
122155051,
122156017,
122156463,
122162187,
122163193,
122165456,
122166870,
122167076,
122169441,
122170942,
122185705,
122186807,
122188500,
122189595,
122190232,
122190277,
122190533,
122191983,
122194059,
122197738,
122202089,
122204561,
122208272,
122209054,
122217267,
122223960,
122231520,
122235547,
122239186,
122239505,
122244788,
122251944,
122254960,
122257555,
122262475,
122266473,
122271794,
122274937,
122275336,
122281006,
122300701,
122301417,
122305148,
122307047,
122314946,
122315913,
122319095,
122319486,
122319708,
122321691,
122322821,
122329043,
122331999,
122332186,
122333032,
122338589,
122355361,
122360353,
122362010,
122368649,
122389022,
122404046,
122444888,
122453221,
122453957,
122457637,
122458580,
122458828,
122465827,
122475354,
122479002,
122483902,
122491805,
122500509,
122501050,
122502852,
122504864,
122505494,
122508463,
122514987,
122521715,
122533927,
122546240,
122568940,
122577941,
122578046,
122582137,
122604208,
122612980,
122616075,
122616412,
122625682,
122626037,
122628258,
122632130,
122636205,
122640154,
122647276,
122650061,
122650303,
122659745,
122661316,
122667405,
122667815,
122669277,
122669491,
122670670,
122670715,
122670895,
122671135,
122671351,
122672003,
122672128,
122672481,
122675756,
122676353,
122676466,
122676783,
122677442,
122678018,
122678108,
122680005,
122681120,
122685753,
122686670,
122686859,
122688064,
122692560,
122703927,
122705682,
122716220,
122718812,
122719183,
122722143,
122723257,
122724747,
122728192,
122730862,
122731186,
122731302,
122731921,
122736001,
122738782,
122741162,
122743393,
122745352,
122749929,
122750692,
122751696,
122754249,
122755072,
122755510,
122770510,
122785266,
122803891,
122807955,
122819038,
122825973,
122848517,
122854569,
122854810,
122860961,
122862423,
122864522,
122879014,
122879650,
122892023,
122893273,
122894645,
122898791,
122903374,
122909470,
122910302,
122945534,
122949976,
122963380,
122973071,
122974561,
122992038,
122992763,
123007024,
123034318,
123074157,
123087947,
123129017,
123130265,
123142434,
123146291,
123148382,
123161255,
123179966,
123181749,
123182400,
123204973,
123225816,
123230141,
123234896,
123242895,
123251797,
123269305,
123273313,
123287983,
123290579,
123315426,
123321671,
123331573,
123337061,
123341011,
123350685,
123363293,
123407317,
123411358,
123412629,
123413227,
123413821,
123415559,
123415588,
123416595,
123419078,
123427241,
123427665,
123428885,
123429149,
123429614,
123430344,
123430373,
123431163,
123431549,
123432441,
123433045,
123433528,
123435139,
123435421,
123442714,
123446098,
123447686,
123448131,
123448185,
123448194,
123448317,
123448562,
123448852,
123449522,
123449652,
123458255,
123463426,
123465079,
123470810,
123472201,
123472356,
123473092,
123474389,
123484469,
123497126,
123503035,
123503396,
123504702,
123506361,
123516103,
123517203,
123518041,
123518214,
123526527,
123539384,
123544590,
123548271,
123550142,
123566212,
123566287,
123569219,
123570542,
123571481,
123572564,
123572621,
123573941,
123582649,
123592074,
123593158,
123596071,
123599348,
123606254,
123611697,
123613218,
123615377,
123618346,
123620138,
123627451,
123636443,
123650254,
123658043,
123663282,
123663283,
123675218,
123681952,
123694869,
123709890,
123713812,
123718152,
123719284,
123726234,
123734452,
123739296,
123739787,
123743752,
123744881,
123761456,
123762362,
123764771,
123765270,
123766035,
123768278,
123768376,
123770267,
123772071,
123773170,
123773887,
123774339,
123775965,
123779729,
123780505,
123781139,
123782723,
123783090,
123783155,
123783733,
123789926,
123795809,
123802218,
123805088,
123806986,
123811321,
123816325,
123821025,
123822475,
123823094,
123825026,
123827067,
123831543,
123835316,
123838205,
123838718,
123839044,
123841429,
123845212,
123848971,
123851926,
123852256,
123853519,
123860617,
123862021,
123863566,
123867387,
123879857,
123884873,
123885263,
123889130,
123890048,
123890662,
123890918,
123892973,
123895466,
123899402,
123900929,
123904602,
123909149,
123910805,
123914457,
123915002,
123915713,
123915730,
123922744,
123923355,
123924954,
123930889,
123930905,
123931915,
123936905,
123940088,
123943783,
123964675,
123990608,
123994613,
123997178,
124004124,
124006840,
124014421,
124014994,
124015291,
124017747,
124019735,
124020896,
124024428,
124026211,
124027271,
124027360,
124029914,
124030017,
124040895,
124043630,
124043970,
124052800,
124054658,
124054989,
124060570,
124063846,
124064626,
124065503,
124077255,
124077783,
124081209,
124083908,
124090969,
124094066,
124095314,
124095511,
124095529,
124098168,
124106838,
124107178,
124109823,
124112090,
124113189,
124118051,
124118099,
124118913,
124120539,
124120740,
124121035,
124122054,
124122701,
124123517,
124126302,
124127613,
124129991,
124135500,
124135638,
124139918,
124141109,
124142688,
124143641,
124144618,
124145764,
124148662,
124150166,
124152552,
124152637,
124152743,
124153193,
124153341,
124153458,
124154045,
124154100,
124154248,
124156716,
124158211,
124158844,
124159835,
124160778,
124162280,
124162438,
124163922,
124166423,
124167427,
124167551,
124170938,
124173807,
124176392,
124180068,
124180254,
124183040,
124183517,
124183789,
124184954,
124185149,
124185543,
124186004,
124186007,
124188264,
124188626,
124188902,
124188974,
124192794,
124193497,
124197881,
124198867,
124202595,
124205139,
124207717,
124208595,
124211029,
124215776,
124216871,
124220203,
124224022,
124226449,
124226732,
124228230,
124229520,
124229753,
124230766,
124232350,
124234011,
124234694,
124235700,
124236614,
124236723,
124236824,
124236872,
124237079,
124237557,
124237699,
124237915,
124238171,
124238229,
124238255,
124240229,
124240303,
124242847,
124243467,
124244309,
124245244,
124245425,
124246409,
124249252,
124250180,
124252462,
124253218,
124254794,
124254923,
124256443,
124258608,
124259363,
124261594,
124262618,
124264336,
124265136,
124265584,
124265901,
124266708,
124266873,
124268717,
124270129,
124271745,
124273068,
124273407,
124277025,
124277193,
124280356,
124280540,
124283240,
124285140,
124288915,
124290246,
124292933,
124307726,
124308041,
124308460,
124308502,
124308761,
124309733,
124310736,
124311460,
124312468,
124313257,
124313539,
124313866,
124314254,
124314840,
124315095,
124316679,
124317933,
124317943,
124318091,
124321801,
124325782,
124331584,
124334702,
124336158,
124339883,
124341045,
124341915,
124344371,
124344687,
124346811,
124347841,
124350252,
124354993,
124356874,
124357230,
124357777,
124358557,
124359304,
124359452,
124359506,
124359577,
124360034,
124360374,
124360407,
124360439,
124360733,
124360889,
124362014,
124368504,
124368611,
124368869,
124370356,
124370569,
124374697,
124378150,
124379052,
124380814,
124383061,
124383449,
124384231,
124384888,
124385270,
124385386,
124385692,
124386190,
124388336,
124389086,
124390751,
124391030,
124391586,
124392796,
124393073,
124393558,
124393857,
124396747,
124396750,
124397029,
124397235,
124397430,
124398287,
124398554,
124399133,
124399337,
124399750,
124399806,
124399877,
124400702,
124402143,
124405684,
124409637,
124411800,
124412606,
124416611,
124417652,
124420569,
124423367,
124424266,
124426916,
124426923,
124428902,
124430216,
124433967,
124435277,
124435726,
124437190,
124437778,
124438618,
124440428,
124441206,
124441596,
124443423,
124443988,
124448346,
124451288,
124451672,
124451832,
124458741,
124459887,
124460382,
124465513,
124470357,
124472005,
124472606,
124475298,
124477227,
124479435,
124483802,
124483859,
124484589,
124484743,
124485540,
124486332,
124487255,
124487276,
124487928,
124488056,
124488606,
124489160,
124489239,
124490365,
124491127,
124491129,
124491857,
124492065,
124492435,
124493814,
124494264,
124494719,
124495242,
124495264,
124495286,
124495764,
124496039,
124497564,
124498110,
124498315,
124499069,
124499278,
124499378,
124499794,
124499939,
124499941,
124499976,
124500281,
124500603,
124500704,
124500911,
124501907,
124502048,
124502851,
124503013,
124503073,
124503811,
124505013,
124510847,
124511967,
124513026,
124513633,
124515264,
124515699,
124516456,
124516617,
124517978,
124519158,
124519324,
124519449,
124519815,
124520102,
124520581,
124520595,
124520620,
124520796,
124520936,
124521521,
124521797,
124522474,
124523484,
124525900,
124531192,
124532542,
124532731,
124533884,
124534404,
124535113,
124537168,
124545023,
124546392,
124548488,
124548791,
124548950,
124549292,
124550164,
124551267,
124553850,
124554379,
124556534,
124557789,
124558872,
124561489,
124562440,
124562742,
124563211,
124563539,
124565261,
124567296,
124571348,
124571427,
124574564,
124576123,
124582702,
124584116,
124586811,
124587096,
124587560,
124590856,
124598789,
124599581,
124600608,
124601220,
124601818,
124603126,
124603661,
124604017,
124604201,
124604915,
124605526,
124606306,
124606718,
124607185,
124607749,
124608633,
124608875,
124608883,
124609085,
124609818,
124610346,
124611333,
124612296,
124612483,
124613163,
124613660,
124615901,
124617326,
124618068,
124618640,
124619122,
124621061,
124621535,
124621553,
124621928,
124622801,
124623698,
124624182,
124624380,
124626163,
124627114,
124627680,
124629844,
124631344,
124631853,
124631927,
124633860,
124633932,
124634095,
124636818,
124637830,
124638930,
124639245,
124639412,
124639457,
124640527,
124640716,
124641231,
124641534,
124641772,
124644428,
124645517,
124645722,
124646453,
124647664,
124648927,
124650199,
124652273,
124652335,
124653001,
124655236,
124656981,
124657168,
124659003,
124660847,
124661108,
124662996,
124663422,
124664960,
124668529,
124668738,
124670137,
124671272,
124671286,
124673413,
124674215,
124676089,
124676782,
124677102,
124677597,
124679640,
124679959,
124681619,
124683047,
124684238,
124684848,
124685360,
124685410,
124686380,
124688138,
124690799,
124692886,
124693205,
124695032,
124695739,
124697101,
124697370,
124697452,
124697873,
124699275,
124699637,
124699753,
124703700,
124704472,
124706539,
124708882,
124709297,
124710879,
124711189,
124711828,
124712903,
124713717,
124713819,
124714028,
124714093,
124714301,
124714886,
124716468,
124717397,
124718561,
124719825,
124722481,
124724473,
124725437,
124726082,
124726477,
124729110,
124731838,
124735441,
124737436,
124738506,
124740784,
124742773,
124743784,
124743871,
124745740,
124745825,
124748350,
124749114,
124749766,
124751882,
124752566,
124754264,
124755365,
124755607,
124756010,
124756306,
124756327,
124756448,
124757441,
124757960,
124759354,
124761393,
124762159,
124762653,
124763530,
124763838,
124764334,
124765701,
124765885,
124766536,
124767038,
124767881,
124768047,
124768222,
124768253,
124768856,
124769826,
124772231,
124773004,
124774060,
124774413,
124775204,
124775341,
124776098,
124780059,
124780654,
124781089,
124781426,
124781676,
124781885,
124782070,
124785252,
124791684,
124792422,
124798335,
124798955,
124799219,
124804718,
124805821,
124805890,
124806459,
124809139,
124811533,
124811815,
124812417,
124815283,
124815692,
124818217,
124818978,
124822506,
124824010,
124824961,
124827173,
124828791,
124830374,
124830834,
124832113,
124832196,
124832223,
124832469,
124832516,
124832700,
124832844,
124832894,
124832957,
124833035,
124833073,
124833335,
124833394,
124833598,
124833706,
124833762,
124834225,
124834829,
124835712,
124836168,
124836281,
124836303,
124836914,
124840251,
124840433,
124842837,
124842879,
124843828,
124844232,
124844386,
124844766,
124845259,
124848408,
124850340,
124850706,
124851578,
124852409,
124852908,
124853789,
124854230,
124854340,
124854548,
124854681,
124855575,
124855900,
124857323,
124858653,
124859696,
124860901,
124861237,
124864401,
124864827,
124864933,
124865421,
124866569,
124866602,
124867225,
124867631,
124867741,
124867946,
124868747,
124868985,
124869263,
124869556,
124872469,
124874913,
124878886,
124879440,
124884777,
124886328,
124887554,
124890180,
124892064,
124892990,
124896149,
124896167,
124897005,
124904725,
124906424,
124907813,
124910281,
124911508,
124914620,
124916760,
124919184,
124921737,
124924351,
124926495,
124927459,
124927461,
124927834,
124927931,
124929869,
124930472,
124931166,
124931622,
124932946,
124934634,
124935019,
124935623,
124936406,
124937341,
124937635,
124937695,
124938771,
124939211,
124939955,
124943204,
124945146,
124946036,
124946213,
124947443,
124949566,
124953044,
124953427,
124953492,
124953969,
124955259,
124955681,
124955784,
124958156,
124961889,
124963841,
124966434,
124966730,
124967042,
124967220,
124967521,
124967628,
124967654,
124967725,
124968230,
124968568,
124969879,
124970513,
124971958,
124971988,
124972120,
124972364,
124972604,
124972656,
124973044,
124973182,
124974550,
124975270,
124975830,
124976120,
124976323,
124976550,
124978563,
124979059,
124980476,
124982611,
124982918,
124985502,
124985743,
124985871,
124991692,
124998360,
125000553,
125002250,
125002698,
125004449,
125004735,
125005539,
125006494,
125006610,
125007275,
125007358,
125009674,
125009731,
125010338,
125010723,
125012212,
125013822,
125014721,
125015040,
125015139,
125015530,
125016598,
125018975,
125019206,
125020646,
125021806,
125024463,
125024955,
125025557,
125030454,
125034594,
125034882,
125035130,
125035137,
125035302,
125036990,
125037038,
125037318,
125037383,
125037477,
125042380,
125043383,
125047762,
125049900,
125050513,
125050735,
125055183,
125055559,
125057134,
125058466,
125063699,
125065307,
125067011,
125068033,
125069808,
125076604,
125078345,
125081140,
125083242,
125083332,
125084394,
125084441,
125085166,
125085248,
125085289,
125085463,
125085629,
125085650,
125085664,
125085807,
125085891,
125087332,
125088523,
125088824,
125093187,
125094215,
125095587,
125096674,
125099002,
125105715,
125105870,
125107297,
125115975,
125123945,
125128292,
125130697,
125134067,
125135336,
125137715,
125138082,
125140124,
125140310,
125141988,
125142785,
125144709,
125147628,
125148449,
125148923,
125149063,
125151538,
125153588,
125159072,
125159232,
125160044,
125167679,
125171855,
125181349,
125182829,
125182847,
125184575,
125184669,
125187943,
125192342,
125193549,
125195092,
125196575,
125196679,
125197214,
125197356,
125199356,
125202569,
125206082,
125208934,
125210977,
125212175,
125213636,
125215101,
125215407,
125215796,
125216537,
125217350,
125218732,
125219720,
125220007,
125220282,
125220679,
125221829,
125226404,
125228057,
125228181,
125229024,
125230713,
125230813,
125231170,
125232714,
125236514,
125237924,
125247978,
125251653,
125252781,
125253722,
125256104,
125257965,
125263298,
125264692,
125265018,
125265105,
125265856,
125267328,
125268053,
125268900,
125269218,
125269265,
125269766,
125274389,
125274552,
125274721,
125275696,
125276445,
125278760,
125279285,
125280400,
125281079,
125281981,
125283867,
125284689,
125284999,
125290247,
125291583,
125291921,
125293670,
125296790,
125299022,
125299330,
125299577,
125299974,
125299991,
125299997,
125300235,
125300587,
125301003,
125303317,
125307100,
125311444,
125312522,
125313308,
125313349,
125313884,
125314586,
125314994,
125317204,
125317626,
125318732,
125319259,
125319619,
125320601,
125321223,
125321651,
125321680,
125322024,
125322162,
125322488,
125322791,
125323014,
125324334,
125325441,
125326023,
125326411,
125327954,
125328680,
125328947,
125329185,
125329840,
125330089,
125331192,
125334424,
125336508,
125337603,
125337744,
125337893,
125338571,
125338681,
125338784,
125338911,
125339404,
125339417,
125339504,
125339770,
125339774,
125340567,
125341255,
125342631,
125346672,
125347059,
125347424,
125348170,
125348203,
125348392,
125348906,
125349417,
125349848,
125350642,
125352262,
125353221,
125353415,
125354642,
125354651,
125354838,
125354982,
125355490,
125357635,
125357985,
125358735,
125361129,
125362168,
125362834,
125363992,
125364456,
125374106,
125377090,
125377594,
125378387,
125380335,
125381383,
125383056,
125388928,
125390919,
125393693,
125394109,
125395306,
125400652,
125403053,
125403100,
125404197,
125404797,
125405409,
125405557,
125405605,
125406358,
125406418,
125406447,
125406451,
125406524,
125407707,
125408288,
125408733,
125411325,
125411421,
125411440,
125411588,
125412375,
125412578,
125412616,
125412631,
125412636,
125412963,
125413167,
125413168,
125413327,
125413404,
125413733,
125414167,
125414297,
125414543,
125416273,
125416367,
125416856,
125417194,
125417601,
125418630,
125419114,
125419712,
125421639,
125424250,
125425410,
125426844,
125428340,
125428568,
125429356,
125429974,
125430177,
125430266,
125431163,
125431643,
125431655,
125432211,
125434037,
125434386,
125434635,
125436339,
125436711,
125437070,
125442791,
125444822,
125445320,
125446399,
125454614,
125456874,
125457384,
125460966,
125466893,
125468812,
125470344,
125470747,
125471317,
125471829,
125474893,
125479527,
125483036,
125484344,
125485515,
125485921,
125486820,
125486997,
125487502,
125487848,
125488576,
125488614,
125488929,
125488962,
125489659,
125493489,
125495754,
125496589,
125496616,
125499313,
125501935,
125503655,
125504486,
125506790,
125507437,
125508902,
125509518,
125510728,
125510804,
125512638,
125513378,
125513604,
125513924,
125514275,
125514812,
125514854,
125515059,
125515338,
125515388,
125515647,
125516040,
125517606,
125518165,
125518359,
125519252,
125519343,
125519387,
125519393,
125519690,
125520028,
125520472,
125520975,
125521450,
125522058,
125523807,
125529616,
125530264,
125530455,
125530871,
125532951,
125533704,
125533857,
125534170,
125534383,
125534887,
125535179,
125535484,
125535497,
125537341,
125538191,
125541297,
125544450,
125545208,
125545592,
125547022,
125547505,
125548331,
125549925,
125550971,
125553662,
125553690,
125553912,
125553978,
125554373,
125554886,
125555283,
125555974,
125556327,
125556672,
125556879,
125557465,
125559418,
125564206,
125565056,
125565300,
125565941,
125567857,
125568580,
125568671,
125569877,
125575477,
125576453,
125583344,
125585309,
125586254,
125586659,
125586990,
125587408,
125588067,
125588500,
125590176,
125590585,
125593120,
125593673,
125593685,
125595018,
125595522,
125596833,
125597494,
125598387,
125599816,
125603471,
125603946,
125604355,
125605220,
125608136,
125608511,
125612504,
125613310,
125614999,
125615667,
125616651,
125619889,
125622060,
125622933,
125631014,
125635554,
125639486,
125642862,
125646476,
125649506,
125650089,
125652316,
125654209,
125654978,
125655449,
125658251,
125658799,
125661548,
125665094,
125669892,
125671141,
125672649,
125672712,
125674575,
125676149,
125677378,
125677779,
125678290,
125682384,
125694674,
125695902,
125696015,
125699334,
125701341,
125702236,
125711570,
125713786,
125713869,
125722168,
125726747,
125731068,
125731153,
125733876,
125740523,
125747680,
125757961,
125766381,
125768960,
125787489,
125787743,
125793515,
125793719,
125794335,
125794519,
125799551,
125799911,
125800233,
125800656,
125801534,
125804077,
125806150,
125806298,
125806794,
125807008,
125807552,
125807846,
125810914,
125811544,
125811634,
125811867,
125812108,
125812199,
125812398,
125812443,
125812654,
125812889,
125815362,
125816335,
125818791,
125821778,
125824611,
125831220,
125834395,
125837180,
125838510,
125838852,
125841360,
125842021,
125844158,
125844262,
125846055,
125848343,
125850917,
125852532,
125853334,
125853757,
125854498,
125854652,
125854843,
125854902,
125855753,
125855940,
125859598,
125861095,
125861205,
125867145,
125867565,
125868651,
125869660,
125869788,
125869938,
125870270,
125870481,
125870768,
125870930,
125871136,
125871508,
125872017,
125873354,
125874535,
125874669,
125875698,
125876174,
125876220,
125876676,
125877183,
125878200,
125878373,
125878534,
125882278,
125883981,
125888545,
125889382,
125891611,
125896770,
125900709,
125904502,
125904669,
125905920,
125906471,
125907513,
125909860,
125909920,
125915023,
125917935,
125919883,
125931023,
125933585,
125938362,
125940193,
125941118,
125944377,
125946600,
125947298,
125948104,
125948370,
125948863,
125948886,
125951992,
125953030,
125953879,
125954070,
125954331,
125956015,
125956421,
125956856,
125957230,
125957501,
125957506,
125957628,
125957698,
125957874,
125958429,
125958595,
125959060,
125959193,
125959205,
125959921,
125959973,
125960386,
125960577,
125961234,
125961685,
125962132,
125962554,
125963028,
125963340,
125963710,
125963917,
125965707,
125966123,
125966783,
125967257,
125968281,
125968745,
125968882,
125969101,
125971455,
125973429,
125975510,
125975846,
125976319,
125976510,
125976544,
125977238,
125977616,
125978021,
125979015,
125979577,
125979648,
125979850,
125980071,
125980849,
125981029,
125981135,
125981784,
125983423,
125983471,
125983644,
125984504,
125984562,
125984704,
125984840,
125985203,
125987115,
125987258,
125987422,
125989729,
125991125,
125991776,
125992376,
125998249,
125998273,
125999800,
126001775,
126002124,
126003517,
126008723,
126009674,
126013687,
126013934,
126014009,
126016084,
126016150,
126016917,
126017163,
126017242,
126017589,
126017885,
126018033,
126019381,
126019683,
126020436,
126020594,
126022706,
126023185,
126024020,
126028551,
126031229,
126034003,
126036227,
126036693,
126044183,
126047100,
126047771,
126048047,
126049031,
126050725,
126053237,
126055450,
126056985,
126059162,
126059893,
126060015,
126060424,
126060465,
126061366,
126062027,
126062454,
126063477,
126063788,
126064336,
126064701,
126065811,
126068374,
126069972,
126070018,
126070615,
126071180,
126071917,
126072941,
126074171,
126074559,
126074724,
126078815,
126079043,
126083694,
126087593,
126087603,
126088215,
126090176,
126095217,
126095304,
126096083,
126096851,
126097455,
126097590,
126098700,
126099802,
126101797,
126103095,
126104444,
126106876,
126106957,
126107148,
126107402,
126107506,
126107667,
126107688,
126108102,
126108404,
126108470,
126111363,
126112111,
126114521,
126123848,
126127151,
126130354,
126142185,
126143083,
126143946,
126149508,
126152964,
126154521,
126160284,
126167616,
126168613,
126173035,
126173508,
126174122,
126179159,
126181295,
126181849,
126183247,
126183456,
126185841,
126191118,
126193449,
126194963,
126195799,
126199624,
126200003,
126201127,
126203117,
126203528,
126204218,
126204926,
126204992,
126206032,
126206069,
126206943,
126211386,
126212617,
126213614,
126214069,
126217245,
126218706,
126222465,
126225603,
126225796,
126226771,
126227062,
126227111,
126227488,
126230223,
126230633,
126232771,
126233009,
126236365,
126237436,
126239389,
126239536,
126241844,
126243366,
126244759,
126244983,
126245080,
126245255,
126246624,
126247383,
126247987,
126249534,
126249621,
126249652,
126252288,
126259181,
126260120,
126260925,
126263758,
126267150,
126268587,
126269358,
126270187,
126270247,
126270857,
126271034,
126274246,
126274506,
126275949,
126279439,
126280578,
126284881,
126285386,
126290725,
126294831,
126296717,
126307626,
126309260,
126310143,
126310715,
126310765,
126311935,
126312338,
126314594,
126315810,
126317503,
126328308,
126331437,
126334281,
126334597,
126338896,
126341415,
126341853,
126342174,
126343528,
126345547,
126347320,
126348558,
126350534,
126358137,
126360503,
126361389,
126362367,
126363136,
126363291,
126365683,
126367240,
126369383,
126370794,
126374522,
126378138,
126382190,
126385661,
126386534,
126387819,
126389428,
126389633,
126389753,
126390964,
126394161,
126396771,
126397606,
126406433,
126409744,
126410961,
126412071,
126414410,
126415469,
126422299,
126424120,
126426565,
126427496,
126427889,
126428094,
126428764,
126430477,
126430856,
126431964,
126432017,
126433585,
126436624,
126437219,
126438103,
126439624,
126446020,
126446882,
126449547,
126451337,
126451396,
126451659,
126451917,
126452005,
126455251,
126455830,
126456221,
126456724,
126458474,
126460144,
126460761,
126461076,
126466908,
126467220,
126468545,
126468924,
126468964,
126469682,
126470886,
126471579,
126476835,
126492036,
126492869,
126496108,
126499154,
126501344,
126504033,
126504138,
126522213,
126525647,
126528460,
126531636,
126532355,
126533367,
126536315,
126539966,
126549504,
126550626,
126553796,
126554691,
126558358,
126559348,
126560225,
126560462,
126560466,
126561420,
126563814,
126568130,
126569373,
126569863,
126569882,
126570247,
126571750,
126571841,
126573915,
126573934,
126576510,
126576631,
126576955,
126578509,
126579313,
126580133,
126580147,
126580856,
126581437,
126581703,
126584512,
126588208,
126588385,
126588410,
126588495,
126589391,
126590600,
126590905,
126592143,
126595508,
126597661,
126600090,
126600209,
126602887,
126604282,
126604336,
126607333,
126608425,
126609349,
126610404,
126610653,
126611752,
126613799,
126615023,
126615280,
126618925,
126619310,
126619745,
126621614,
126623508,
126624574,
126630918,
126631937,
126634697,
126646901,
126646910,
126647864,
126648368,
126656356,
126659159,
126660613,
126660833,
126662351,
126662488,
126662723,
126666437,
126677668,
126681249,
126684050,
126685303,
126688541,
126688667,
126688711,
126688752,
126688763,
126689006,
126689260,
126690519,
126692323,
126692710,
126693370,
126694433,
126695358,
126696117,
126700464,
126701445,
126701858,
126702024,
126702996,
126704160,
126704797,
126707690,
126708149,
126708633,
126709942,
126711050,
126711341,
126712427,
126713135,
126715986,
126720418,
126720878,
126721510,
126723662,
126723912,
126725866,
126726261,
126726474,
126726509,
126726641,
126729204,
126729275,
126729510,
126731977,
126732361,
126738495,
126740557,
126741234,
126741488,
126742145,
126742347,
126742496,
126744707,
126744780,
126744959,
126745314,
126745648,
126746791,
126747288,
126747349,
126747445,
126748906,
126748968,
126750036,
126750673,
126752917,
126754319,
126754712,
126755338,
126755463,
126755609,
126755931,
126756470,
126757713,
126759331,
126760392,
126761195,
126763043,
126763838,
126764622,
126769396,
126770831,
126773671,
126774992,
126780863,
126782119,
126782825,
126783988,
126784729,
126786700,
126786759,
126787122,
126787263,
126787877,
126790362,
126791896,
126793093,
126799367,
126800238,
126807456,
126810379,
126811767,
126812293,
126812446,
126813600,
126814852,
126823104,
126832023,
126833370,
126833446,
126839039,
126841804,
126842100,
126842434,
126842649,
126844079,
126844566,
126852057,
126855450,
126860746,
126861442,
126862166,
126863406,
126869273,
126869997,
126872362,
126873808,
126873988,
126875413,
126880546,
126881201,
126881365,
126882634,
126883301,
126886424,
126887207,
126887415,
126889667,
126889685,
126891611,
126891936,
126895009,
126895074,
126896590,
126896781,
126896933,
126897466,
126897870,
126897986,
126898012,
126898852,
126898937,
126899101,
126899162,
126900477,
126900571,
126900860,
126904316,
126904344,
126905286,
126907951,
126909324,
126909829,
126911488,
126911964,
126912351,
126912439,
126915798,
126917687,
126917995,
126918180,
126919856,
126920464,
126921561,
126921857,
126923954,
126925129,
126925319,
126926385,
126930240,
126939411,
126943765,
126944598,
126945522,
126948150,
126950117,
126950372,
126951234,
126951454,
126953960,
126955432,
126959017,
126960878,
126965946,
126969659,
126976502,
126976735,
126978459,
126980442,
126981840,
126982580,
126984497,
126985790,
126986930,
126992042,
126996690,
126999754,
127002940,
127005780,
127005796,
127006026,
127006976,
127007843,
127008266,
127008973,
127009364,
127010291,
127010816,
127011942,
127013669,
127013694,
127013930,
127017923,
127020867,
127021308,
127023190,
127024085,
127024336,
127024489,
127025162,
127025611,
127026165,
127026212,
127026249,
127027672,
127027959,
127028206,
127028729,
127029677,
127033054,
127033559,
127033739,
127033841,
127033862,
127033910,
127034320,
127034358,
127034359,
127034383,
127034520,
127034771,
127034870,
127035056,
127035618,
127035907,
127036806,
127038458,
127039501,
127039742,
127042524,
127042556,
127043312,
127044523,
127046045,
127046885,
127047241,
127047909,
127050768,
127052357,
127052689,
127053359,
127053893,
127054063,
127054811,
127054930,
127055067,
127055345,
127055806,
127056141,
127056808,
127056974,
127057546,
127057638,
127057938,
127058082,
127058178,
127058546,
127058773,
127058793,
127059743,
127060286,
127060452,
127060663,
127060814,
127061456,
127061815,
127062161,
127062919,
127063646,
127063703,
127063741,
127065608,
127067487,
127068726,
127071188,
127075200,
127075616,
127077345,
127077708,
127078623,
127080232,
127085674,
127086344,
127100801,
127101761,
127102663,
127106074,
127109568,
127112469,
127113736,
127114618,
127115177,
127119161,
127120068,
127126449,
127129021,
127136975,
127144918,
127145438,
127152730,
127153378,
127153418,
127154770,
127156751,
127156795,
127157207,
127158976,
127159642,
127159741,
127162710,
127164580,
127166553,
127167249,
127168109,
127168654,
127169368,
127169729,
127170024,
127170606,
127171085,
127172007,
127174626,
127174902,
127175343,
127175681,
127177511,
127187068,
127187760,
127187882,
127189969,
127190574,
127191828,
127191876,
127192808,
127193351,
127198108,
127198620,
127198905,
127199053,
127200439,
127200700,
127200940,
127201255,
127202070,
127202269,
127202503,
127203455,
127204468,
127205057,
127205226,
127206907,
127206937,
127206986,
127207730,
127208137,
127208802,
127209573,
127209632,
127213381,
127213409,
127215230,
127215399,
127216448,
127217226,
127217661,
127219873,
127221041,
127224540,
127224843,
127226455,
127227625,
127227626,
127228504,
127230151,
127231420,
127232646,
127232998,
127233524,
127234373,
127235288,
127236067,
127236577,
127237074,
127238551,
127239386,
127239577,
127239766,
127240080,
127240487,
127241335,
127241838,
127242611,
127244869,
127250308,
127250861,
127251416,
127252187,
127252283,
127253724,
127254071,
127255360,
127255481,
127255532,
127255769,
127255860,
127255978,
127256612,
127256722,
127257329,
127257581,
127257951,
127257986,
127259434,
127260160,
127260168,
127260393,
127260775,
127261481,
127261690,
127262595,
127263135,
127264068,
127264789,
127265161,
127265339,
127265631,
127266264,
127266624,
127267605,
127268567,
127269884,
127270369,
127270581,
127271287,
127271494,
127271716,
127271751,
127272024,
127272072,
127272733,
127274303,
127274478,
127274721,
127274740,
127275110,
127275262,
127277747,
127278677,
127279901,
127280210,
127280281,
127280801,
127281430,
127282579,
127284111,
127284380,
127284888,
127287753,
127292572,
127294255,
127298993,
127301030,
127303510,
127308265,
127308891,
127309754,
127312000,
127312429,
127312662,
127312968,
127313082,
127315294,
127317007,
127317742,
127317892,
127318231,
127318267,
127319398,
127319456,
127320534,
127321088,
127321105,
127323448,
127324085,
127324777,
127324893,
127325142,
127325328,
127325867,
127326565,
127327917,
127328683,
127329004,
127329195,
127330135,
127330540,
127330632,
127331459,
127333747,
127333822,
127334065,
127336202,
127336556,
127337779,
127338724,
127339438,
127341115,
127341562,
127342221,
127342913,
127343682,
127345323,
127346756,
127348046,
127351399,
127352306,
127354667,
127355686,
127357709,
127357832,
127358478,
127361148,
127362296,
127365030,
127367294,
127367907,
127368027,
127368972,
127372141,
127379785,
127384230,
127385838,
127386753,
127386969,
127387058,
127387267,
127387580,
127389657,
127389662,
127389704,
127389716,
127389863,
127389914,
127389926,
127390585,
127390759,
127390896,
127391000,
127391020,
127391244,
127391248,
127391405,
127391622,
127391983,
127392024,
127392117,
127392898,
127393300,
127393868,
127395604,
127398046,
127398295,
127404962,
127406160,
127406807,
127408121,
127409258,
127411990,
127412215,
127413278,
127413844,
127414755,
127414769,
127416024,
127416538,
127417229,
127417837,
127419741,
127419927,
127420674,
127421093,
127421734,
127423891,
127424654,
127425002,
127425571,
127425720,
127430921,
127431120,
127431517,
127432539,
127432793,
127433219,
127433412,
127433495,
127433586,
127433606,
127433917,
127434336,
127435148,
127437389,
127439244,
127439719,
127439796,
127440050,
127440690,
127441124,
127442182,
127444436,
127444808,
127445180,
127446094,
127446137,
127446612,
127446801,
127447360,
127447689,
127448039,
127448678,
127449033,
127449210,
127450258,
127455130,
127455412,
127455433,
127456568,
127456600,
127456646,
127462225,
127463811,
127466112,
127467642,
127470987,
127472089,
127473128,
127473990,
127474187,
127476354,
127476807,
127477271,
127477952,
127478319,
127481022,
127484425,
127486935,
127487687,
127487968,
127492111,
127498322,
127499405,
127501529,
127502244,
127502617,
127503616,
127503872,
127505366,
127505904,
127506637,
127507094,
127507115,
127507136,
127507813,
127507881,
127508646,
127511101,
127512409,
127512996,
127513046,
127514586,
127515119,
127515774,
127516307,
127516346,
127516420,
127516786,
127518534,
127518700,
127522671,
127523880,
127532768,
127536434,
127536617,
127537412,
127538226,
127538251,
127538282,
127538986,
127539349,
127539353,
127539363,
127539364,
127539566,
127539701,
127539780,
127539846,
127540184,
127540215,
127540284,
127542142,
127542382,
127547944,
127550298,
127550527,
127550760,
127550793,
127551666,
127552511,
127552747,
127552928,
127561105,
127561615,
127561964,
127562114,
127562325,
127562593,
127562622,
127563392,
127563735,
127563867,
127563901,
127564403,
127566624,
127567139,
127567531,
127568090,
127568139,
127569134,
127569682,
127569970,
127570095,
127570303,
127570314,
127570846,
127571194,
127571210,
127571677,
127572596,
127574418,
127575374,
127575814,
127577060,
127577196,
127578425,
127579439,
127579840,
127580640,
127581298,
127581366,
127581498,
127581768,
127582079,
127583612,
127583817,
127585920,
127586178,
127587065,
127587861,
127588910,
127589259,
127589470,
127589876,
127590219,
127590466,
127590719,
127590811,
127590936,
127591617,
127592502,
127594188,
127597488,
127597765,
127601300,
127603147,
127607711,
127608110,
127622405,
127628111,
127632608,
127632629,
127633092,
127636914,
127637101,
127640110,
127643502,
127644407,
127644703,
127644841,
127647356,
127648200,
127648657,
127648738,
127648967,
127649966,
127652052,
127652969,
127654699,
127655577,
127656439,
127656469,
127656537,
127656970,
127657064,
127657897,
127658071,
127658072,
127658432,
127658438,
127658647,
127659100,
127659565,
127660595,
127660969,
127661018,
127662043,
127665347,
127667049,
127667678,
127671223,
127673751,
127674372,
127675018,
127675070,
127675795,
127675832,
127676247,
127677436,
127677665,
127677966,
127678024,
127678191,
127678830,
127679180,
127679269,
127680042,
127680340,
127680382,
127681069,
127681197,
127683760,
127686872,
127687755,
127690423,
127691302,
127693410,
127698618,
127699469,
127699659,
127702275,
127703726,
127704475,
127710979,
127712602,
127713161,
127716414,
127717219,
127719317,
127719967,
127720244,
127720554,
127723399,
127723554,
127724368,
127724515,
127725609,
127726964,
127727589,
127729967,
127733351,
127734207,
127734701,
127735216,
127739886,
127740806,
127742810,
127743294,
127743589,
127744202,
127744218,
127744933,
127745263,
127746093,
127746817,
127748329,
127748815,
127749374,
127749414,
127750083,
127750483,
127754511,
127755187,
127755318,
127755463,
127756317,
127757439,
127757460,
127757554,
127759114,
127759180,
127759362,
127759493,
127759785,
127761029,
127761068,
127761356,
127762208,
127762296,
127762297,
127763208,
127763360,
127763957,
127764817,
127765570,
127766072,
127766601,
127767088,
127769646,
127771559,
127772812,
127773197,
127774303,
127775034,
127780839,
127783597,
127786606,
127786865,
127787006,
127788054,
127788219,
127788278,
127788341,
127788366,
127788373,
127788438,
127788729,
127788872,
127789086,
127789361,
127789364,
127789788,
127790324,
127791493,
127793115,
127794879,
127800763,
127804480,
127804702,
127805584,
127806332,
127813239,
127814119,
127818073,
127819719,
127819872,
127823120,
127823832,
127823932,
127825312,
127825795,
127826114,
127829840,
127830258,
127830783,
127831649,
127833653,
127835992,
127836186,
127836570,
127838647,
127838821,
127845189,
127847522,
127851708,
127853285,
127853610,
127853649,
127854101,
127854133,
127854181,
127856532,
127857806,
127863099,
127864774,
127866933,
127872344,
127873839,
127874226,
127874571,
127876493,
127876752,
127881325,
127881505,
127882928,
127883813,
127885037,
127886564,
127886907,
127887688,
127887776,
127889372,
127891806,
127893183,
127893468,
127894131,
127896344,
127896684,
127898156,
127900190,
127900593,
127901014,
127907814,
127909825,
127909945,
127911736,
127912164,
127912926,
127913743,
127913931,
127918075,
127918993,
127919477,
127919657,
127919725,
127921083,
127921706,
127923074,
127923419,
127923490,
127925040,
127925210,
127925303,
127925458,
127925921,
127927817,
127928607,
127929928,
127934975,
127935398,
127936659,
127936890,
127937263,
127937360,
127937370,
127938533,
127940384,
127942706,
127942882,
127945694,
127951584,
127952800,
127957600,
127958356,
127959033,
127959173,
127962045,
127962064,
127963014,
127963942,
127964506,
127969436,
127976414,
127978028,
127979896,
127981758,
127981932,
127989975,
127990754,
128001038,
128002717,
128007248,
128008219,
128009487,
128016448,
128016868,
128017352,
128018466,
128019095,
128021222,
128021329,
128021655,
128021864,
128022851,
128023752,
128025467,
128027689,
128028176,
128029283,
128031250,
128032267,
128032338,
128032346,
128032761,
128033961,
128034050,
128034330,
128034353,
128034872,
128036915,
128037887,
128039670,
128040340,
128043425,
128047019,
128047275,
128048674,
128048884,
128049066,
128049465,
128049586,
128050260,
128050464,
128050615,
128051999,
128052005,
128052741,
128053240,
128053667,
128055020,
128055800,
128057002,
128057021,
128057635,
128057770,
128058645,
128059114,
128059481,
128060337,
128061916,
128062300,
128062330,
128062433,
128062615,
128062663,
128063370,
128063539,
128063824,
128063913,
128064661,
128065727,
128066168,
128066428,
128066789,
128066895,
128067693,
128067997,
128068024,
128068048,
128068069,
128068325,
128068697,
128068770,
128068852,
128069419,
128069632,
128070281,
128070571,
128071530,
128072413,
128073874,
128075383,
128075601,
128076590,
128078818,
128079465,
128079650,
128079808,
128080549,
128080851,
128081485,
128081781,
128082255,
128083227,
128085901,
128086219,
128086502,
128086712,
128087917,
128088025,
128088589,
128090605,
128091016,
128093139,
128093920,
128093982,
128094005,
128094109,
128095012,
128095793,
128096321,
128098411,
128099756,
128101114,
128101783,
128102157,
128102487,
128102530,
128102677,
128102883,
128103031,
128103057,
128103280,
128103314,
128103388,
128104514,
128105643,
128105888,
128106202,
128106268,
128107951,
128110526,
128112053,
128112080,
128115462,
128116788,
128118085,
128121647,
128121803,
128121883,
128122795,
128122877,
128124373,
128124539,
128125671,
128126128,
128126601,
128126616,
128126801,
128126846,
128127007,
128127175,
128128471,
128128789,
128129989,
128131522,
128132715,
128132932,
128132939,
128133293,
128133913,
128134165,
128134863,
128134881,
128135456,
128136403,
128136503,
128136652,
128136885,
128137907,
128138081,
128140571,
128142100,
128144874,
128147821,
128149308,
128150683,
128151672,
128152532,
128153528,
128154435,
128154726,
128154956,
128155851,
128155955,
128156324,
128156456,
128157395,
128158128,
128158472,
128158721,
128159431,
128159724,
128160208,
128160257,
128160584,
128160822,
128161275,
128161399,
128161495,
128161517,
128161979,
128162073,
128162428,
128162661,
128162836,
128162871,
128163138,
128163198,
128163307,
128163472,
128165342,
128166596,
128166698,
128167015,
128167487,
128167571,
128168375,
128168814,
128169221,
128169395,
128169544,
128169575,
128170418,
128170809,
128170815,
128171299,
128171737,
128171845,
128172313,
128172934,
128173326,
128173689,
128173694,
128173815,
128174499,
128175528,
128175820,
128175911,
128176471,
128177224,
128177570,
128181212,
128181741,
128182873,
128185095,
128186599,
128186628,
128186630,
128188355,
128190134,
128190879,
128191235,
128191361,
128191881,
128193031,
128194185,
128196215,
128196649,
128198270,
128207977,
128208980,
128209435,
128212435,
128212740,
128214997,
128219068,
128220409,
128220756,
128222341,
128222381,
128223476,
128225230,
128225611,
128226301,
128227130,
128229268,
128229309,
128229743,
128231674,
128232249,
128232368,
128232854,
128233059,
128233257,
128233572,
128238633,
128240813,
128243235,
128243834,
128245292,
128246218,
128246242,
128246356,
128246934,
128247000,
128247343,
128248889,
128249464,
128249684,
128249758,
128249970,
128250198,
128250392,
128250409,
128251139,
128251976,
128252362,
128252471,
128253004,
128253055,
128254649,
128258983,
128259666,
128260877,
128261209,
128262366,
128263308,
128265671,
128266467,
128266627,
128266939,
128267882,
128268274,
128268643,
128270266,
128271987,
128272392,
128273973,
128275415,
128276754,
128279529,
128279688,
128280886,
128282430,
128282538,
128284324,
128286475,
128286526,
128287242,
128289124,
128289199,
128289503,
128290714,
128291603,
128291794,
128292467,
128292833,
128295995,
128296744,
128297476,
128298273,
128298807,
128301041,
128301320,
128301439,
128301875,
128301892,
128301976,
128302309,
128302772,
128303229,
128303624,
128306436,
128307835,
128307963,
128308001,
128308071,
128309914,
128311097,
128311098,
128311401,
128311869,
128313287,
128313469,
128314958,
128315979,
128316328,
128316624,
128317713,
128318927,
128318932,
128319773,
128322073,
128322109,
128322564,
128322839,
128324481,
128324587,
128324854,
128325244,
128325260,
128325965,
128325974,
128326262,
128326654,
128327710,
128328070,
128328852,
128329631,
128329793,
128330069,
128330416,
128331539,
128332455,
128333953,
128334805,
128334998,
128335405,
128338598,
128339324,
128340225,
128342954,
128345698,
128347698,
128348878,
128350393,
128353995,
128354278,
128354334,
128355137,
128356551,
128356689,
128357122,
128357183,
128357562,
128357723,
128359844,
128359958,
128360025,
128362025,
128362094,
128363204,
128364152,
128364419,
128365113,
128366242,
128366593,
128367154,
128368113,
128368968,
128370451,
128370902,
128370988,
128371021,
128371041,
128373948,
128375505,
128375841,
128376046,
128376752,
128376795,
128376986,
128378048,
128378200,
128379790,
128379997,
128382374,
128382467,
128382472,
128382611,
128383362,
128383514,
128384138,
128385568,
128385653,
128386021,
128386282,
128386638,
128387328,
128388922,
128389185,
128389555,
128389738,
128389958,
128391025,
128392581,
128392966,
128393143,
128393210,
128395470,
128395881,
128396878,
128400013,
128403154,
128403713,
128404815,
128404853,
128405042,
128405327,
128408003,
128409504,
128411928,
128415733,
128418152,
128419189,
128419242,
128419305,
128419790,
128421139,
128421373,
128422049,
128422348,
128422865,
128423561,
128423847,
128424021,
128425012,
128425168,
128425852,
128426408,
128426800,
128426937,
128427184,
128427263,
128427292,
128427507,
128427643,
128428156,
128429332,
128429348,
128429453,
128429810,
128431616,
128431963,
128432004,
128434707,
128434757,
128435252,
128435289,
128435761,
128435827,
128437046,
128437133,
128437321,
128437600,
128437901,
128438727,
128438756,
128438918,
128438926,
128439051,
128439180,
128439797,
128441467,
128445518,
128446775,
128449370,
128449385,
128449704,
128450701,
128451172,
128453141,
128454444,
128456230,
128462136,
128463443,
128470671,
128471152,
128471868,
128474379,
128475712,
128476133,
128478537,
128478609,
128479366,
128479431,
128480339,
128480585,
128481585,
128481783,
128483486,
128484847,
128487158,
128488931,
128489270,
128491527,
128491631,
128499283,
128504160,
128505260,
128505967,
128506002,
128507500,
128508292,
128510924,
128514089,
128514575,
128515065,
128515628,
128515996,
128516324,
128517351,
128518193,
128523172,
128523712,
128525214,
128525545,
128525590,
128525755,
128528368,
128529899,
128530148,
128530338,
128530600,
128530788,
128530908,
128531075,
128531137,
128531238,
128531450,
128532984,
128534255,
128536253,
128538639,
128539080,
128539635,
128539737,
128540648,
128542332,
128542582,
128542838,
128542855,
128542993,
128543059,
128543124,
128543510,
128543623,
128543855,
128544162,
128544329,
128545787,
128546249,
128546313,
128546822,
128547432,
128547517,
128547658,
128548148,
128550042,
128550995,
128552838,
128558738,
128561373,
128562737,
128565743,
128566290,
128568387,
128569183,
128569965,
128570160,
128570909,
128570938,
128572979,
128573259,
128574323,
128574350,
128574351,
128575045,
128575094,
128577712,
128578261,
128578322,
128578752,
128578915,
128578932,
128579496,
128579554,
128579837,
128581173,
128581655,
128581729,
128582004,
128582066,
128582246,
128582360,
128583013,
128583261,
128584070,
128585885,
128587626,
128587998,
128589038,
128589332,
128589598,
128590234,
128590507,
128590563,
128590831,
128591474,
128592864,
128593512,
128593843,
128595095,
128596996,
128597249,
128598008,
128599435,
128600206,
128600691,
128600884,
128607595,
128610526,
128611059,
128611233,
128611532,
128612001,
128614631,
128615327,
128615787,
128616424,
128616605,
128616731,
128617020,
128618031,
128618514,
128618539,
128618764,
128619343,
128620312,
128621140,
128621340,
128624621,
128624883,
128625716,
128626740,
128627623,
128627887,
128629199,
128629242,
128629916,
128630073,
128630342,
128630889,
128632498,
128637767,
128638155,
128640390,
128640458,
128640478,
128640883,
128641770,
128643513,
128653732,
128653832,
128654104,
128654293,
128655469,
128656938,
128656941,
128657342,
128657636,
128658822,
128660141,
128661899,
128663588,
128664215,
128664570,
128664688,
128667347,
128667813,
128668998,
128669440,
128670395,
128673327,
128673444,
128673821,
128674055,
128674209,
128675394,
128675879,
128677079,
128677910,
128678815,
128678930,
128679384,
128679607,
128680057,
128680505,
128680567,
128680778,
128681599,
128681868,
128683326,
128685646,
128685746,
128685749,
128685752,
128686480,
128686572,
128686613,
128687349,
128687473,
128687742,
128687919,
128688143,
128688438,
128688707,
128688986,
128689523,
128690112,
128690129,
128691154,
128692353,
128692830,
128692999,
128694423,
128696556,
128696732,
128697173,
128697264,
128697523,
128697632,
128697915,
128699027,
128699886,
128702284,
128702596,
128705010,
128705395,
128707207,
128707294,
128707676,
128709228,
128710617,
128722147,
128722916,
128723641,
128723902,
128725583,
128725603,
128726473,
128729972,
128730470,
128733467,
128733874,
128734856,
128735064,
128736047,
128737501,
128737660,
128738084,
128738575,
128739120,
128739149,
128739320,
128739519,
128739545,
128739560,
128740165,
128740471,
128741557,
128742227,
128742278,
128744184,
128744340,
128745069,
128745406,
128745449,
128748765,
128749537,
128749558,
128749584,
128750010,
128750637,
128751020,
128751774,
128752047,
128752142,
128752751,
128752990,
128752994,
128753224,
128753227,
128753261,
128753336,
128753355,
128753514,
128753698,
128755019,
128755179,
128756607,
128758081,
128758441,
128758534,
128758791,
128759159,
128760092,
128760271,
128760388,
128761079,
128761621,
128762449,
128763322,
128763768,
128763915,
128764171,
128764524,
128766138,
128766914,
128767023,
128768086,
128768222,
128768628,
128768634,
128768644,
128769024,
128769157,
128769318,
128769544,
128769694,
128769850,
128770043,
128770141,
128770916,
128771048,
128771051,
128771310,
128771575,
128771634,
128771964,
128772118,
128772461,
128772699,
128772806,
128772878,
128773194,
128774090,
128774976,
128775214,
128775225,
128776550,
128776649,
128776889,
128777594,
128777841,
128778553,
128778795,
128779147,
128779562,
128779637,
128779903,
128780981,
128781424,
128781439,
128781950,
128782105,
128782278,
128783256,
128783863,
128784461,
128785414,
128785513,
128786575,
128786962,
128787173,
128790212,
128791347,
128793364,
128794318,
128794718,
128795364,
128797242,
128799165,
128800461,
128800702,
128803379,
128803988,
128805086,
128806298,
128806709,
128808721,
128808800,
128809242,
128810335,
128814839,
128816148,
128817709,
128819823,
128821762,
128824135,
128824992,
128826505,
128828164,
128828570,
128828912,
128829977,
128830873,
128835632,
128837386,
128838040,
128839254,
128839413,
128840392,
128844206,
128847109,
128849347,
128852167,
128852340,
128855902,
128856680,
128856712,
128856906,
128857404,
128858037,
128859541,
128859564,
128859650,
128860119,
128861215,
128861252,
128861662,
128863345,
128863632,
128864353,
128866149,
128868962,
128875952,
128878338,
128881178,
128881831,
128883318,
128884538,
128888527,
128889898,
128892030,
128894122,
128895116,
128895877,
128897207,
128897699,
128897811,
128897857,
128898273,
128898740,
128899797,
128900560,
128901278,
128904259,
128904431,
128904737,
128904912,
128905231,
128907664,
128908571,
128910568,
128910997,
128913428,
128914806,
128915782,
128915971,
128916571,
128918224,
128918411,
128920311,
128921309,
128921692,
128922039,
128923235,
128924460,
128926779,
128927453,
128928123,
128928809,
128929988,
128932674,
128933209,
128933713,
128939419,
128939537,
128942579,
128942605,
128942881,
128943203,
128943206,
128944331,
128944378,
128944480,
128944529,
128944612,
128944922,
128945670,
128945710,
128945770,
128945771,
128946065,
128946193,
128946387,
128946503,
128946804,
128946806,
128946932,
128947816,
128948091,
128948169,
128948243,
128948486,
128949624,
128949667,
128951908,
128954609,
128956564,
128958233,
128958391,
128958739,
128959928,
128960042,
128961794,
128962093,
128962200,
128962221,
128962375,
128962601,
128962795,
128964169,
128964335,
128967924,
128968335,
128969768,
128970604,
128970771,
128972128,
128972470,
128973244,
128974197,
128974282,
128974828,
128975082,
128975144,
128975755,
128976206,
128976321,
128976857,
128977021,
128977632,
128978047,
128978069,
128978157,
128978364,
128979822,
128979951,
128980143,
128983161,
128983459,
128986863,
128987919,
128989621,
128990105,
128990321,
128990586,
128991390,
128992819,
128993869,
128994271,
128994753,
128994828,
128995261,
128997053,
128997940,
128998143,
128998827,
129002578,
129003329,
129003471,
129004697,
129010228,
129010365,
129013771,
129014380,
129016084,
129019377,
129021530,
129023057,
129024447,
129025623,
129026644,
129027064,
129027830,
129028134,
129028167,
129028254,
129028316,
129028747,
129029483,
129029710,
129030057,
129030452,
129030659,
129031421,
129031764,
129032115,
129032238,
129032611,
129032631,
129032749,
129032760,
129032833,
129033163,
129035471,
129036194,
129036381,
129037114,
129044361,
129045821,
129046083,
129049829,
129051966,
129053393,
129053633,
129054589,
129054610,
129054783,
129054799,
129054955,
129055088,
129055183,
129055838,
129055897,
129057610,
129058279,
129062166,
129062369,
129062799,
129062950,
129063665,
129064667,
129065189,
129066006,
129068079,
129068866,
129069884,
129071574,
129071914,
129075011,
129076786,
129077230,
129077491,
129078474,
129079031,
129079660,
129080421,
129080554,
129081724,
129081860,
129082727,
129083166,
129083464,
129083984,
129086811,
129094729,
129096105,
129096782,
129098112,
129099355,
129100567,
129100753,
129100888,
129101181,
129101407,
129106598,
129107152,
129107988,
129108441,
129108879,
129109201,
129109750,
129109767,
129110781,
129111075,
129111391,
129111960,
129113154,
129113488,
129114473,
129114657,
129115042,
129115562,
129116743,
129118425,
129119929,
129120547,
129123317,
129123832,
129127792,
129128706,
129129742,
129130781,
129132930,
129133429,
129134359,
129137258,
129137382,
129137692,
129138169,
129138645,
129138880,
129140045,
129140102,
129141491,
129145484,
129146172,
129146205,
129146947,
129147779,
129148303,
129148720,
129151074,
129151270,
129152762,
129152802,
129153693,
129153852,
129155270,
129156960,
129160158,
129164647,
129165625,
129166549,
129167283,
129167779,
129168225,
129168825,
129169076,
129169696,
129169772,
129170772,
129170963,
129171813,
129172872,
129173018,
129174127,
129174168,
129174806,
129175610,
129176010,
129177711,
129179713,
129180364,
129181273,
129183489,
129184302,
129184616,
129187409,
129188239,
129189578,
129190748,
129190839,
129193408,
129195388,
129196399,
129198766,
129200389,
129200959,
129201247,
129202641,
129203341,
129203678,
129203963,
129205093,
129206636,
129206798,
129207222,
129207606,
129207835,
129207846,
129207968,
129208301,
129208649,
129209141,
129209799,
129211382,
129211585,
129211622,
129213108,
129214784,
129214850,
129215250,
129215959,
129216151,
129216576,
129216627,
129216936,
129217816,
129218405,
129221286,
129221826,
129222374,
129222432,
129223173,
129223308,
129224825,
129226245,
129226405,
129228432,
129230858,
129231802,
129232050,
129232115,
129233215,
129233282,
129233511,
129238082,
129238415,
129239870,
129240650,
129240927,
129241388,
129244120,
129246598,
129247389,
129247811,
129249501,
129249771,
129251847,
129252337,
129253556,
129253867,
129254050,
129257141,
129257455,
129257778,
129259081,
129259164,
129266751,
129270625,
129272471,
129273006,
129273178,
129273255,
129273476,
129273869,
129275187,
129275520,
129277288,
129277647,
129278384,
129278981,
129281885,
129282959,
129283819,
129284156,
129285406,
129285414,
129285556,
129286583,
129287038,
129287752,
129288640,
129291232,
129291468,
129292220,
129293030,
129293829,
129294301,
129294474,
129294627,
129294889,
129295566,
129296832,
129297836,
129300131,
129302038,
129302972,
129306821,
129307520,
129309604,
129309804,
129310791,
129313747,
129314961,
129319814,
129321050,
129321649,
129321707,
129322434,
129324481,
129325984,
129326197,
129326295,
129326473,
129327550,
129327893,
129327990,
129328553,
129329874,
129331023,
129336500,
129336951,
129337505,
129339699,
129339754,
129343506,
129345643,
129349335,
129350033,
129354998,
129358044,
129358876,
129364510,
129364576,
129365245,
129365354,
129365508,
129365852,
129366478,
129366952,
129367152,
129367469,
129367811,
129368168,
129369346,
129369568,
129369882,
129370376,
129372952,
129373687,
129374982,
129379813,
129381747,
129390230,
129390524,
129394173,
129394495,
129394733,
129394913,
129396382,
129397804,
129399504,
129400225,
129400351,
129401015,
129401638,
129402528,
129402884,
129403455,
129404012,
129404067,
129404492,
129405181,
129405321,
129405451,
129405564,
129406024,
129406352,
129406448,
129408035,
129409427,
129409557,
129410018,
129412032,
129412215,
129412594,
129412713,
129412885,
129413573,
129413623,
129413644,
129414768,
129415112,
129415933,
129419144,
129420741,
129421729,
129421875,
129422903,
129424519,
129424944,
129425833,
129426628,
129430041,
129430959,
129431549,
129432865,
129433098,
129433171,
129434917,
129436093,
129437703,
129439369,
129440593,
129442300,
129442829,
129443083,
129443546,
129445293,
129446627,
129448089,
129448250,
129449426,
129449457,
129449654,
129449930,
129450073,
129450226,
129450461,
129450795,
129451041,
129451051,
129451187,
129451333,
129451839,
129451994,
129452023,
129452050,
129452214,
129452252,
129452401,
129452598,
129452658,
129452916,
129452981,
129453006,
129454362,
129454563,
129454835,
129454985,
129455935,
129456164,
129458170,
129467132,
129468749,
129470813,
129473033,
129474005,
129474226,
129475651,
129475797,
129478561,
129480386,
129482490,
129483597,
129489189,
129489810,
129492908,
129496385,
129510773,
129512736,
129512871,
129515487,
129515560,
129516741,
129517766,
129519296,
129519416,
129520152,
129520545,
129523830,
129524613,
129525757,
129526763,
129527289,
129527503,
129528760,
129528925,
129530120,
129532767,
129533560,
129534082,
129534281,
129535077,
129535501,
129536634,
129536778,
129537598,
129541433,
129546029,
129546206,
129547177,
129547884,
129551083,
129552852,
129552948,
129555075,
129555293,
129556296,
129556985,
129557559,
129558450,
129558626,
129559530,
129559896,
129560658,
129561523,
129562279,
129562686,
129565365,
129567437,
129567611,
129568600,
129570359,
129572558,
129572715,
129573039,
129573389,
129573547,
129574537,
129574632,
129574714,
129575221,
129575332,
129575591,
129575626,
129578768,
129578972,
129579902,
129580658,
129581183,
129581387,
129581485,
129582366,
129582600,
129583074,
129583706,
129583800,
129584597,
129584680,
129586379,
129587236,
129587487,
129588190,
129589143,
129589239,
129589309,
129589680,
129590243,
129590571,
129590789,
129591452,
129592434,
129592550,
129592579,
129592844,
129593376,
129593502,
129593734,
129593790,
129594170,
129594282,
129595203,
129595730,
129596005,
129597261,
129597405,
129601467,
129602207,
129603350,
129607988,
129609337,
129612087,
129613598,
129613628,
129614250,
129616250,
129617043,
129618668,
129620890,
129620935,
129622764,
129625018,
129625769,
129625982,
129626611,
129628021,
129628186,
129628320,
129628999,
129629666,
129630876,
129631740,
129634435,
129634448,
129635580,
129636413,
129636931,
129637819,
129639209,
129639602,
129641969,
129642632,
129645303,
129647892,
129648451,
129651444,
129656007,
129656440,
129661212,
129664720,
129672465,
129672730,
129673195,
129673393,
129674451,
129674818,
129675159,
129675218,
129676190,
129676378,
129676538,
129676718,
129677189,
129677404,
129678110,
129679357,
129680940,
129681004,
129682401,
129682464,
129683203,
129686922,
129687040,
129688491,
129689056,
129689231,
129690089,
129693130,
129693347,
129693740,
129694133,
129695093,
129695527,
129695662,
129695693,
129696129,
129696489,
129697109,
129698227,
129698827,
129703735,
129703755,
129704665,
129712831,
129713793,
129714123,
129715359,
129715968,
129716174,
129717848,
129717955,
129718952,
129719915,
129720174,
129720397,
129721586,
129721821,
129722118,
129722471,
129723196,
129724095,
129726970,
129727046,
129727203,
129728155,
129729999,
129731281,
129731852,
129734371,
129735055,
129737057,
129737940,
129738265,
129740424,
129740913,
129745352,
129745378,
129745861,
129746786,
129748351,
129755924,
129756229,
129758196,
129758625,
129759818,
129760207,
129762063,
129762471,
129763491,
129766445,
129768544,
129770427,
129770607,
129771778,
129772053,
129773140,
129774050,
129776286,
129776508,
129777271,
129777389,
129777862,
129778765,
129779406,
129779724,
129779782,
129779912,
129780351,
129780568,
129780612,
129781264,
129781428,
129783266,
129784065,
129784575,
129789403,
129789813,
129790045,
129791835,
129791864,
129792531,
129793856,
129797227,
129798432,
129799036,
129799315,
129800049,
129805426,
129807154,
129807198,
129808757,
129808763,
129809164,
129809575,
129810632,
129811344,
129813751,
129814162,
129815207,
129815439,
129816596,
129818008,
129819451,
129821495,
129821757,
129823937,
129823983,
129824084,
129824094,
129824127,
129825124,
129825298,
129825710,
129825989,
129826620,
129826791,
129826806,
129827084,
129827507,
129827901,
129828272,
129828554,
129828840,
129829055,
129829481,
129831355,
129831384,
129832433,
129832546,
129832725,
129834212,
129835014,
129835262,
129835703,
129836179,
129836514,
129839546,
129840427,
129841275,
129841414,
129841709,
129842091,
129842878,
129843082,
129843430,
129847218,
129848300,
129849925,
129851406,
129853307,
129854497,
129860192,
129861710,
129864187,
129864271,
129864860,
129869218,
129869354,
129869803,
129872146,
129873201,
129874373,
129874787,
129876987,
129877747,
129879629,
129880634,
129881270,
129881495,
129883961,
129885171,
129885584,
129889312,
129891807,
129892222,
129892309,
129892788,
129893199,
129894475,
129894850,
129895019,
129896116,
129896304,
129896352,
129896546,
129897057,
129898263,
129900119,
129900460,
129900530,
129900642,
129901295,
129904096,
129904097,
129904149,
129904647,
129906299,
129906478,
129910334,
129910462,
129911364,
129913746,
129914032,
129915226,
129915727,
129916159,
129916323,
129919049,
129927267,
129928467,
129930931,
129930990,
129930995,
129931461,
129933744,
129934435,
129935230,
129937868,
129940358,
129941404,
129941479,
129942284,
129943816,
129944983,
129945335,
129948326,
129952498,
129953409,
129953593,
129954233,
129954871,
129955529,
129958761,
129962891,
129962920,
129964193,
129964648,
129967807,
129968415,
129970409,
129971690,
129975483,
129977057,
129977802,
129985518,
129988072,
129989368,
129989638,
129991109,
129993944,
129995248,
129995640,
129999117,
129999356,
129999405,
130000594,
130001411,
130001656,
130001955,
130002057,
130003379,
130003580,
130006071,
130006657,
130007764,
130007878,
130008640,
130008778,
130008835,
130009012,
130009553,
130009773,
130010168,
130010594,
130010885,
130011853,
130011950,
130012430,
130013171,
130013267,
130014088,
130015072,
130015073,
130015111,
130016282,
130017399,
130019170,
130020531,
130022177,
130023815,
130026967,
130027260,
130028947,
130030064,
130030870,
130031170,
130032062,
130035264,
130035761,
130036017,
130037038,
130038481,
130038551,
130040465,
130040960,
130041095,
130041365,
130042180,
130046438,
130047656,
130048950,
130049204,
130050032,
130052454,
130052896,
130053087,
130054256,
130055873,
130056477,
130056979,
130058666,
130059296,
130061463,
130063588,
130064297,
130066589,
130068808,
130069822,
130070558,
130070835,
130071724,
130071874,
130072101,
130072714,
130072755,
130073163,
130073313,
130073403,
130073628,
130073812,
130073826,
130074208,
130074269,
130074794,
130075287,
130077015,
130077872,
130079009,
130079376,
130082417,
130083210,
130083644,
130084110,
130084724,
130087939,
130089334,
130092042,
130094531,
130094793,
130095129,
130095466,
130096170,
130096701,
130096800,
130097256,
130097318,
130098085,
130098376,
130098395,
130099166,
130100947,
130101084,
130101194,
130102257,
130104223,
130104461,
130104957,
130107129,
130107257,
130107727,
130108355,
130108515,
130109738,
130111850,
130112582,
130114110,
130114139,
130114190,
130115250,
130115445,
130117804,
130120383,
130120453,
130120592,
130121319,
130121730,
130122259,
130122695,
130124614,
130124722,
130125151,
130125239,
130126068,
130127136,
130127244,
130127839,
130129611,
130130155,
130130479,
130131303,
130131394,
130131682,
130131841,
130132483,
130132898,
130132939,
130133294,
130133507,
130133838,
130133848,
130134082,
130134293,
130134657,
130135343,
130135841,
130136548,
130137911,
130137918,
130138889,
130139260,
130139298,
130139398,
130139501,
130141941,
130142417,
130143229,
130143268,
130143399,
130144042,
130144427,
130144519,
130144722,
130144789,
130144947,
130145265,
130145422,
130145484,
130145550,
130145720,
130145886,
130146075,
130146111,
130146306,
130146748,
130146843,
130146991,
130147532,
130148073,
130148280,
130150045,
130150146,
130150317,
130150659,
130150963,
130151008,
130151073,
130152231,
130152379,
130153364,
130154199,
130154371,
130154380,
130154412,
130154641,
130154788,
130154840,
130155020,
130155316,
130155661,
130156174,
130158311,
130158430,
130158940,
130159609,
130159611,
130160766,
130161514,
130162803,
130163163,
130165416,
130165741,
130165876,
130166708,
130168395,
130169026,
130169257,
130169650,
130170529,
130170819,
130171802,
130174835,
130174849,
130174980,
130175180,
130175187,
130175405,
130176333,
130176674,
130177057,
130177328,
130177496,
130178199,
130178353,
130179000,
130179469,
130180304,
130180906,
130181203,
130182797,
130182832,
130182902,
130183496,
130183648,
130183715,
130183815,
130183817,
130183922,
130184000,
130184049,
130184370,
130184554,
130185233,
130185715,
130186078,
130186226,
130186358,
130186620,
130187078,
130188217,
130190241,
130191545,
130191926,
130192734,
130193133,
130193886,
130195891,
130196241,
130196754,
130198825,
130199021,
130199749,
130201419,
130201972,
130202494,
130203616,
130203804,
130203916,
130204367,
130204803,
130205734,
130206479,
130207084,
130207528,
130208707,
130209033,
130211945,
130215147,
130215561,
130216165,
130216183,
130216414,
130217253,
130217259,
130218225,
130218296,
130218775,
130219322,
130219567,
130220306,
130220404,
130222461,
130224232,
130224768,
130224831,
130227473,
130227821,
130229407,
130230599,
130232670,
130232671,
130232973,
130233081,
130235369,
130237107,
130237187,
130239069,
130239088,
130240437,
130244165,
130245726,
130248504,
130249686,
130249742,
130249974,
130250571,
130250678,
130250983,
130251080,
130251171,
130251498,
130251846,
130251913,
130252073,
130252351,
130252858,
130252938,
130253262,
130253819,
130253826,
130254595,
130254601,
130255145,
130255652,
130256224,
130257477,
130259104,
130259522,
130260456,
130261112,
130262882,
130264745,
130266966,
130267245,
130269985,
130270007,
130273415,
130275699,
130277150,
130277285,
130277298,
130277491,
130277705,
130278026,
130278080,
130280394,
130280522,
130280598,
130281303,
130281394,
130281494,
130281714,
130281910,
130282051,
130282404,
130283654,
130284513,
130285131,
130285624,
130286899,
130287299,
130289643,
130293500,
130294866,
130297428,
130298274,
130301834,
130302164,
130304497,
130304664,
130305134,
130305669,
130308209,
130310945,
130311331,
130314050,
130314114,
130318704,
130319329,
130321989,
130323999,
130328022,
130328058,
130329957,
130330076,
130332091,
130333307,
130333475,
130335031,
130335232,
130335253,
130339111,
130339537,
130340019,
130340361,
130341309,
130348376,
130352505,
130352742,
130354619,
130355099,
130357092,
130357304,
130358203,
130360340,
130362298,
130365810,
130368104,
130369143,
130370169,
130370277,
130370481,
130371770,
130372253,
130372951,
130374651,
130375427,
130377048,
130377242,
130377428,
130377468,
130377830,
130378057,
130378109,
130380731,
130383781,
130383940,
130385899,
130388573,
130390107,
130390800,
130395019,
130395237,
130396648,
130398649,
130399801,
130400971,
130402415,
130402646,
130403291,
130403548,
130404151,
130405372,
130407617,
130408218,
130409042,
130409481,
130410189,
130410972,
130411318,
130413164,
130413206,
130413298,
130413473,
130413868,
130414487,
130416269,
130417274,
130417975,
130418554,
130419363,
130419854,
130421637,
130421933,
130422755,
130423276,
130423349,
130423476,
130423891,
130424998,
130425043,
130425231,
130425291,
130425391,
130425456,
130425457,
130426670,
130427879,
130428211,
130428570,
130429596,
130429955,
130431067,
130432139,
130432929,
130433039,
130433812,
130435083,
130435333,
130435470,
130435941,
130436150,
130436609,
130438324,
130438543,
130441517,
130443206,
130444509,
130445000,
130445053,
130447367,
130448811,
130449141,
130449189,
130449460,
130452282,
130453013,
130454677,
130456414,
130456927,
130458436,
130458819,
130459078,
130459093,
130459557,
130461149,
130461551,
130464229,
130464881,
130466822,
130467663,
130467908,
130469585,
130470933,
130474160,
130475018,
130476175,
130476189,
130476359,
130476714,
130476729,
130477073,
130477431,
130477645,
130478602,
130478720,
130479522,
130479701,
130480172,
130480662,
130480890,
130480902,
130481375,
130482356,
130483982,
130488539,
130488967,
130489009,
130490015,
130490319,
130492030,
130492895,
130493381,
130494574,
130494809,
130495600,
130495855,
130495924,
130495972,
130496071,
130496666,
130497071,
130497435,
130497626,
130498836,
130500636,
130500938,
130502040,
130505235,
130507670,
130508436,
130509943,
130511075,
130512205,
130516922,
130517455,
130517473,
130519199,
130520345,
130520790,
130520995,
130521238,
130521353,
130521403,
130521848,
130521918,
130522001,
130522522,
130522755,
130522764,
130522987,
130523536,
130523619,
130524193,
130524451,
130524525,
130525066,
130525067,
130525294,
130525439,
130526847,
130527265,
130528064,
130529122,
130529627,
130530317,
130531327,
130531461,
130537064,
130537319,
130537464,
130537602,
130538772,
130539015,
130540444,
130540530,
130541398,
130541552,
130544029,
130545693,
130547765,
130550140,
130552116,
130552344,
130556459,
130557914,
130559050,
130560211,
130560584,
130560644,
130561995,
130563060,
130563109,
130563207,
130563322,
130563963,
130564236,
130564611,
130564680,
130565698,
130566960,
130568142,
130568221,
130568357,
130569614,
130570729,
130571638,
130572464,
130572487,
130573842,
130576008,
130578354,
130579465,
130579466,
130582038,
130582686,
130582985,
130583229,
130585184,
130585268,
130586457,
130590620,
130592327,
130593879,
130596400,
130599534,
130603342,
130603702,
130603976,
130604871,
130605139,
130605734,
130606378,
130606502,
130607420,
130607576,
130608037,
130608322,
130609366,
130609799,
130610155,
130611553,
130612193,
130612859,
130612871,
130613073,
130614645,
130614841,
130615852,
130617582,
130617993,
130618797,
130618953,
130619368,
130619536,
130620088,
130620939,
130621042,
130621087,
130621318,
130621331,
130621624,
130622278,
130622318,
130622492,
130622509,
130623295,
130623724,
130623892,
130625550,
130626691,
130626731,
130626734,
130627048,
130627268,
130627350,
130628087,
130628164,
130629427,
130629512,
130631541,
130631625,
130631762,
130633382,
130635092,
130636484,
130636948,
130637744,
130639348,
130640884,
130642707,
130643014,
130643077,
130643171,
130643646,
130643842,
130644765,
130645563,
130645657,
130645746,
130646028,
130646455,
130646477,
130646640,
130646888,
130650239,
130651348,
130652054,
130652491,
130653651,
130654822,
130654843,
130654872,
130655215,
130655627,
130655845,
130656142,
130656213,
130656223,
130656991,
130657359,
130657918,
130658366,
130658383,
130658633,
130659476,
130659524,
130660597,
130660894,
130661109,
130661323,
130661648,
130663979,
130667981,
130668979,
130669241,
130669315,
130669410,
130669678,
130671239,
130671378,
130672569,
130672755,
130673575,
130674165,
130674383,
130674822,
130675256,
130675660,
130676427,
130676492,
130676899,
130677833,
130678304,
130679766,
130680053,
130680112,
130680351,
130680517,
130681419,
130682410,
130682635,
130683266,
130687111,
130690414,
130693219,
130694071,
130696520,
130700504,
130703097,
130704269,
130708067,
130709210,
130712447,
130713611,
130714401,
130717132,
130717450,
130717602,
130718005,
130718433,
130724464,
130728019,
130728047,
130729306,
130733139,
130733325,
130734305,
130734640,
130734945,
130735933,
130736809,
130737162,
130737554,
130739434,
130739839,
130740257,
130740573,
130740764,
130740791,
130740925,
130741065,
130741275,
130741462,
130741596,
130741663,
130741799,
130741857,
130742149,
130742349,
130742601,
130743041,
130743473,
130744099,
130745943,
130749068,
130749088,
130749259,
130751183,
130753952,
130757084,
130760855,
130761826,
130766507,
130768395,
130768564,
130768898,
130771905,
130775286,
130775446,
130775969,
130781088,
130784151,
130785135,
130786747,
130787196,
130787279,
130787343,
130787682,
130787740,
130788273,
130790493,
130792217,
130800190,
130800289,
130800666,
130800718,
130803898,
130811489,
130814450,
130815549,
130823326,
130827203,
130827683,
130829668,
130830275,
130830866,
130834099,
130835912,
130836668,
130840318,
130847518,
130851909,
130858120,
130860690,
130862186,
130863266,
130868534,
130871000,
130871346,
130874768,
130876169,
130876631,
130876695,
130878160,
130878933,
130879370,
130880272,
130880442,
130883890,
130884990,
130890130,
130890131,
130891405,
130894122,
130894768,
130895927,
130902660,
130908451,
130911496,
130911869,
130913036,
130913335,
130913687,
130914145,
130914666,
130914712,
130915497,
130915635,
130916106,
130916161,
130916798,
130917045,
130917573,
130918163,
130920079,
130921007,
130921538,
130922580,
130922991,
130923290,
130924170,
130925210,
130925318,
130926028,
130927293,
130927425,
130927978,
130928618,
130928830,
130929017,
130929082,
130929323,
130929536,
130930746,
130930955,
130931285,
130931351,
130932015,
130932529,
130932664,
130933411,
130933690,
130933714,
130934388,
130937716,
130940703,
130940993,
130943719,
130946833,
130947674,
130948638,
130949354,
130950066,
130952411,
130952813,
130953491,
130953671,
130954147,
130954425,
130954691,
130954693,
130954898,
130955267,
130958035,
130958260,
130958288,
130958990,
130959882,
130960014,
130961149,
130961175,
130961567,
130961710,
130963176,
130964954,
130968035,
130968915,
130970206,
130970675,
130973704,
130975750,
130975983,
130977072,
130977325,
130978706,
130979103,
130979478,
130981596,
130982276,
130983088,
130985188,
130986524,
130986755,
130991342,
130991682,
130991761,
130993693,
130999039,
130999444,
130999820,
131002019,
131003495,
131004312,
131007043,
131007331,
131007461,
131007742,
131008680,
131009483,
131010725,
131010769,
131011220,
131013556,
131013905,
131014400,
131020520,
131021396,
131022474,
131022862,
131024272,
131026031,
131028448,
131028996,
131030995,
131031167,
131031418,
131031650,
131032028,
131035138,
131035445,
131039864,
131040764,
131041010,
131041273,
131041408,
131041609,
131042755,
131044646,
131044718,
131049431,
131050122,
131052271,
131054084,
131055114,
131055926,
131056773,
131066488,
131068604,
131071410,
131072564,
131072683,
131074019,
131075627,
131075895,
131079637,
131081353,
131083683,
131084559,
131085443,
131085889,
131090844,
131091456,
131093852,
131095975,
131099550,
131099825,
131099861,
131100992,
131101736,
131102303,
131102340,
131105858,
131108454,
131109814,
131111887,
131114038,
131115800,
131119133,
131119350,
131120477,
131122508,
131122531,
131122535,
131122638,
131123271,
131124980,
131125519,
131129920,
131131143,
131132763,
131132871,
131133089,
131133358,
131133589,
131136032,
131136741,
131137216,
131137960,
131138189,
131138287,
131140388,
131141760,
131141862,
131142303,
131143386,
131143515,
131143693,
131144015,
131144728,
131146587,
131146940,
131152420,
131155266,
131155479,
131156071,
131160354,
131162459,
131164002,
131165985,
131167118,
131168622,
131168706,
131169435,
131170436,
131171253,
131171938,
131172419,
131172765,
131173020,
131173981,
131181331,
131183169,
131183418,
131187176,
131190804,
131191629,
131192793,
131193896,
131197770,
131202717,
131203216,
131203736,
131205295,
131209719,
131212539,
131212961,
131213200,
131216371,
131218974,
131219885,
131220122,
131220575,
131221771,
131222196,
131223223,
131223287,
131227189,
131227788,
131227997,
131228757,
131228922,
131229298,
131229975,
131230687,
131230847,
131230887,
131231296,
131231471,
131233054,
131233219,
131234245,
131236339,
131238997,
131242362,
131248680,
131251246,
131251330,
131252233,
131265657,
131276715,
131282491,
131282768,
131284619,
131285697,
131289655,
131291698,
131292300,
131294992,
131313062,
131313907,
131317245,
131325855,
131326790,
131331360,
131332024,
131333260,
131333831,
131334104,
131337950,
131340748,
131346703,
131347196,
131347613,
131348031,
131348560,
131350474,
131351735,
131352935,
131353150,
131353392,
131356531,
131358118,
131358610,
131358651,
131361691,
131363025,
131363369,
131363379,
131365277,
131365721,
131366053,
131366494,
131367646,
131367823,
131368765,
131369898,
131369953,
131370504,
131371198,
131371444,
131378050,
131380720,
131381744,
131388304,
131390180,
131394026,
131407988,
131410302,
131412186,
131415013,
131418491,
131420522,
131420573,
131422356,
131422592,
131422797,
131425207,
131426259,
131426718,
131430231,
131436727,
131437423,
131438019,
131440973,
131442474,
131442866,
131445430,
131448032,
131448587,
131452667,
131455374,
131457004,
131457740,
131458666,
131458705,
131466731,
131473824,
131478194,
131479747,
131479792,
131482399,
131483050,
131483212,
131484704,
131489689,
131490823,
131492006,
131493934,
131496362,
131497037,
131497740,
131498469,
131502155,
131505917,
131506791,
131511474,
131513826,
131515051,
131515089,
131519240,
131524257,
131524630,
131525521,
131525995,
131526976,
131527169,
131527720,
131527905,
131529660,
131531426,
131532805,
131533260,
131533340,
131533342,
131534041,
131534155,
131534580,
131535633,
131537661,
131542149,
131542203,
131542411,
131543784,
131544094,
131546587,
131547667,
131548975,
131549867,
131551882,
131555153,
131555331,
131557378,
131566144,
131566371,
131566926,
131567799,
131569629,
131570101,
131573483,
131574912,
131578600,
131578612,
131583544,
131587921,
131588872,
131589260,
131590310,
131590974,
131591024,
131591536,
131591782,
131591846,
131592282,
131592297,
131592472,
131592496,
131592573,
131592890,
131593274,
131593301,
131593514,
131593636,
131594301,
131594479,
131595211,
131595280,
131595469,
131595923,
131597013,
131597982,
131598164,
131599422,
131602519,
131602582,
131602957,
131603214,
131604382,
131608059,
131609889,
131611478,
131611625,
131612086,
131613370,
131614640,
131614894,
131615813,
131616093,
131616380,
131616593,
131616831,
131617329,
131617336,
131617403,
131617882,
131618172,
131618393,
131618972,
131619089,
131619499,
131619502,
131620291,
131620906,
131621438,
131621820,
131628928,
131629057,
131629250,
131629421,
131629436,
131629480,
131630126,
131630156,
131630166,
131630195,
131630255,
131630286,
131630290,
131630313,
131630330,
131630340,
131630397,
131631121,
131639778,
131641561,
131643040,
131666324,
131669647,
131671462,
131674034,
131676507,
131678782,
131680362,
131690560,
131690708,
131690938,
131691908,
131692897,
131692902,
131693028,
131693166,
131693303,
131693991,
131694052,
131694985,
131695038,
131696841,
131696990,
131698109,
131698752,
131699768,
131700283,
131700479,
131702224,
131702506,
131702731,
131705692,
131706322,
131706412,
131709184,
131715333,
131715460,
131715616,
131720562,
131723721,
131733224,
131735839,
131744176,
131748597,
131753204,
131755464,
131759852,
131763222,
131774314,
131779564,
131785912,
131790754,
131794786,
131802172,
131803213,
131805443,
131806663,
131808234,
131808709,
131809323,
131809742,
131812545,
131819513,
131821579,
131823577,
131824830,
131831654,
131833195,
131833445,
131834493,
131838536,
131845985,
131846392,
131846827,
131846936,
131847034,
131847227,
131847561,
131848110,
131848632,
131852354,
131854717,
131855411,
131856595,
131858150,
131859345,
131863636,
131864015,
131864588,
131869306,
131871775,
131871793,
131871812,
131871862,
131873644,
131882828,
131883037,
131886817,
131892939,
131893391,
131893471,
131894385,
131897150,
131897374,
131911797,
131914519,
131914697,
131916002,
131917474,
131917611,
131917651,
131922462,
131922543,
131923969,
131927358,
131927714,
131932905,
131934987,
131937698,
131939971,
131944895,
131951004,
131955081,
131962187,
131965611,
131974197,
131976149,
131978994,
131992734,
131997938,
132025258,
132037035,
132037429,
132038944,
132052706,
132060148,
132067494,
132070063,
132075695,
132087707,
132092838,
132107976,
132108814,
132114449,
132124594,
132134547,
132137078,
132145354,
132146276,
132147309,
132148177,
132150975,
132154872,
132162626,
132164868,
132165838,
132167885,
132168622,
132169400,
132169472,
132170916,
132171677,
132171790,
132172312,
132173240,
132174597,
132174774,
132176612,
132176920,
132177283,
132178440,
132178621,
132178877,
132180692,
132181050,
132182428,
132185731,
132189570,
132189572,
132189719,
132193213,
132193543,
132194517,
132198221,
132198532,
132198602,
132199144,
132199316,
132199534,
132200076,
132200218,
132200251,
132200694,
132200926,
132201020,
132202242,
132203569,
132203591,
132204296,
132205195,
132206033,
132207172,
132208941,
132210417,
132210502,
132211760,
132213878,
132213898,
132215223,
132215350,
132219255,
132222302,
132222741,
132227359,
132227403,
132230777,
132237797,
132238402,
132239882,
132239953,
132240547,
132240626,
132243783,
132250752,
132250822,
132250908,
132251671,
132252280,
132254818,
132257451,
132257711,
132258443,
132258455,
132258718,
132259393,
132259870,
132260623,
132260729,
132264806,
132270520,
132273244,
132274004,
132277358,
132277914,
132278428,
132279177,
132282791,
132283309,
132283469,
132283869,
132284151,
132284174,
132284292,
132284431,
132284628,
132285411,
132287462,
132289310,
132291762,
132292482,
132292565,
132295664,
132296111,
132301036,
132301493,
132302511,
132302591,
132303220,
132306017,
132309930,
132310267,
132310764,
132311290,
132321251,
132321984,
132322659,
132324458,
132324635,
132326511,
132327132,
132333971,
132337967,
132338161,
132340361,
132341804,
132343389,
132344179,
132344404,
132345722,
132348983,
132349635,
132354326,
132355548,
132355616,
132355935,
132356388,
132358703,
132361241,
132362838,
132366547,
132367127,
132372675,
132373332,
132373360,
132373801,
132375670,
132375804,
132375913,
132376674,
132378678,
132379241,
132379469,
132380856,
132385627,
132385922,
132386233,
132386347,
132386395,
132386702,
132388460,
132388650,
132390280,
132390333,
132391553,
132393472,
132395092,
132395803,
132397001,
132398072,
132403412,
132411170,
132418452,
132419620,
132420954,
132420959,
132424407,
132425478,
132425746,
132426464,
132431005,
132431193,
132431225,
132432186,
132433235,
132436000,
132438099,
132438451,
132439237,
132441764,
132442095,
132442997,
132443377,
132443604,
132443653,
132443752,
132443960,
132444096,
132444213,
132444743,
132445873,
132446396,
132448217,
132449559,
132449717,
132449842,
132449973,
132451571,
132451843,
132451926,
132451997,
132452520,
132452908,
132453743,
132454117,
132454281,
132454924,
132460227,
132460406,
132460552,
132468327,
132468593,
132469022,
132469612,
132470257,
132470328,
132471313,
132472013,
132476175,
132478069,
132480705,
132481479,
132481618,
132481701,
132482563,
132483962,
132491897,
132492547,
132493146,
132516993,
132526676,
132530599,
132535491,
132540902,
132543722,
132544319,
132557221,
132565934,
132573722,
132574667,
132579320,
132583651,
132588103,
132588977,
132589337,
132589394,
132589730,
132591558,
132591663,
132592078,
132593520,
132595995,
132600910,
132602607,
132602877,
132604838,
132605367,
132605454,
132605821,
132606471,
132609017,
132609086,
132610078,
132610465,
132620186,
132624161,
132630061,
132630825,
132635995,
132641264,
132643244,
132660159,
132699697,
133275310